timestamp,datetime,nodes,edges,components,density,bridges,diameter,transitivity,average_clustering,degree_assortativity,label_communities,lpa_communities,label_non_randomness,lpa_non_randomness,label_relative_non_randomness,lpa_relative_non_randomness,average_node_connectivity,burt_effective_size,closeness_vitality,common_neighbor_centrality,communicability_betweenness_centrality,constraint,degree_dist_entropy,degree_dist_entropy_norm,effective_size,nodes_intersect_rate,edges_intersect_rate,sampled_nodes_intersect_rate_mean,sampled_edges_intersect_rate_mean,sampled_nodes_intersect_rate_std,sampled_edges_intersect_rate_std,gini_betweenness_centrality,global_efficiency,information_centrality,jaccard_coefficient,ks_stat,ks_p,wasserstein_distance,mean_betweenness_centrality,mean_degree,min_edge_cover,powlaw_alpha,powlaw_k,powlaw_rsq,preferential_attachment,resource_allocation_index,shortest_path_length,wiener_index
1547942400,2019-01-20,1137,3240,1,0.0050169088409082,505,6,0.0244725377978986,0.1287069453321813,-0.1754008368733401,11,19,-5.212119748276381,-4.315611702630369,-72.74007025575855,-71.13188183401762,1.7588415276177736,0.9183548923129118,0.0017743910159257,80.05696976811193,0.0172452606492492,0.6055224387079383,3.0949559138859444,0.5329372761651995,5.248517960320563,,,,,,,0.932285668184844,0.354184385112184,0.0007575890907212,0.0689878149222592,,,,0.0017726152029554,5.699208443271768,906,-2.0665257709758107,0.620451037016141,0.8749006262088419,26.95643161275865,0.0037587498761893,3.0315,1940607
1548028800,2019-01-21,1222,3760,1,0.005040005040005,522,6,0.0280355791067373,0.1550525206031091,-0.1728022470055653,11,14,-6.388070142921947,-14.85181515784032,-78.36300406622252,-83.6850452116543,1.8528707252111507,0.9006126783995079,0.0016478896460672,87.6816404443737,0.0178788515445132,0.5892018301773754,3.1928214674902904,0.5405249032145601,5.599451883717966,0.9973614775725592,0.9920627137455617,0.9995,0.9984844361987218,0.0021794494717703,0.005735072786943,0.9391417129854,0.3608679704396285,0.0007312779201678,0.0654294089157932,0.0263118120301076,0.7955045213561729,0.5041909754759837,0.0016095593179653,6.153846153846154,982,-2.0736726917273063,0.6139765083411237,0.8380065119884617,30.932245770075887,0.0037860365027755,2.9656,2208543
1548201600,2019-01-23,1204,3686,1,0.0050897120432584,512,7,0.0274938315121607,0.1582217144712632,-0.173992484327887,9,14,-7.075949599548871,-14.589810335689434,-79.49872893300888,-82.78535040274578,1.8506502293546312,0.8989398097499811,0.0016722035989855,86.75977297877458,0.0179065518583724,0.5886308746166512,3.189525825487174,0.5444752770860968,5.56724351492652,0.9852700490998364,0.9928238650328772,0.9963,0.994645935793874,0.006878226515607,0.0048899893191706,0.9395412390924212,0.3623895358338576,0.0007434913830722,0.0680325729295427,0.0021423405886542,1.0,0.0649526129486515,0.0016239243259964,6.122923588039867,969,-2.0507438988575792,0.6185765010212501,0.8636644133810046,30.56720979292733,0.0038159670737602,2.9545,2135420
1548633600,2019-01-28,1148,3353,1,0.0050928190188615,509,7,0.02517569394541,0.1615099456894517,-0.1794619456828901,9,21,-6.807718999085218,42.395527491283104,-76.26282987896852,-49.07481462238966,1.7685615254458684,0.8968610985832227,0.0017553000137534,83.44721226416291,0.0177851413460742,0.6030889797015615,3.1061303983608517,0.5302390705849682,5.298434190388972,0.95265780730897,0.967150058350869,0.9838,0.9648319726905908,0.0123109707172099,0.0154906097647031,0.9428102212559109,0.365417181818824,0.0007612532956911,0.0787205471314955,0.0186168057693865,0.9838667773388554,0.3236771736488201,0.0016593320460086,5.841463414634147,932,-2.0828927521808507,0.607388093190297,0.862225667269663,27.58790733178123,0.0037667283314121,2.9182,1904620
1548720000,2019-01-29,1139,3205,1,0.0049452931764212,517,7,0.0247263039587062,0.1612940713879198,-0.1825322885485687,12,16,21.75373172017532,-12.881487879934216,-49.08830547903337,-76.49703334738709,1.7164750011958196,0.8967006468811957,0.0017718353793019,82.92068270907387,0.0174454419601251,0.6119363608549333,3.037906809285327,0.5278829183269471,5.089051214075972,0.9921602787456446,0.9816908427983108,0.9974,0.9829772991858412,0.0052191953402799,0.0111698879555871,0.9452737133523762,0.3658821207547509,0.0007522046514518,0.0819681669354034,0.0116720150018507,0.9999967529854784,0.2252281327529198,0.0016678684303738,5.62774363476734,930,-2.090987378787614,0.5877473894152676,0.8556611871828114,25.4719407771296,0.0036110485673689,2.9035,1871428
1548806400,2019-01-30,1076,2793,1,0.0048292556410478,497,7,0.0218511757757972,0.1670648665983627,-0.192029787773887,10,17,21.20629223568327,11.253805797626423,-41.80916438800512,-57.42900942292469,1.6348439526238436,0.8937358588903441,0.0018740347940317,79.54875864928192,0.0171970356953726,0.6244646060847612,2.9355965301048497,0.5125065114628434,4.672690413345063,0.9446883230904302,0.9663698452494164,0.9791,0.9503793048259568,0.0146352314638341,0.0187266592010563,0.9483743627239892,0.3712892053317075,0.0007732398578565,0.0973494775018978,0.0197688574403295,0.97794698871402,0.4869545776474814,0.0017350231724199,5.191449814126394,881,-2.1202797099591844,0.6022825772795853,0.8610556987657985,21.238508088686263,0.0034330352030809,2.8864,1651762
1550620800,2019-02-20,2588,12684,1,0.0037890080529863,824,7,0.0760667497021005,0.29095881801142,-0.3315267828211252,3,10,59.8871686589164,30.80316878953711,105.15829883869988,-89.90990523692234,2.496565277941246,0.7848319143646337,0.0007786644375753,191.469487581343,0.0190880174776536,0.4932508747261961,3.766507493363234,0.5609725595307804,7.566728492826733,0.8187732342007435,0.856428645134661,0.9027,0.8482813061575791,0.0250541413742319,0.0261119632475386,0.9659860458640754,0.3715459469807198,0.0004440825190986,0.042580884433722,0.1562602345397401,1.151644962959057e-16,4.667079399918412,0.0006995148694908,9.802163833075737,2099,-2.107862151361768,0.5997109051444149,0.8354054640461182,71.1890090059834,0.0025480110221547,2.8247,9377337
1551052800,2019-02-25,3014,18836,1,0.0041483586607998,789,7,0.0809728640079593,0.2985260251752412,-0.3402934602092942,4,8,39.748653951003405,38.2406111869532,-39.52127909907105,-96.99033406308568,3.198677000416906,0.7715571457302185,0.0006672930559423,227.64375175167717,0.0199373477639162,0.4297783180946297,4.200412866162826,0.5981476587383939,9.65636808756092,0.9934312210200928,0.9912396121359612,0.9966,0.9996083800343004,0.0058685603004484,0.0013509201899659,0.9631627436267994,0.3794200290592373,0.0004525732892945,0.0365087480554258,0.0915765069551777,1.2910821583068852e-10,2.717484813272214,0.0005828899820838,12.499004644990046,2333,-2.048481359035654,0.6319523705847266,0.8370459951787924,117.5107764573711,0.0028849742429552,2.7652,12482259
1551139200,2019-02-26,3071,19292,1,0.0040925034763581,804,7,0.0800877211071986,0.2970517533315622,-0.335216104191224,5,7,15.07241591658136,17.075918207074402,-117.56878306530356,-124.36097029521088,3.215300642662206,0.7725165955797988,0.0006549527108972,231.8188182384623,0.0197171451820174,0.4291531681135765,4.206514846796028,0.6019036535956344,9.723338286568842,0.9993364299933644,0.9933715817566664,0.9998,1.0,0.0014,0.0,0.962966017182688,0.3791911625754173,0.0004450451170368,0.0361173688707903,0.0031369942547499,1.0,0.1621310471895262,0.0005729424879177,12.563985672419408,2378,-2.0523795707854093,0.6259090995048535,0.8175800516759064,119.05525387922064,0.0028531548152406,2.7696,12972213
1551225600,2019-02-27,3127,20154,1,0.0041235797189606,804,7,0.0788910122942542,0.2990616941961061,-0.3370598670173582,4,7,40.90569029223762,63.32071782117619,-40.77191573237509,-54.01523920468664,3.313130370715013,0.7712423819526733,0.0006433488624125,236.8646417515977,0.0196988938823371,0.4225697395298062,4.254266394862102,0.6058165149038831,10.009995196817991,0.999348746336698,0.9928784841305344,0.9999,0.9997696969696968,0.0009949874371066,0.0013612084633762,0.962351342247816,0.3805078578722137,0.0004459084200555,0.0358508050406771,0.0113907952052985,0.9860155633587948,0.3645237741430708,0.000560063721726,12.890310201471058,2399,-2.033328319562961,0.6356987895014057,0.8373640962540513,125.98847503578438,0.0028942106429282,2.7528,13410384
1551312000,2019-02-28,3165,21279,1,0.0042498247464065,784,7,0.0798396193356388,0.289541010234277,-0.3252977169243417,5,7,16.4687811684976,64.8281278062512,-122.02988450291662,-56.97642889156226,3.4965135020161653,0.7774017185447637,0.0006353807241843,240.25514635751827,0.0198453735729881,0.4110207792308286,4.350362579737007,0.6147344833388003,10.528659954517408,0.9987208186760472,0.9935524142241552,0.9999,0.9999151515151514,0.0009949874371066,0.0003759747390281,0.9606292507216896,0.3813874697247044,0.0004554819094051,0.0343656877717394,0.0185422688089417,0.6417320609125016,0.5873048831686111,0.0005510393392265,13.446445497630332,2370,-2.0196437322188165,0.6454155050163767,0.8321649996047338,138.56275032587868,0.0030244399245016,2.7445,13702373
1551571200,2019-03-03,3333,23596,1,0.0042494045322899,782,7,0.0795677262255675,0.2920532601550822,-0.3130955498542275,7,11,68.3094646353624,65.56731525677586,-59.53227659574024,-101.78057383581324,3.723120031090744,0.7771951084639575,0.0006043766584172,250.86035188336015,0.0195859127002399,0.3964183170847697,4.461161086423572,0.6196339045377719,11.174245085769217,0.9873617693522908,0.9900642253521128,0.9991,0.9992089466089468,0.0028618176042508,0.0018868210196807,0.9580209123575962,0.378214700684588,0.0004518726452625,0.0306504681448653,0.0258230562392732,0.223807212511553,0.7739881097114374,0.0005259376280527,14.15901590159016,2436,-2.0091421497146986,0.6588957879606891,0.8315480660792699,156.05506094753255,0.0030665258324711,2.7715,15224166
1551657600,2019-03-04,3374,24137,1,0.0042418163979058,778,7,0.0793034296783014,0.2913542384162753,-0.3129752252002532,8,12,44.77494062025932,44.9760485174152,-106.95576044223132,-128.1661569598782,3.782242119020761,0.7776470467673737,0.0005956821880733,254.6869359905806,0.0194900812303124,0.3922958332833108,4.481863394233487,0.6225093559219952,11.312402100168288,0.9981998199819982,0.9892323978397198,0.9998,0.9995917955060816,0.0014,0.0007210971560334,0.9577863603859926,0.3793090795472811,0.000450407146219,0.0303422421524045,0.0078294136467588,0.9999285393799858,0.1994601949821519,0.000520479232517,14.307646710136336,2458,-2.0034464167208856,0.660605803887617,0.8323579132447945,159.76297864815285,0.0030703622170298,2.7725,15633186
1551830400,2019-03-06,3520,25445,1,0.0041083791883024,814,8,0.0806761027857835,0.2996322022705184,-0.3146742596606164,9,13,22.70767096324746,67.88596856306644,-144.88613824973862,-115.44940974359952,3.7862527125474696,0.7710098545786968,0.0005712029693041,265.6133314480251,0.0191880615309361,0.3928925678832352,4.484495201299494,0.6203634913676149,11.352087628305476,0.9967397747480736,0.9866435010382608,0.9997,0.9968817975675118,0.0017058722109231,0.0062070697923816,0.9598079670275766,0.3791232714926179,0.0004309440963958,0.0300761421462581,0.0055060085143072,0.9999999982548702,0.3018843967236118,0.0004973507629286,14.457386363636363,2565,-2.0037457662318032,0.6616254301994907,0.8354604881170087,162.0717631904695,0.0029539054791415,2.7611,16977290
1552262400,2019-03-11,3461,24264,1,0.0040524222843142,825,8,0.0827584395770676,0.3039101068668353,-0.3156754418275838,6,14,45.86470033583713,45.7165697858764,-82.95007848896611,-133.68280619767623,3.639219344203704,0.7691202473085705,0.0005823110858415,259.3799099683594,0.0191734028390859,0.401873937437389,4.427578310041339,0.609289716334222,10.97013490146761,0.9795454545454544,0.9660973225986886,0.9917,0.9829234457450586,0.0081308056181414,0.0121561763727468,0.9601336139763128,0.3765441734133596,0.0004268040040994,0.0297619320836937,0.0162877419820861,0.7343393575549819,0.4880243492422188,0.0005093382315581,14.021381103727249,2534,-2.0403238522665625,0.6498389262407878,0.8217446487687913,151.86641934134752,0.0028932666171506,2.778,16477674
1552348800,2019-03-12,3441,24050,1,0.0040635158789697,818,8,0.0828257195055833,0.3049418371670576,-0.3167736876396684,8,10,-1.1170965142106937,-0.371123154279843,-169.88697375738138,-169.31861870438453,3.626837114684077,0.7685886201810275,0.0005855534206436,258.0222017730184,0.0192170014146285,0.4022185016612169,4.421073175448796,0.61240753182553,10.931995670908169,0.9939323894828084,0.9866928257944102,0.9987,0.9972033395176252,0.00336303434416,0.0080871512858501,0.9606057556063032,0.3767515795260144,0.0004288010633387,0.0299181527333712,0.0032497289303545,0.999999999999999,0.0866774632701025,0.0005115270353468,13.978494623655914,2522,-2.0336812168302902,0.6497449229132265,0.819254176493622,150.80485183570363,0.0028989881281603,2.766,16271682
1552435200,2019-03-13,3423,23651,1,0.004038244399243,816,8,0.0835634004166447,0.3059880824798208,-0.3117479296457745,9,14,-22.73386144654945,44.98983197096364,-195.80165554617125,-132.16343042717477,3.580776583885303,0.7682640136524016,0.0005882509411844,256.2420554852289,0.019168999202945,0.4043880513118829,4.402562577105658,0.6123324068691127,10.796671933211933,0.993606509735542,0.9819731781455334,0.9976,0.994739270253556,0.0042708313008125,0.004228315802763,0.9602090497195324,0.3761185976487415,0.000426649767211,0.0297232529532922,0.0067253649284126,0.999997924847899,0.1804058447636431,0.0005170342788442,13.818872334209756,2515,-2.0112697758197604,0.6586664625835716,0.8439393117171679,147.14758030975628,0.0028744575379776,2.7833,16164794
1552521600,2019-03-14,3416,23283,1,0.003991722700169,826,8,0.0834231121210506,0.3056430444119403,-0.3133993273199811,6,12,45.20793163087204,43.877870829738825,-80.35235339802367,-125.25997956155048,3.5226744524946767,0.7686895778052221,0.0005893973690724,255.31342835524856,0.0190719817691019,0.4081761792490015,4.37890040560474,0.6090413430459082,10.640357086256506,0.9964943032427696,0.9856577520889376,0.9993,0.9932407338693052,0.0025514701644346,0.0095582618825868,0.960474375084398,0.3755080461613886,0.0004226574857888,0.0298314815668524,0.0079416962399965,0.9998813104437152,0.1963202157057185,0.0005193672207603,13.631733021077284,2521,-2.024986439616215,0.6542832072480819,0.8340241260984986,142.97293329915965,0.0028342585481986,2.7976,16123980
1552780800,2019-03-17,3360,22177,1,0.0039299182012787,858,7,0.0845968313703273,0.3098867983861654,-0.3143334288492339,7,13,21.467334462258805,64.28852075952597,-126.99100826682243,-106.55031348629974,3.373060824508428,0.7664142091880738,0.0005989211912242,250.42819825783664,0.0190695180519908,0.4204491862940633,4.303584402131062,0.6045259201007308,10.245519324466173,0.9803864168618268,0.9721350869551104,0.9951,0.9885023856277908,0.0068549252366455,0.0063424399991039,0.9610248426355146,0.3744391898713637,0.0004136408941903,0.0304371011521393,0.0195403981264637,0.5282250212853705,0.4497072599531643,0.0005317142111923,13.200595238095238,2497,-2.0143907340253344,0.6554090471883266,0.8506042734479838,132.96513787811048,0.0027633214684979,2.796,15675293
1552867200,2019-03-18,3344,21968,1,0.003930229129782,861,7,0.0846828233904613,0.3108909129554321,-0.3157076950425172,10,11,-0.4982263480166757,21.33339508378845,-162.5637150045567,-140.00088188668042,3.3490348682600364,0.7658691254271132,0.0006016223411449,249.480794216204,0.0190999918265182,0.4228347668331425,4.28886271267634,0.6051337141006748,10.185139538716438,0.993452380952381,0.9888145209233294,0.9993,0.997990244545178,0.0029171904291629,0.0026167833916796,0.9614673751089536,0.3748010520367836,0.0004129504567602,0.0307780326537057,0.0044471975393028,0.99999999999999,0.0996126680337369,0.0005340658418744,13.138755980861244,2492,-2.0155642407615293,0.6515860250889427,0.8459001899710126,131.4710058036529,0.0027584151006935,2.8005,15525840
1556409600,2019-04-28,4136,33168,1,0.0038787629309639,910,6,0.0777365500077207,0.3392837801755295,-0.3593565818745171,5,9,84.61717150373853,80.72854532159607,-1.539017005134091,-92.9814088038637,4.069124261213072,0.7328796401471163,0.000488185560782,316.2171188394664,0.0189898975194604,0.3779184437171153,4.602481884857899,0.6255452740217233,12.213039983592628,0.868122009569378,0.9375400765338644,0.9398999999999998,0.9364736712969146,0.0251592925178749,0.0135406568343885,0.9650421328326554,0.3839351586094452,0.0003846218057401,0.0289718161620167,0.0649559706810546,3.138975277353925e-07,2.9021683803318767,0.0004167166078584,16.038684719535784,3022,-2.0253808599612726,0.647102463130893,0.817737273371524,194.06179188289477,0.0027222979594381,2.7307,23236912
1556496000,2019-04-29,4137,33157,1,0.0038756020233501,912,6,0.0776942875178245,0.3398138775115753,-0.3594997159833824,6,9,54.34549517016623,80.69558395488787,-91.51520125474784,-92.95421183695127,4.066112227765754,0.7325385780558321,0.0004880649977032,316.29625504523017,0.0189819869584369,0.3782315243772495,4.603480668344183,0.6234649284419944,12.203921535882165,1.0,0.9946017976466406,1.0,0.9987979797979796,0.0,0.0113322844722529,0.9650954134956244,0.3839368800556274,0.0003842085495837,0.0289920829826079,0.0010254442968558,1.0,0.0188743466635534,0.0004166138197434,16.029489968576264,3022,-2.0289023764667284,0.6476201698958711,0.8198754476392565,193.817076752499,0.0027194178959782,2.7276,23248091
1556668800,2019-05-01,4143,33195,1,0.0038688121295739,914,6,0.0777601814660326,0.3417021725904988,-0.3590273607823957,8,11,55.23216599168112,79.30190796245662,-116.58241009234494,-113.58179121839632,4.062975683533848,0.730841118524115,0.0004873795547094,316.7426328923107,0.0189655094980506,0.378279474856309,4.597895172189495,0.6264290374302585,12.185045792156313,0.9970993473531544,0.9937569291361726,0.9998,0.9996502164502163,0.0014,0.0007956713620477,0.965085315348382,0.3839188609176272,0.0003834344088564,0.0290914235537402,0.0013479318147089,1.0,0.0597528844182948,0.0004161271292162,16.02461984069515,3030,-2.03085377693601,0.642249351342363,0.8085756931931481,193.52957344589737,0.0027108852481142,2.7386,23319804
1557100800,2019-05-06,4095,32734,1,0.0039050565674893,912,6,0.0778776948630631,0.3435467756505814,-0.3601938544759515,3,8,92.97934125706678,54.61970032916668,158.89811387994052,-116.45977966532108,4.04958744235735,0.7294086630252006,0.000492871160584,314.18394300367265,0.0191091341544455,0.3803410484982877,4.593166843995896,0.6227989540602406,12.120796660118504,0.9860004827419744,0.988504202446302,0.9986,0.996705368857946,0.003746998799039,0.0030960142512077,0.9651573583917334,0.3852733453654193,0.0003854474167174,0.0297934537713832,0.0044833113623844,0.9999999999941628,0.1411555216044661,0.0004202481742566,15.987301587301587,3001,-2.0415288781950323,0.6412103104715045,0.8062950923864788,191.7212971292129,0.0027270137399148,2.7286,22768206
1557187200,2019-05-07,4090,32604,1,0.0038990648773828,911,6,0.0778505514840154,0.344809133625423,-0.3611796650176881,6,8,54.00520223133725,54.58360131478061,-90.84661946719385,-116.09254105433676,4.034778022734978,0.728562170860561,0.0004934411693717,313.83644438937785,0.0191089196089475,0.3807158494296997,4.5837557391114006,0.6252636355481719,12.07763148712062,0.9987789987789988,0.9950367166726162,0.9998,0.9982925582354154,0.0014,0.0113225310179675,0.9652944966959373,0.3853132432110044,0.0003852221291758,0.0299082530597259,0.0025906720283248,0.9999999999999984,0.0601980469951156,0.0004206884501598,15.943276283618582,3001,-2.0241880128706176,0.6457104609846213,0.8153328820859139,190.4893267835226,0.0027197341550925,2.7347,22710073
1557273600,2019-05-08,4082,32448,1,0.0038956356706627,908,6,0.0778011411812779,0.3463401096804983,-0.3618734598732765,5,11,84.16241581816337,78.43927837276084,-0.848208084976249,-112.59848230358492,4.019016796207038,0.7276706543580049,0.0004943030753076,313.28395869544244,0.0191128602971276,0.3809939039091063,4.578949607785306,0.6238478451175078,12.038174027375875,0.997799511002445,0.9947898198730608,0.9995,0.9989549783549784,0.0021794494717703,0.001296758102275,0.965564851614619,0.3853852652536474,0.0003853450085775,0.0300661078261914,0.0032872567141328,0.9999999999999958,0.0699997244746762,0.00042134116146,15.898089171974522,3003,-2.038735373486792,0.6391833004893958,0.8044329874778277,189.2871904873077,0.0027153498902386,2.7239,22615393
1557360000,2019-05-09,4070,32231,1,0.0038924377582524,906,6,0.0776948571066452,0.3472681292803729,-0.3635578411083675,7,9,81.43711959825595,79.68743284313493,-59.66445031848414,-91.78458448650706,4.001390510016708,0.7267701637290697,0.0004956317696616,312.58596380326475,0.019128911669276,0.3813550190580866,4.570188398849479,0.6234129338573063,11.978837056249407,0.9968152866242038,0.9944689359289716,0.9998,0.9991574108431251,0.0014,0.000866119966522,0.9660816470058916,0.385653323693087,0.0003859047203582,0.0303685464043885,0.0026386593265574,0.9999999999999988,0.0908659940507296,0.0004220084219518,15.83832923832924,3003,-2.041320048822876,0.6389345154188966,0.802979782311084,187.5927151964602,0.0027087093849346,2.7268,22463120
1560729600,2019-06-17,4305,30663,1,0.0033097807080035,1049,6,0.0679432114341952,0.3183627818229558,-0.3135357453982868,8,13,53.38312429954853,76.05001674838368,-106.63238947416866,-117.5758740528983,3.618541269985191,0.7528941720776343,0.0004695507794282,323.3156902971794,0.0169261490170961,0.4038404357830442,4.4230015875977,0.5990220372321665,11.101549211655518,0.9051597051597052,0.9081360407282572,0.9635,0.9063895238202372,0.0188878267675241,0.0255238777311417,0.9639343923247474,0.3769940376680706,0.0003419025553017,0.0282385924390883,0.029339919583822,0.053093523532439,1.6792073670122578,0.0004092688780051,14.245296167247387,3178,-2.0771364308362315,0.6422529355319964,0.81873836320089,156.1565450978086,0.0023548081205272,2.7752,25502347
1560816000,2019-06-18,4301,30650,1,0.0033145347485441,1044,6,0.0679955113848286,0.3188544106669815,-0.3133786334623642,6,14,52.543363182685496,54.097212110182205,-80.64729209361374,-142.58285345759683,3.621678679376889,0.7526347060646548,0.0004699027972659,323.03638956906985,0.0169412204179951,0.4032748128455883,4.425779325629931,0.5993982356716222,11.106505828011496,0.9981416957026712,0.9911612796420698,0.9997,0.999979797979798,0.0017058722109231,8.805856451597376e-05,0.9638520286934044,0.3770203773936038,0.0003425959328432,0.0282557081717834,0.0009359031378867,1.0,0.0167034595579344,0.0004096255142489,14.252499418739829,3174,-2.0752855519326143,0.6430809269098813,0.8198077767969211,156.3141722996799,0.0023581664170931,2.7728,25453940
1560902400,2019-06-19,4302,30633,1,0.0033111562715945,1041,6,0.0679880660190744,0.3199155220184371,-0.313653846556349,6,10,52.53698197127393,53.45361711182535,-80.56173896299815,-123.33056744822164,3.6169890539332696,0.7520067931209633,0.000469765556106,323.0854383222833,0.0169357083112035,0.4031310119355334,4.423663552856818,0.6005253943822663,11.09498345357682,0.9995349918623576,0.9913943214688103,0.9999,0.9998525252525252,0.0009949874371066,0.0006867825257902,0.9638891484723272,0.3769885988133968,0.000342531738611,0.0282766417247555,0.0012478042633528,1.0,0.0172719933338019,0.0004095877425316,14.241283124128312,3180,-2.069211224808315,0.6439099060249311,0.823158453785169,156.03413655925104,0.002354922243194,2.7733,25468084
1560988800,2019-06-20,4346,30990,1,0.0032822531147777,1049,6,0.0674999271150506,0.3195028712257272,-0.31188117239653,5,16,81.97485788736458,53.95522490163628,13.661175768883172,-149.94243745091282,3.6217337265541056,0.7522283329615349,0.0004646398256044,326.7756334680907,0.0168320886394236,0.4025931434520065,4.4217491198505385,0.6017026384769298,11.113257091087055,1.0,0.9909565537341116,1.0,0.9980242424242424,0.0,0.0120362537759336,0.9641248257049668,0.3774182256074034,0.0003388975291584,0.0283393501140471,0.0013488091776788,1.0,0.104956373634181,0.000405821480165,14.261389783709156,3217,-2.064317222618256,0.6456857255598707,0.8210564766271662,156.50098265856028,0.0023352268518884,2.7835,26016913
1561248000,2019-06-23,4333,30774,1,0.0032789652048666,1047,6,0.0674920036478157,0.3226675672497072,-0.3129004864151835,9,15,28.740867781034066,32.940669131373966,-150.1235553117416,-163.90527208801166,3.602702338705364,0.7502940495122461,0.00046587759735,326.3398172263682,0.0168405759142437,0.4033668053502039,4.409945619837203,0.6015544430741607,11.056636687429195,0.9965485503911644,0.9900361697691544,0.9999,0.9987490826633684,0.0009949874371066,0.0016876833857794,0.9646947838175076,0.3780374556958492,0.0003385570078309,0.0286209712528219,0.002770346559633,0.9999999999999974,0.090709692809041,0.0004067291089816,14.204477267482114,3214,-2.0637309034502374,0.6435186774770664,0.8268465268771066,155.02874422844866,0.0023291136957464,2.784,25857289
1561334400,2019-06-24,4323,30695,1,0.003285697938654,1041,6,0.067527283403523,0.3226602925616333,-0.3129575869979645,8,14,53.59886069098131,54.31645586956357,-106.06180711548886,-142.3008333240104,3.604496915704266,0.7501279377744915,0.0004669163151598,325.8452505641528,0.0168661591001902,0.4029774638629945,4.412138262674948,0.5996747640934919,11.049958727485585,0.9972305561966304,0.9925697712292252,0.9998,0.9991130900845184,0.0014,0.0040687717305796,0.965055503030427,0.3783372330454108,0.000340013717258,0.0287343569031427,0.0009976745662227,1.0,0.0353924625280743,0.0004069788799199,14.200786490862829,3209,-2.0738433921380435,0.6403431901528834,0.8229657276135941,154.8850382781882,0.0023329682349096,2.7801,25710009
1561507200,2019-06-26,4290,30409,1,0.0033053602183935,1037,7,0.0673130446029518,0.3221716925443617,-0.3134311681686867,4,13,50.537080140216325,32.46288121305949,-31.55178104277484,-158.6897672352033,3.605739298394929,0.7500209643722364,0.0004697866641721,324.5019120602238,0.0169118938703225,0.402563461598051,4.410511331406394,0.5994536401017712,11.029380162464552,0.9921350913717326,0.9922055248936016,0.9989,0.9977069119047548,0.006307931515164,0.0025283396551959,0.9652293580978288,0.3796706223183693,0.0003414602221451,0.0291651201980889,0.0022989732913397,1.0,0.0960622075125791,0.0004108953546381,14.176689976689977,3189,-2.0709090865145385,0.6414069011758607,0.83097430941877,154.23910147297082,0.0023461508079055,2.7688,25375111
1563148800,2019-07-15,4359,29087,1,0.0030623500449187,1116,7,0.0771976107629527,0.3174547332920265,-0.3284562460153401,8,11,53.574696744401614,31.617297281379063,-98.70506583594894,-148.5514585906856,3.340879135664939,0.7569886608414506,0.0004629475841074,320.1220678866579,0.0162574027145223,0.4203222754484673,4.292303679386456,0.5891649562289752,10.395889487264608,0.9398601398601398,0.9130686829846468,0.9734,0.9372687489093208,0.0168653490921474,0.01798398918629,0.9653033118604596,0.3686647423842363,0.0003184973551417,0.0236989937903581,0.0322655321278858,0.0215034507177472,0.8703827945397005,0.0004205072082115,13.345721495755908,3266,-2.05137213856863,0.6514489632823469,0.8514550164967832,137.30043644778308,0.0021626322567832,2.8345,26856954
1563235200,2019-07-16,4380,29199,1,0.0030447309231168,1122,7,0.0773475548529348,0.3165656505882955,-0.3281388505453071,6,14,53.73861738195569,53.556767248654296,-69.46454182261004,-136.93085237649666,3.334120610927413,0.7577146400890907,0.0004607720431743,321.4105775007699,0.0162141211455704,0.4209924766519896,4.28553553515669,0.5889860173432765,10.387458473781638,1.0,0.9951946993244344,1.0,0.9999737373737376,0.0,0.0001389540710223,0.9652128339580576,0.3683695743578841,0.0003165132300372,0.0234827119952252,0.0017952150644077,1.0,0.0543655544975228,0.0004189455110076,13.332876712328767,3281,-2.0408665252507068,0.6577990113324987,0.85407434096528,137.06266884681645,0.0021502918588791,2.8283,27135709
1563321600,2019-07-17,4390,29421,1,0.0030539176684722,1125,7,0.0772154643260338,0.3170314284958963,-0.3286179504341291,5,11,81.01502492395655,31.95027793410525,23.069480413672203,-149.10180403526306,3.3531909085200056,0.7571996067297704,0.0004595541808974,322.6116498751664,0.0162202051194231,0.4202410593713872,4.298866833582648,0.58568864920852,10.443760760981522,0.9986301369863012,0.996005333053945,1.0,0.9998969696969696,0.0,0.0008277874843047,0.9652813671721664,0.3689040872122354,0.0003164734068391,0.0234647371053592,0.0026450733818038,0.9999999999999976,0.0868755265703621,0.0004180094929932,13.40364464692483,3291,-2.059698990660282,0.6534470695836299,0.8463643018126646,138.56963950192173,0.0021582796935617,2.8375,27269425
1563408000,2019-07-18,4405,29524,1,0.0030437709604621,1130,6,0.0770406475584633,0.316676118339205,-0.3279426139947584,3,8,85.0022697258008,53.961837649762565,178.69403997027115,-99.139035128344,3.3504172762146887,0.7575381649125459,0.0004582301154154,323.4089666772348,0.0161898928589497,0.4207067287467237,4.295769997894118,0.5874249627898059,10.449101486537693,0.9995444191343964,0.9961274080064598,0.9999,0.998781818181818,0.0009949874371066,0.0113354921511122,0.9653623841190224,0.3685547723152125,0.0003156479515127,0.0234315730789849,0.0009527897217647,1.0,0.0427341057350824,0.0004162143709995,13.404767309875142,3305,-2.0651015053554334,0.6486401398645794,0.835565993760514,138.64310517806817,0.0021521231144662,2.8388,27431598
1563667200,2019-07-21,4412,29974,1,0.0030803646944618,1114,6,0.0781635205905092,0.31843981703549,-0.3275635635499829,5,15,81.84496368866395,33.90262619879712,22.576036079659996,-160.0043737772055,3.393781679486276,0.7559288332003226,0.0004578099661709,323.82497192433914,0.0163525555777735,0.4166659900641889,4.318748484229794,0.589837598548041,10.58061166711174,0.993416572077185,0.9936110733873074,0.9995,0.9993290455576171,0.0021794494717703,0.0017477294343912,0.964852435233493,0.3684609682469977,0.000318216939051,0.023293652521026,0.0053770904446957,0.999999917424778,0.2035065855889998,0.0004150139731727,13.58748866727108,3298,-2.0625480391665763,0.6467707152238774,0.8380020549419098,142.35716544757838,0.0021786929569198,2.8358,27486968
1563753600,2019-07-22,4421,30107,1,0.0030814469403024,1114,6,0.0781664747989011,0.3192649736404951,-0.3278777493089721,7,13,79.86049808807516,33.5138495507033,-41.37394472447026,-155.88024197735726,3.3989753756495378,0.7551858807924211,0.0004568401252776,324.5881469313638,0.0163573620961184,0.4162483011903214,4.322962313295383,0.5904131066670747,10.60350115362253,0.99909338168631,0.9942587419700633,0.9998,0.9994159554730984,0.0014,0.0039885680388698,0.9650321722866256,0.3685771220831142,0.0003179931402329,0.023273559665824,0.001343880675003,1.0,0.054139324738552,0.0004139629441878,13.61999547613662,3304,-2.0469268316254503,0.6533540788925689,0.8551818302967555,143.02286735843845,0.0021794536884614,2.8461,27590459
1563926400,2019-07-24,4436,30290,1,0.0030792440247518,1108,6,0.0780145190862213,0.3208418307236949,-0.3273968036219943,11,14,32.94213340648906,54.88553454609212,-150.6114544964898,-139.14407884809896,3.415269248324918,0.7542744413032114,0.0004546454887294,326.69311284510167,0.0163187099994081,0.4148236966626393,4.325591996515301,0.5915029712583583,10.632882362254282,0.9966071024655055,0.9966549586957832,0.9998,0.999721212121212,0.0014,0.0006283964949632,0.9652415664134524,0.3697037510407131,0.0003172006533198,0.0232705399980404,0.0019746010974345,0.9999999999999996,0.0750338218955987,0.0004133547225394,13.65644724977457,3314,-2.0496995031125103,0.6531809501898996,0.8450419459012224,143.78938616474312,0.0021787228807999,2.8428,27839323
1564358400,2019-07-29,4475,30667,1,0.0030634603906369,1117,6,0.0777236763950511,0.323402327097802,-0.3291184584468846,6,13,55.0607846159761,33.80088395224712,-71.14836603402665,-157.13616975430674,3.4253105341101784,0.7522322441269741,0.0004507420232991,329.49702212017803,0.016258664057651,0.4141819738676939,4.334528330069652,0.5891264278321127,10.665105619304338,0.995942290351668,0.9951088191401734,0.9992,0.9990013579939944,0.0030594117081556,0.0025147494885708,0.9653628257621474,0.3696212288153159,0.0003150211237105,0.0230963810456369,0.0039867312138873,0.9999999999999412,0.1210592863871685,0.000409964629183,13.705921787709498,3346,-2.0708380472248917,0.6451161295502267,0.8362560168519344,144.88124640026743,0.0021669211603146,2.833,28340856
1564444800,2019-07-30,4473,30367,1,0.0030362057057111,1121,6,0.0778776227955348,0.3206941385550399,-0.3238353077845963,6,12,55.0716989998938,55.82804109023917,-69.78259181676951,-129.1858895198596,3.383942994080564,0.7553300743468686,0.0004504767626752,328.92963221101144,0.0161907092559235,0.4167825414412328,4.319099257882272,0.5856374461571471,10.588053792951062,0.9970949720670392,0.991519610517608,0.9994,0.9966630734018068,0.002764054992217,0.0029135309286439,0.9650814185969024,0.3691425218627523,0.0003125528776387,0.0231550313783365,0.00630948946316,0.9999874487584826,0.1554977537478232,0.0004109754327209,13.577911915940083,3343,-2.065105085412779,0.6564361302103275,0.8371892738714625,142.3044098434491,0.0021505486926814,2.835,28352514
1564531200,2019-07-31,4469,30050,1,0.0030098922789101,1136,6,0.0785557270968767,0.3149899660019685,-0.3184199693180367,7,12,80.34861763579703,55.86034002264683,-38.66734646446147,-128.03489648497106,3.33260521651893,0.760697788996486,0.0004512004373699,327.2509602968924,0.0161582910349718,0.4216417890194944,4.2956895654459135,0.5838476660103328,10.506970316018489,0.9950816007154036,0.9894728870421746,0.999,0.9962349618635332,0.003,0.0038588425782247,0.9643992817369136,0.3675895783673858,0.0003090841436861,0.0230164066618516,0.0080421866371396,0.9983865193925908,0.1516843784168922,0.0004122749920048,13.448198702170508,3338,-2.071561892784496,0.6483230989783181,0.8381348349029657,139.74651636939686,0.0021342147852559,2.8472,28325501
1564617600,2019-08-01,4469,30157,1,0.0030206096990047,1130,6,0.0787847711599144,0.3158420359561963,-0.319745806212903,9,14,79.7136315936364,55.39121279409631,-73.36656501894464,-137.89878821175856,3.347918106089638,0.7598734745359574,0.0004511985309968,327.26355391541034,0.0162011015923093,0.4205357837143489,4.297393818397233,0.5876470120845976,10.53495840828088,0.9984336540613112,0.9944225018641062,0.9997,0.999272067614925,0.0017058722109231,0.0016767636035744,0.9643754370524252,0.3676081335269512,0.0003106665534278,0.0230017812839849,0.0033564555829044,1.0,0.0666815842470358,0.0004117580335404,13.49608413515328,3335,-2.0538184043295846,0.655484130463166,0.838334205766774,140.6872578323256,0.002140520827543,2.8471,28297987
1564876800,2019-08-04,4610,30049,1,0.0028284752693141,1271,6,0.0779246697319981,0.303414465870789,-0.3161370674142982,6,9,55.487168099986114,79.40253078106406,-64.08315450631548,-69.94439185042141,3.191904079022981,0.769814336328464,0.0004371227606058,330.5700765562209,0.0155824058922076,0.4384009023012307,4.2245681001355,0.5755659990974213,10.21992830312613,0.993510852539718,0.9885570973090684,0.9986000000000002,0.9934331478045764,0.0034698703145794,0.0048628309646733,0.967196474176632,0.3599404289809824,0.000273717188584,0.0225438506390585,0.0224386943266435,0.1991301669301767,0.4714432370696449,0.0004216846735975,13.03644251626898,3485,-2.0785228300985814,0.6487349556092609,0.8405308879574314,131.9439124928637,0.0020060925609632,2.9471,31239349
1564963200,2019-08-05,4622,30034,1,0.0028124011214021,1279,6,0.0777892676888649,0.3026398797987668,-0.3160034033693765,5,12,82.43556072848307,55.78124023151959,33.37470004293925,-126.2493250627128,3.178443264718824,0.7704731030546363,0.0004351470051045,331.42066178819425,0.0155381717809137,0.4398258659125756,4.21340075988495,0.5761613833625366,10.187435737106624,0.9986984815618222,0.9961571732106116,0.9988,0.9987667285095856,0.0032496153618543,0.0055465102116411,0.9675028685112304,0.3599220728729965,0.0002780540037781,0.022646815448805,0.0030446670690304,0.9999999999999964,0.0605565572931792,0.0004199129103627,12.996105581999135,3497,-2.090526985448012,0.6392752653451469,0.8269430581559691,131.08714457197638,0.001993799473181,2.9492,31368909
1565136000,2019-08-07,4637,29816,1,0.0027739514275671,1312,6,0.0775120411090291,0.2972702031247811,-0.3150179009076593,8,13,55.08437250411672,33.57586977034062,-94.41504569670356,-153.54927659557086,3.137159412706774,0.7741825303416062,0.0004319230135463,332.4117908981928,0.0154110175770947,0.4447351966575316,4.193757517185299,0.5693149709192659,10.095465781399328,0.991129381220251,0.9923605093756344,0.9983,0.9967325241155506,0.0049101934788763,0.003732653887845,0.9672656874021388,0.3598148673321625,0.0002762665805039,0.0230063700786589,0.0062243219482597,0.9999862829433042,0.1574439299644853,0.0004167124701725,12.860038818201422,3512,-2.101452819902193,0.6401890077772638,0.8320064482003074,128.4693371895044,0.0019673784176489,2.9346,31481215
1565568000,2019-08-12,4659,29680,1,0.0027352794182849,1351,6,0.0772374150140927,0.2950211607572198,-0.3148988827455758,9,16,79.12029938218707,54.32475499955021,-67.4505906330036,-142.24042589421123,3.1014869764112563,0.7757967872937768,0.0004303706354281,333.50218275705123,0.015272320060966,0.4488541538223168,4.169328507039138,0.5687322031281054,10.01103421717989,0.989001509596722,0.9923275094985876,0.9963,0.994965543930787,0.0061081912216301,0.00442076660164,0.9680920158139934,0.3592777841782064,0.0002725334658781,0.0231681329140986,0.0059657144306624,0.9999952831670448,0.1464785125827211,0.0004162585407528,12.740931530371324,3541,-2.0906909304180625,0.6427729006389523,0.8400910266243429,126.21931663150552,0.0019398345892791,2.9422,31866656
1565654400,2019-08-13,4676,29721,1,0.0027191758576048,1361,6,0.0773182496775089,0.2945396757371948,-0.3147642846827382,10,16,55.68444844125637,54.45942829300394,-111.54180482117542,-142.13574227786816,3.08981111878611,0.776308698822435,0.0004288954636764,334.10612275535203,0.015223743279757,0.4499684514473359,4.163599947900601,0.5693513725516346,9.988476579940976,0.999141446662374,0.9967650109373132,0.9998,0.9990178519892804,0.0014,0.0030915099506724,0.9681240876948792,0.3586176355564621,0.0002707034217376,0.0231078895763112,0.0019361057114911,0.9999999999999996,0.0502614493210249,0.0004155864982848,12.712147134302825,3557,-2.078294311161872,0.6476243539117736,0.8496390999907594,125.66930741900158,0.0019279111165167,2.9471,32138068
1565740800,2019-08-14,4664,29577,1,0.0027199452350885,1360,6,0.0773052606375649,0.2946053999108592,-0.314844214000692,9,17,78.95661199376525,-6.0959736294465365,-67.0520959778534,-193.97278563914648,3.084779581163195,0.7763163521775516,0.0004297446080288,333.43697348130735,0.0152170076984279,0.4504243177573758,4.159915210037141,0.5695564192661977,9.965629865915476,0.9957228400342172,0.9974426124220712,0.9994,0.9981473098330242,0.0023748684174075,0.0047484107274971,0.9680746033905518,0.3588192317691738,0.000270636432984,0.0232389478875936,0.0015459769018688,1.0,0.0500453393629212,0.0004177699022502,12.68310463121784,3549,-2.0769781022731224,0.6481165368161017,0.8518598540922242,125.10439641555996,0.0019279610546206,2.9533,32043690
1565827200,2019-08-15,4652,28262,1,0.0026124431122071,1355,6,0.0753505732567356,0.2827313584677396,-0.2947664404136039,8,15,54.51940042385195,33.61983904677798,-88.28381734602422,-153.2053925370441,2.98862123974855,0.7877081894757977,0.0004323567385749,330.89500718260035,0.0147372328401918,0.4542279751074017,4.112071496493313,0.5609218553233501,9.667002476715618,0.9961406518010292,0.9826547553898928,0.9995,0.984620449391878,0.0021794494717703,0.0075346491442809,0.9676302894665568,0.3569717160004802,0.0002690005901573,0.0229345508314906,0.0128121363540497,0.8319856750342135,0.5503514598933039,0.0004204427538473,12.150472914875325,3542,-2.1120309901654664,0.6418816695360068,0.8323258248516512,115.9820202365828,0.0018683517165433,2.9656,31949896
1566086400,2019-08-18,4629,28318,1,0.0026436992146575,1332,8,0.075666803883643,0.2826524574482121,-0.2937360835452853,9,16,77.96477009669104,53.45526114992567,-63.2981559887339,-138.24179849838953,3.013095264101985,0.7882219600035554,0.0004345367557818,329.80185934619897,0.0148367173945573,0.4514974831327631,4.127343640417121,0.5602990909677021,9.745638519896806,0.9868873602751504,0.9927732055091212,0.997,0.9980064972255692,0.0053851648071345,0.0021914768474928,0.9668214736894344,0.3575720996639097,0.0002728647669716,0.0227697128700715,0.0041770014341898,0.9999999999970308,0.1160164145178421,0.0004223081718015,12.235039965435298,3511,-2.1200919333634016,0.6396520501949874,0.8291215194768189,117.70475854211308,0.0018947322048719,2.9554,31632747
1566172800,2019-08-19,4626,28315,1,0.0026468491838141,1336,8,0.0759649831682913,0.2821518147438055,-0.2941679189740827,10,15,54.7375713393909,33.439719083473285,-107.75799361186732,-153.678040432728,3.009848915062922,0.7885635051340553,0.000434883400563,329.68694355854024,0.0148718784716666,0.452301600567796,4.125045194868081,0.55932517151501,9.748285557905586,0.9974076474400518,0.99787969935537,0.9997,0.9992928880643166,0.0017058722109231,0.0011819301287758,0.966816759578492,0.3576800518612077,0.0002729998848133,0.0227619361327324,0.0012660554520239,1.0,0.0349460444908459,0.0004222116977829,12.24167747514051,3507,-2.116789386396945,0.6414485752879834,0.8344495178948892,117.76564998111404,0.0018965410598656,2.9532,31573423
1566345600,2019-08-21,4609,28080,1,0.0026442829247125,1333,7,0.0766979950874968,0.2824927061264056,-0.2936263765492091,8,13,54.77313888533044,33.0682167876745,-87.7959661330536,-148.25402263135032,2.9906897321966683,0.7886580883480844,0.0004368882521677,328.1400510469357,0.0149009666139978,0.4537819364661434,4.117376088344613,0.5576301440648574,9.697803723802156,0.993731085170774,0.9940415978710904,0.9967,0.9962505528140652,0.0061733297336202,0.004483706539287,0.9671421761546184,0.3573165170694717,0.0002733369104775,0.0227689086234402,0.0032797820238734,0.9999999999999964,0.0908552478716667,0.0004232489231839,12.184855717075289,3502,-2.1123590011276647,0.6443440102710145,0.8457102981569486,116.58695431314877,0.0018925486449606,2.9523,31307046
1566777600,2019-08-26,4640,28338,1,0.0026330362518675,1353,7,0.0763444861229963,0.2828200074347575,-0.2960378642386328,10,14,55.18184049447974,54.50617739490339,-107.06218772590124,-130.22170527257558,2.996471538158491,0.7877317489526328,0.0004345431087086,330.7877890193742,0.014860011001504,0.4542851729887538,4.116178694205498,0.5601212356502235,9.71335228828746,0.991104361032762,0.9946680231325234,0.9975,0.9967225290739457,0.006062177826491,0.0044899961149168,0.9678515411458722,0.3577833779292445,0.0002711328315407,0.0229121432001603,0.0033513422015397,0.9999999999999968,0.1087624662392067,0.000419454456842,12.214655172413794,3530,-2.1024192903178025,0.6448126053763298,0.8486466608775206,117.05105606018628,0.001883241092658,2.9583,31681579
1566864000,2019-08-27,4657,28561,1,0.0026344150290697,1353,7,0.0761231032246013,0.2805909327979511,-0.2948516117946899,7,14,30.78675124045547,54.44382519184677,-123.0269183438483,-130.98458427522843,3.012363238431301,0.7892497422574278,0.000432580404291,331.96522256295896,0.0148542167143525,0.4531056511202767,4.125821443264076,0.5600924482077505,9.7666233278013,0.9959051724137932,0.9963244214488534,0.9994,0.9988479488765204,0.0023748684174075,0.0017216968195031,0.967193108883962,0.357747549366702,0.0002715650122517,0.0227871666495146,0.0034747469511969,0.9999999999999938,0.0964044671351281,0.0004170295372659,12.265836375348938,3530,-2.1115440482958308,0.6416491456333479,0.8407434311797121,118.17280719804567,0.0018878391869353,2.9439,31859873
1566950400,2019-08-28,4666,28603,1,0.0026281200483854,1365,7,0.0761575858935792,0.2796717912682969,-0.2948790836345777,7,14,30.86915357703285,54.54479875599175,-122.92977869417832,-130.95632359776548,3.007701329863844,0.7896710457802618,0.0004317340910233,332.4565034640979,0.0148358841498877,0.4540444789356031,4.123126117429658,0.5597265497639917,9.76201060736406,0.9984968864075584,0.9964833690676916,0.9999,0.9991552257266544,0.0009949874371066,0.0040018378461272,0.9671879938821774,0.3575842959944553,0.0002704860964311,0.02273709610452,0.0020138924107167,0.9999999999999992,0.0357880200254441,0.0004165610439504,12.26018002571796,3539,-2.110105562748356,0.6421827259646863,0.8457802205303256,118.06629364112348,0.0018831937624684,2.9541,32000270
1567036800,2019-08-29,4670,28612,1,0.0026244448898218,1369,7,0.0762543348506903,0.2795524463061246,-0.2945985550169522,10,16,55.46154726137353,54.048901523301126,-107.41094511020935,-138.4957255669344,3.005433441125873,0.7897517235551721,0.0004320337630963,332.6498389056851,0.0148209189700011,0.4543515158730248,4.122220069580919,0.5589421057275711,9.757884759529308,0.997428204029147,0.996768884799314,0.9991,0.9993486678270184,0.0031921779399024,0.0010132396924325,0.9672237170325096,0.3574852098253734,0.0002699815102345,0.0227084773188819,0.0009681407530534,1.0,0.0414396917516091,0.0004163929708251,12.25353319057816,3542,-2.124708890464141,0.6372965403352284,0.8303492175746671,117.9539755495538,0.0018806874761059,2.9527,32064801
1567296000,2019-09-01,4655,28445,1,0.0026259706605823,1371,7,0.0762103575598211,0.2797734209253399,-0.2959918651387117,7,16,30.866799369464424,54.09976513946771,-122.45970173732016,-137.97039469206916,2.9940265052710973,0.7897586074970302,0.0004331033039317,331.40102685736537,0.0148381005160758,0.4554575607820295,4.113740887847896,0.5604666152892988,9.731350127096691,0.9944325481798716,0.99459236144619,0.999,0.9979866381041638,0.0033166247903554,0.0022354870147089,0.9673556931990072,0.3572923639133133,0.0002703685705093,0.0227036697097712,0.0024122711182974,0.999999999999999,0.0679359763741024,0.0004170632832505,12.22126745435016,3538,-2.0928138365027573,0.649587534799393,0.854003955190455,117.3055672387525,0.0018810354026307,2.9486,31815870
1567382400,2019-09-02,4651,28378,1,0.0026242940008276,1371,7,0.0760924359735027,0.2794531343587967,-0.2968062682300776,12,15,54.92330965798713,33.733815721066634,-120.4896318211835,-153.51673807420093,2.988423809887109,0.789943789939468,0.0004335314853154,330.9292002602313,0.0148351024899589,0.4557130220462947,4.111952240935544,0.558209663023346,9.71980753709551,0.9967776584317938,0.9952638239513568,0.9992,0.9991430220573078,0.0027129319932501,0.0012852325531224,0.9673617731577948,0.3570912495460888,0.0002705961578087,0.0226648864640754,0.0019137748231499,0.9999999999999988,0.0354726851529867,0.0004172784168258,12.202967103848636,3540,-2.112893728643091,0.6436264175142326,0.8394505148543262,116.9850612835352,0.0018801615239402,2.9495,31749310
1567555200,2019-09-04,4720,29002,1,0.0026041498306521,1363,7,0.0752484663810377,0.2856907896916493,-0.2964774109370855,10,14,55.78202683595728,54.7918674135416,-107.91296322136262,-131.72560025839056,3.0161526968152548,0.7862289328899479,0.0004262597560506,335.8672074842667,0.0147269663394107,0.4518157417363211,4.1308260653963,0.5587998768380171,9.786861738923028,0.9961298645452592,0.9920277934037078,0.9982,0.997283347253303,0.0047707441767506,0.0026048704009934,0.9672738097016332,0.3571122150985324,0.0002695906762144,0.0221497541631447,0.005978985747552,0.9999944924026516,0.1634151030031863,0.0004106316360846,12.288983050847458,3587,-2.1060510397734333,0.6484096571403208,0.8466903862769922,118.7940812604577,0.0018668793786746,2.9453,32665761
1567987200,2019-09-09,4746,29387,1,0.0026098845592117,1347,6,0.0736335700191891,0.2872757007752076,-0.2958641573078375,11,16,77.31979414332889,54.61077441332638,-88.81831707353047,-140.20320042083063,3.053292018524168,0.7847233402321224,0.0004234619161394,338.92841820193576,0.0146319297366148,0.4479861135979853,4.147001834340288,0.5649981719940436,9.87270161806425,0.9889830508474576,0.9909633704092748,0.995,0.9969427360072424,0.0060827625302982,0.0022431270909976,0.9670640359136096,0.3583873288854458,0.0002698734434701,0.0219909897301872,0.0056957866392394,0.9999983760939608,0.1631323790953351,0.0004087268125353,12.383902233459755,3596,-2.089269278160249,0.6500131027604106,0.8501959271133452,120.87389428322768,0.001874798512022,2.9406,33073828
1568073600,2019-09-10,4748,29407,1,0.0026094607883416,1352,6,0.0736221726910922,0.2879999558011665,-0.2959446949920902,8,17,54.85907267284395,34.41559737016533,-91.0177884159052,-160.01257904139237,3.054336539248218,0.7842472011431075,0.0004230658329867,339.37166454373687,0.0146226499658416,0.4482386897977904,4.147083621211941,0.5643267153411071,9.872943120577558,0.997260851243152,0.9980730965957444,0.9995,0.999438260152546,0.0021794494717703,0.0011447512231245,0.9669588148021228,0.3587025106897782,0.000269462235018,0.0219365950844529,0.0013007894556529,1.0,0.0311907229286685,0.00040884862134,12.387110362257792,3599,-2.1020728980154217,0.6445513111298725,0.8380096955868952,120.91799471724616,0.0018740588359392,2.9463,33126936
1568160000,2019-09-11,4766,29477,1,0.0025959500642668,1357,6,0.0736131361254243,0.2881495171194635,-0.2960208714250483,10,18,55.16389596434587,14.853085524499845,-109.99022829603072,-177.3437927874388,3.04776902147469,0.7843219632375007,0.0004214897670676,340.5218188630895,0.0145806391649387,0.4486031594186652,4.142330127636754,0.563003853052857,9.86125596103718,0.9989469250210616,0.9985209396021734,0.9998,0.9996,0.0019899748742132,0.0011834935892553,0.9669961231246864,0.3585540298193792,0.0002682000231075,0.0218618252598713,0.0011645250459499,1.0,0.04894876337266,0.0004074863307021,12.36970205623164,3614,-2.0988997254994297,0.6470662293421752,0.8469171015716801,120.60115334239016,0.0018644951122899,2.9409,33388519
1568246400,2019-09-12,4736,29042,1,0.0025901495476469,1352,6,0.0740388717897485,0.2883643459628824,-0.2966100123967957,10,19,54.9904442389748,34.741550745564346,-108.89623120798822,-161.96115453296198,3.0229613787493936,0.7846230909565675,0.0004244532528133,337.92440138950707,0.014587181081092,0.4498701100524402,4.129051826182873,0.5625526168191611,9.776515635398775,0.9897188417960554,0.9920246782117196,0.998,0.9950831032819252,0.0042426406871192,0.0053557573959593,0.9671593222525062,0.3580742142553869,0.0002689419738609,0.0217516533469998,0.0047798631352712,0.9999999964360714,0.1489188976534066,0.0004098075554967,12.264358108108109,3598,-2.090957597855009,0.6518325764511006,0.8518092102909398,118.5434902039963,0.0018583542041923,2.9449,32946082
1568505600,2019-09-15,4716,29040,1,0.0026119876200421,1354,7,0.0754132631334443,0.2880810478264038,-0.2906310949110905,12,16,56.15865753166628,55.38741888658723,-120.85778764850502,-138.4979748553924,3.0320444289739945,0.7849411895197662,0.0004264472356433,336.390529753804,0.0146889937972203,0.4504882336417237,4.1341469180459205,0.5625663150521711,9.808910773432938,0.9883868243243245,0.9887324097962852,0.9986,0.9958440419341744,0.0040049968789001,0.0044067316789695,0.9666167345662704,0.3579732803801121,0.0002699017544054,0.0217873683028685,0.0038046156843866,0.999999999999978,0.1493832811819441,0.0004117742122878,12.315521628498727,3567,-2.0980783716117357,0.6488570672995373,0.8430587016191782,119.43220220526236,0.0018731664465151,2.9353,32680248
1568592000,2019-09-16,4729,29104,1,0.0026033699973415,1355,7,0.075321780924678,0.2877178813576173,-0.2909057675493267,9,17,79.48606288767935,35.03553608257556,-62.48709479766461,-158.57190953086774,3.029940722882427,0.7851446847962916,0.0004253554306397,337.3285654525376,0.0146608768234876,0.4503417095097803,4.132465811061498,0.5623375534285078,9.8049914513486,0.9993638676844784,0.998137849397523,1.0,0.9998909090909092,0.0,0.0004910545571566,0.9667410115749966,0.3579807049755792,0.0002692930138892,0.0217523083351932,0.0009974009463919,1.0,0.03727958667677,0.0004105342722203,12.308733347430746,3575,-2.1034779360095968,0.6449995994489685,0.8380109021353164,119.2995299119697,0.0018671687677295,2.9482,32855058
1568764800,2019-09-18,4741,29187,1,0.00259759330804,1364,7,0.0752548717699888,0.2879541405946952,-0.2925939514616193,12,16,56.21756224869128,55.255047539837165,-121.0739977863926,-138.9441939601626,3.025977713046349,0.7850303955161717,0.000424258532372,338.3385233727764,0.0146559808713192,0.4511737910965833,4.132561111668535,0.5603442734290294,9.80454955065848,0.996616620850074,0.99616843848806,0.9994,0.9974619253762111,0.0023748684174075,0.0049913489988219,0.9669162720749036,0.358139141306359,0.0002681601285868,0.0217885908627262,0.0018712598720733,0.9999999999999992,0.0644435245394271,0.0004091467328457,12.312592280109682,3590,-2.094860025541448,0.6522020713343064,0.8519701656746395,119.29161193516578,0.0018623375006311,2.9415,33003547
1569196800,2019-09-23,4759,29222,1,0.0025810700391046,1381,7,0.0751746829608897,0.2825641420911687,-0.2903512310359451,9,18,79.48304814068243,54.223210664539664,-62.405201019075854,-145.4783873896208,3.0115049373055776,0.7886332444837085,0.0004227960181535,338.7206700962855,0.014607278144444,0.4529907415966332,4.126413884273779,0.5582030164936649,9.798661944525756,0.9917738873655348,0.9904510936476858,0.9976,0.9939496845161055,0.0047159304490206,0.0055620385432148,0.9661776707038272,0.3571877387981613,0.0002660088488527,0.021494880073015,0.0029636893100868,0.9999999999999972,0.1168127406905992,0.0004084734621543,12.280731246060096,3606,-2.102923376059568,0.6525898265918852,0.8451182669194911,118.88955813708624,0.0018540207387437,2.9494,33292341
1569283200,2019-09-24,4762,29307,1,0.0025853169136995,1378,7,0.0751452508902252,0.2834258468953711,-0.2901236938813664,7,17,79.59973482853403,34.27911632460855,-27.08520308478412,-159.74124968434228,3.017630208202389,0.7882627446717825,0.0004226756956028,338.9010290601664,0.0146199941713084,0.4523173303468065,4.128970953140175,0.5592004757488308,9.82688562328948,0.997268333683547,0.9958115913261992,0.999,0.9991479694908268,0.003,0.0017505966270993,0.9659241059760482,0.3571558093415607,0.0002663256332575,0.0214004137602959,0.0014876210145475,0.9999999999999996,0.0605965186852973,0.0004082591909079,12.308693826123475,3608,-2.1222331180130847,0.6390457480479269,0.8265386328112196,119.51415920954015,0.0018588038375569,2.9547,33336680
1569369600,2019-09-25,4763,29294,1,0.0025830850168635,1377,7,0.0742080097983025,0.2852734593862225,-0.2925921774929754,10,14,55.891350883498745,54.861369403383776,-108.33385184336872,-132.3297405692795,3.0221825754540967,0.7871190569261807,0.0004233014351624,339.0669059999513,0.014577595717109,0.4519227732159211,4.129528148503481,0.5626175121944645,9.822435191747353,0.996640067198656,0.9943247200126822,0.9986,0.9984437350572845,0.004247352116319,0.0018902222435201,0.9661700134491996,0.3572527690005848,0.0002670879953407,0.0214400192250938,0.0026821529494247,0.9999999999999958,0.0875742888249514,0.0004069997888233,12.30065085030443,3609,-2.097383277946237,0.6462315359592414,0.8511496369222336,119.4104215487213,0.0018574723457657,2.9517,33277810
1569456000,2019-09-26,4754,29222,1,0.0025865027255996,1374,7,0.0740417690562526,0.2873072763693394,-0.2940060899727587,7,15,78.9541660172697,33.888041300376315,-28.215252120903475,-155.73800902380913,3.0226379619328614,0.7857947203822622,0.0004241807301045,338.6664100493234,0.0145895275274548,0.4515984111711692,4.13043338604366,0.5613869101368401,9.811951136466082,0.9960109174889776,0.9948894243367078,0.9988,0.9984195011337867,0.0032496153618543,0.002302096186981,0.9663435654887907,0.3575052701625693,0.0002677826364268,0.0215422031603316,0.001424085586104,1.0,0.0574559311181754,0.0004072826556086,12.293647454774929,3603,-2.1027194399060605,0.6456848448087108,0.8462843061962195,119.21082801422956,0.0018587844260244,2.9379,33125885
1569715200,2019-09-29,4767,29255,1,0.0025753182659388,1390,7,0.0736110732314041,0.2858750655061446,-0.2937091697240392,9,16,78.59409971901158,53.81939392299312,-63.76822174191695,-140.26157560621584,3.0144734559116166,0.787060454598893,0.0004229714218208,339.72648542704104,0.0145294502376775,0.4531825000177036,4.129398286672768,0.5579604859428925,9.805163925758844,0.9955826672275978,0.9932128850525054,0.9987,0.9975008983162148,0.0039127995093027,0.0025426644704512,0.9663024824781972,0.357640435653896,0.0002656790089336,0.021477954564917,0.0023630415917736,0.999999999999999,0.0707855215869774,0.0004067075464579,12.273966855464652,3605,-2.1082497949855745,0.6485743693097554,0.8466519299496418,118.8701468407501,0.0018522657520366,2.9474,33345959
1569801600,2019-09-30,4762,29270,1,0.0025820529588147,1386,7,0.0737894615408158,0.286915813356787,-0.2938948715469005,9,17,78.72996775671503,33.39868380642972,-63.74402812837817,-160.35251342310534,3.0183146683632174,0.7863676854656292,0.0004233589447666,339.4351614331212,0.014556299463164,0.4528367854701037,4.130326472455121,0.5600412731218154,9.817811780557088,0.998112020138452,0.9959553421991864,0.9994,0.999183055040198,0.0023748684174075,0.0020267335484796,0.966262517469311,0.3577117879290159,0.0002662008781416,0.0215056808883288,0.0009871168215402,1.0,0.0339642546356073,0.0004070288326247,12.29315413691726,3597,-2.10815710112555,0.6454702177678591,0.8411922340537927,119.22796913432786,0.0018568869519159,2.9345,33270291
1569974400,2019-10-02,4735,29212,1,0.0026064119053386,1378,7,0.0743333239428129,0.2869027858773649,-0.2943550142772159,10,17,55.7521643225907,33.62097937967922,-108.5387499367158,-160.0839828351863,3.030318141606541,0.7860635555545651,0.0004256392902034,337.9348667856761,0.0146474338642792,0.4521703984373665,4.137917740655681,0.5604121693867552,9.848364288894604,0.991390172196556,0.9949746714104668,0.9979999999999998,0.998359229577492,0.0044721359549995,0.0029051674299127,0.9661932235985148,0.3581699580357379,0.0002681179772558,0.0216136633244048,0.0028600674026646,0.9999999999999984,0.0779499087948462,0.0004094760911254,12.338753959873284,3577,-2.0966224081299987,0.6511433211914778,0.8539460607818947,120.04193054670054,0.0018739938821988,2.9394,32909989
1570406400,2019-10-07,4712,28822,1,0.0025967833834694,1380,7,0.074215915781636,0.2832592952604899,-0.290294827795673,13,19,33.120382526620446,33.76457450826648,-150.18912151799708,-162.0479225973424,3.001662024254905,0.7892811569309365,0.0004275808982252,335.9187440983949,0.0145889325925768,0.4546323569787083,4.119202906661855,0.5578775562369706,9.790432241647885,0.987117212249208,0.9860318853900918,0.9973,0.9917827417877492,0.0048692915295759,0.0043992071277538,0.9658706965043452,0.3577714837115325,0.0002671339449164,0.0215917083283527,0.0065681904970212,0.999938594702916,0.1518907890702941,0.0004130774833291,12.233446519524618,3568,-2.1220426356679507,0.6411065822191709,0.8276645347655119,118.23317935368291,0.0018707956953376,2.9428,32684079
1570492800,2019-10-08,4690,28482,1,0.0025902841154796,1378,7,0.0739343493277076,0.2829732497947999,-0.2894349775080219,15,19,33.332884708792974,33.56272015199514,-154.0376947240847,-161.14594515863453,2.983001999417045,0.7897959654907595,0.0004295976335183,334.2342866922652,0.0145418231312835,0.4559325786532907,4.110573324923895,0.5560601756977499,9.724987651135896,0.99490662139219,0.995058312477108,0.9991,0.9966178604900254,0.0034914180500192,0.0033685894029422,0.9659289108648048,0.3576448621734486,0.0002672725339859,0.0216945107960239,0.0036698028171053,0.9999999999999826,0.1036555037087137,0.0004152200480735,12.145842217484008,3549,-2.127815263834117,0.641419695139057,0.8248419977200478,116.58346401819313,0.0018655676137809,2.9466,32390035
1570579200,2019-10-09,4687,28294,1,0.002576481966584,1385,6,0.0735063971953904,0.2821309343238079,-0.2882208605904641,9,17,77.54238328025596,32.838051751233,-62.49145511158782,-157.84792384154406,2.971003513955701,0.7905015722670105,0.000430004720344,333.9334220669419,0.0144631835319032,0.4572326203048351,4.103511838131874,0.5551049290020031,9.673749623289876,0.998720682302772,0.9973505564487938,0.9994,0.9967430161067864,0.002764054992217,0.0040479231785211,0.9659316229746886,0.3575454963935692,0.0002668461256862,0.0217446066783003,0.0018934102082473,0.9999999999999988,0.0769625007335643,0.0004155902146155,12.073394495412844,3554,-2.139552885843327,0.6358060338520812,0.8164677748248401,115.26032663805869,0.0018557736043768,2.9454,32353966
1570665600,2019-10-10,4680,28160,1,0.0025719572631305,1389,6,0.0735462433081041,0.2826938195947897,-0.2887642687694569,13,17,32.30414212569169,32.73111059774666,-148.9568818908618,-157.51244760413962,2.959784032310213,0.7900560674232832,0.0004306023481036,333.4352105634256,0.0144593496356874,0.4584955450944867,4.09503179662745,0.5546039812024122,9.634487312869492,0.9974397269042032,0.997511595605683,0.9993,0.998921459492888,0.0025514701644346,0.0015532889530706,0.966189472501237,0.3575432236080499,0.000266500179089,0.0218097873084252,0.0017171518238298,0.9999999999999992,0.05206836877414,0.0004161546287654,12.034188034188034,3552,-2.1300166058010013,0.6385924183592754,0.8322006193032818,114.41084976237786,0.0018501286833366,2.9479,32254430
1570924800,2019-10-13,4526,27555,1,0.0026908982600225,1248,7,0.073260938092242,0.292036319798871,-0.2905823143851122,12,19,54.0199013159038,32.80799666709372,-119.61392385654374,-159.2031320214311,3.0499068610337328,0.7836359171247432,0.0004452021963776,327.9195707723275,0.0148091946901531,0.443024892528178,4.146031737047868,0.5635069564503989,9.72833959158985,0.9626068376068376,0.994114394308278,0.9808,0.9901925192517284,0.0823004252722912,0.0090379744731323,0.9640050843482504,0.3636020622285022,0.0002856483500756,0.0223256735159623,0.0220111908026181,0.2105654754882369,0.2012186002243374,0.0004180806994902,12.176314626601856,3404,-2.1212466023776915,0.641167330314757,0.8236353708824886,116.68076958478416,0.0019341193452514,2.8915,29608123
1571011200,2019-10-14,4545,27625,1,0.0026752235082663,1260,8,0.0730277481695419,0.2923287747849736,-0.2904422107897595,19,22,32.75269638351811,51.63368543995472,-159.40841567364564,-151.1633270100965,3.043567745859093,0.7832813063165726,0.0004432980282963,329.07929222382967,0.0147663178294948,0.4434183488206086,4.14346959864631,0.5645169311386323,9.708449749334523,0.997348652231551,0.9982038792869437,0.9998,0.9988079571222428,0.0014,0.0025117740179073,0.963862274307288,0.3633562180960076,0.0002834624717018,0.0223137120609628,0.0016829301136034,1.0,0.0690856447553572,0.0004170784835875,12.156215621562156,3422,-2.110981262004461,0.6429622009405145,0.8354686597060108,116.24803772157712,0.0019216129601274,2.8996,29892271
1571184000,2019-10-16,4615,28121,1,0.0026412618621267,1286,7,0.0722085603553768,0.2901223842024485,-0.291550107187057,14,18,53.08696663785119,52.00023519352609,-131.0671328957081,-144.28514453426533,3.041339162312074,0.7845229243189861,0.0004370232253788,333.4096275330311,0.0146590100201144,0.4448132390073751,4.146202323944626,0.5655775932097263,9.741156231510235,0.994939493949395,0.9961916383918148,0.9987,0.997685405283638,0.0036482872693909,0.0029613519828007,0.9643365684109712,0.3625431167622717,0.0002795935449044,0.0221258722114951,0.0037298854479164,0.9999999999999932,0.1251107559293249,0.0004093406382925,12.186782231852654,3464,-2.0903068798762385,0.6518039365683167,0.8551019581446715,116.94793667463878,0.0018995026129612,2.8966,30723374
1571616000,2019-10-21,4628,27906,1,0.002606362003938,1305,7,0.0724651213587882,0.2930732098810453,-0.2924147572514669,12,20,54.388892491002935,51.90235771226076,-119.47632356262608,-147.86708440548384,2.989403914007426,0.7821761679572223,0.0004361090281307,332.9783343042664,0.0145463259007932,0.4485652041309395,4.128966374977516,0.5646154054734169,9.597862545065706,0.9859154929577464,0.9896065069245988,0.9959,0.993478966690838,0.0072242646684628,0.0047146009462218,0.9645307058410084,0.3610527294145228,0.0002763735348059,0.0219732739592863,0.0050878303529039,0.9999999749568652,0.1431239120114117,0.000411264400368,12.059636992221265,3485,-2.104107100405144,0.649922262805956,0.8315407704853239,114.71491675415947,0.0018630495453384,2.908,31049064
1571702400,2019-10-22,4635,28009,1,0.0026080855400657,1300,7,0.0724916012439406,0.2937540238410216,-0.2925495758376943,13,20,32.330715692723395,52.01830023542953,-148.6626786222063,-148.1110056810803,2.9959264551350904,0.781757255148135,0.0004353787001968,333.6023176655515,0.0145473050204416,0.4478077905833714,4.133016736751779,0.5637789659149318,9.61655941959374,0.999351771823682,0.9972295894510428,0.9999,0.9998937538651824,0.0009949874371066,0.0007162514478063,0.9645829683930196,0.3611830998902134,0.0002765230183698,0.021978250202589,0.001501344007071,0.9999999999999996,0.040659500493673,0.0004103819698508,12.085868392664509,3492,-2.1128707123252277,0.6447459809698086,0.8289510868818462,115.21693445586271,0.0018642837521945,2.9075,31130124
1571788800,2019-10-23,4642,28110,1,0.0026096011599217,1302,7,0.0727132563228313,0.2940329569984827,-0.2933880755963104,7,17,77.74834534328807,32.301535915661475,-27.892732793287703,-157.86860973495703,2.9984871554428287,0.7813414657196304,0.0004347197702787,334.1923587042026,0.0145667830183699,0.4477942682784008,4.13550329718978,0.5634315817849809,9.630297988743884,0.9993527508090616,0.9972411275070868,1.0,0.999909090909091,0.0,0.0003761863525158,0.9647279147773684,0.3612763709678342,0.0002763190134922,0.0219463031967663,0.0009841199460672,1.0,0.0396190311526512,0.0004095456845689,12.111158983196898,3499,-2.103389158855191,0.6484104043551422,0.8439875626422252,115.64447411778362,0.001864442695679,2.9087,31213421
1571875200,2019-10-24,4651,28182,1,0.002606168635257,1297,7,0.0727081632094896,0.2938453904269774,-0.292963386125219,13,19,32.61719290002459,71.5629270167625,-148.86843508595788,-131.96752467910247,3.003385929260212,0.7814778352412208,0.0004336964430695,334.7959633221828,0.0145510284208545,0.4467920660370815,4.138690388834465,0.5638657993294037,9.638731836094845,0.999569151227919,0.9973411332703986,0.9999,0.9999353535353536,0.0009949874371066,0.0002192268277373,0.9646484160142602,0.3612277822886051,0.0002763479552146,0.0218753005005959,0.0013990310858639,1.0,0.0299775701111202,0.0004088455041841,12.118684153945388,3499,-2.112755476297116,0.643607429298699,0.8346250835013475,115.83582165248868,0.0018626461627164,2.9054,31339298
1572134400,2019-10-27,4676,28424,1,0.0026005132591958,1302,7,0.0727700782219544,0.293816751848428,-0.2925561363997276,12,18,54.91014128770318,52.50367131968203,-120.39231988249324,-144.56624086772675,3.0101494490011573,0.7811360335262311,0.0004316097434124,336.4218661106204,0.0145427135916206,0.4465648216666838,4.142160005045638,0.5636567196543748,9.663059000311527,0.9987099548484196,0.9961431303885055,0.9999,0.9997474747474748,0.0009949874371066,0.0013143351125503,0.9647641797778788,0.3610396336327174,0.0002758012997186,0.0217672404873919,0.002606943253279,0.999999999999999,0.0761986485608973,0.0004059790444598,12.157399486740804,3520,-2.108566098743199,0.645898850705254,0.84149524176039,116.49271693308012,0.0018578922220874,2.9051,31633241
1572220800,2019-10-28,4682,28434,1,0.0025947642413855,1308,7,0.0727022641993794,0.294082310843757,-0.292438581839037,11,17,77.39282880067525,32.48926566181762,-85.69694174485784,-158.64777224403932,3.0053021380021447,0.781195523486449,0.0004310181824992,336.7924781520273,0.0145274667025962,0.4472009293958576,4.135674347362403,0.5676658917547404,9.65464863399566,0.9993584260051326,0.9956924286706788,1.0,0.9993313131313132,0.0,0.0016374095672149,0.9647467331281768,0.3609717380328235,0.0002748648167441,0.0217918219434184,0.0012609491458286,1.0,0.0394414076588485,0.0004056314175401,12.146091413925673,3527,-2.0853896631491877,0.6498269347704123,0.8550938289358792,116.25705953830574,0.0018536987456556,2.9065,31723395
1572393600,2019-10-30,4685,28319,1,0.0025809609132841,1320,7,0.07151388939592,0.28781264860078,-0.2935173920398257,10,14,99.9091570702596,52.94736604079161,-43.43367001973928,-131.30469218894257,2.998035957919373,0.7858602506555691,0.0004304597837634,336.8381616076577,0.0144541735356204,0.4486262270682793,4.128130813820849,0.565914384849698,9.654511570270438,0.9957283212302436,0.9920134680915628,0.9994,0.9949729952587094,0.0023748684174075,0.0038986193164981,0.9643617240316996,0.3607866316521295,0.0002736747957024,0.021705043076752,0.0025967430386908,0.999999999999996,0.0827462928256344,0.0004065428822239,12.08922091782284,3534,-2.094148804899368,0.647692349836691,0.8455935495491396,115.68317009094795,0.0018524565171534,2.9216,31833631
1572825600,2019-11-04,4689,28352,1,0.0025795613435555,1323,7,0.0708571753042956,0.2851682208940975,-0.2924918661690243,10,16,99.88654441584066,11.417446220929952,-43.53010152169258,-175.1573953262636,,0.787736368717234,0.0004300353079205,337.2885175919438,0.0144075842126403,0.448631744500639,4.135466685497399,0.5620710098823234,9.682285975387844,0.9910352187833512,0.9912663808137092,0.9985,0.995211805834486,0.0038405728739343,0.0034095099075834,0.9644263863980572,0.3609606008790146,0.0002738129017312,0.0216757872339961,0.0021341530724398,0.9999999999999988,0.0747741540921046,0.0004057168168623,12.092983578588186,3541,-2.125944374279721,0.6379323453780924,0.8284763237024468,116.00157689773216,0.0018568132225248,2.9018,31863361
1572912000,2019-11-05,4651,27988,1,0.0025882282223963,1307,7,0.0705660704285832,0.2862592580507987,-0.2930467567661559,9,14,76.58771276175042,52.49186897699907,-63.346329784264974,-130.80653118280296,,0.7877521943397882,0.0004333507940341,335.0479132233206,0.0144291521185474,0.448852153858134,4.12719038107443,0.5629842009797649,9.64531495405011,0.9895500106632544,0.9913399142205144,0.9983999999999998,0.996026841048822,0.004630334761116,0.0030986308958155,0.9644308890566674,0.3614918529227126,0.0002749180482886,0.0219732118450676,0.0031312505619931,0.9999999999999984,0.0967830077934108,0.000409104175408,12.035261234143196,3520,-2.108709743995602,0.6467293371157407,0.8391609822243344,114.87273274973352,0.0018640320573783,2.9079,31361593
1572998400,2019-11-06,4652,27937,1,0.0025824012180925,1310,7,0.0703773534232641,0.2864541071614647,-0.2926532255973592,10,16,99.2618271496581,11.391409020392588,-43.17864557772917,-173.92050185919766,,0.7878094278608945,0.0004332933122286,335.0626010259692,0.0144005249444516,0.4496271442993156,4.127561189766734,0.5577122591041971,9.62769964518798,0.9976349172221028,0.9963927459098646,0.9999,0.9990807256235829,0.0009949874371066,0.0012454252146672,0.9644070265859308,0.3614277302239574,0.0002741995033879,0.0220052992879844,0.0011983018287841,1.0,0.0338085930170032,0.0004090929113417,12.010748065348237,3522,-2.121510969064312,0.6478914049792339,0.8391475035597998,114.4444908750822,0.0018598231590189,2.9131,31378945
1573084800,2019-11-07,4658,27989,1,0.0025805463006099,1315,7,0.0703418863043736,0.2866031865925675,-0.2925886848845717,9,17,76.64695906784459,31.5213589350884,-63.13914507302403,-158.0432750910311,,0.78771414416479,0.0004329148289982,335.17978932883256,0.0143937891677248,0.4500303878755864,4.125968999913511,0.560780134115774,9.63429393071719,0.9987102321582116,0.9975697696132696,0.9999,0.9992503401360544,0.0009949874371066,0.0040712280762502,0.9644574448822304,0.3610901273683122,0.0002739991665341,0.02193959282842,0.0014272913915426,1.0,0.0322728083268778,0.0004082589549812,12.017604121940748,3526,-2.112197223235813,0.6471640715347318,0.839972916117242,114.61743730266984,0.0018588431978513,2.9056,31435176
1573344000,2019-11-10,4655,27884,1,0.0025741805554465,1322,7,0.070425501622158,0.2862916747885852,-0.2928779467590038,7,13,76.29763213487495,31.67936081173312,-29.20694935693001,-148.83126375211438,,0.7880775176074297,0.0004334857057316,334.6499918658937,0.0143893086774885,0.4517932838683756,4.115960738789068,0.5614523813626461,9.60414912809208,0.9963503649635036,0.9946097006441834,0.9993,0.9984139764996908,0.0025514701644346,0.0030756010997213,0.964680364036577,0.3607509573282345,0.0002733239059547,0.0219741457057065,0.0023147176657831,0.9999999999999984,0.0536888132125851,0.0004081131107063,11.980236305048336,3524,-2.107023951235316,0.6462259493900112,0.8446932134153705,113.87305277777804,0.0018535356517403,2.914,31364762
1573430400,2019-11-11,4650,27828,1,0.0025745390961635,1321,7,0.0705058613344589,0.2859653209154754,-0.2932179272739146,6,14,51.63028314918053,10.96106131476412,-61.20689416949744,-172.2170177622234,,0.788359229959576,0.0004339478807652,334.2950546736704,0.0143947594824762,0.4521465404560951,4.112890420495954,0.5617223178369967,9.594591210245442,0.9989258861439312,0.9959705521131842,0.9999,0.999771634714492,0.0009949874371066,0.0005052050954199,0.9647973258619456,0.3607559902619787,0.00027340922623,0.0219888107421647,0.0013212755390781,1.0,0.0223568136932211,0.0004085045109798,11.969032258064516,3522,-2.107244570257332,0.64440420589715,0.8431704272384596,113.64185434933012,0.0018534685815201,2.9128,31294980
1573603200,2019-11-13,4614,27464,1,0.0025806715929078,1312,7,0.070487534794428,0.2852307384250815,-0.2940639927059227,6,13,51.42367141378614,31.540651146292664,-60.7562232932321,-147.73659914720204,,0.7890111239635362,0.0004374817741483,331.63232358482423,0.0144226019089069,0.4527131361658217,4.104366666910533,0.5591894473725596,9.549653962335814,0.9922580645161292,0.9891803295016977,0.9979,0.9972248557529853,0.0051565492337414,0.0027027858592896,0.9652236681329937,0.3606781387469348,0.0002748238837138,0.022207046101932,0.0024917152565124,0.9999999999999992,0.1051464686717856,0.0004108218567105,11.904638058084092,3509,-2.1083302828242,0.6483774512124832,0.8446992419949381,112.4382399095144,0.0018581779532444,2.9097,30759976
1574035200,2019-11-18,4389,24510,1,0.002545312481502,1305,9,0.0677854359738184,0.2688274769379545,-0.2906982418222558,8,13,47.71862941580648,27.00102275406393,-87.57916269695211,-143.1972252017397,,0.8031005207266013,0.0004596308455415,312.1939564328383,0.0141874164979361,0.4667803325153248,3.9991199516069753,0.5554586042342832,9.060076593638398,0.9512353706111834,0.93035449733142,0.9908,0.9569540172925808,0.0099679486355016,0.0150476158109628,0.9624332427878696,0.3569543359444702,0.0002749116482677,0.0226157549147333,0.0198468745453893,0.3323052265051698,0.76019164828965,0.0004437103644425,11.168831168831169,3370,-2.1014480188193847,0.646493293423781,0.8528712661196294,99.89508541215598,0.0018415324427034,2.9595,28347461
1580083200,2020-01-27,4084,24595,1,0.0029499299908869,1227,6,0.0795830778305159,0.2250960445585837,-0.2700162225212822,14,23,51.71539647272505,33.85726638556673,-123.65359958579428,-154.75956824994222,,0.8288731907367589,0.0004969804120877,282.21714880040804,0.0156125820504713,0.4580973572968537,4.139415585608578,0.5660442825243632,9.86049542018985,0.746639325586694,0.8163576158693644,0.9329,0.8968185342784974,0.0234646542697734,0.0232564608925058,0.9503183578664316,0.3470761826887051,0.0003036093053899,0.0141518578971551,0.0313755740968483,0.0301781554018994,1.3671614482738876,0.0004960327189842,12.04456415279138,2962,-2.0729583693176656,0.6647526003182723,0.8445914044539635,117.42941246312505,0.0021765149630889,3.0354,25186638
1580169600,2020-01-28,4082,24619,1,0.0029557031119343,1227,6,0.0802962743084994,0.2256380084519795,-0.2705410504869792,15,21,32.90398434471274,69.14661333293083,-143.80285988533512,-130.12511702333344,,0.8284841978061308,0.0004972631877984,282.06493336758155,0.0156605205620255,0.4582675340084737,4.139107787379251,0.5653029821843566,9.8676468964442,0.9982859941234083,0.9939087193699884,0.9996,0.9989262007833436,0.0019595917942265,0.0025587586679092,0.9503096603235632,0.3470626182587715,0.0003038797700169,0.0140931200136896,0.0011383916681582,1.0,0.039167679610117,0.0004962005871292,12.062224399804018,2964,-2.079818393805383,0.6610877433715949,0.8409403070127399,117.72153148902876,0.0021793518076437,3.0374,25159398
1580256000,2020-01-29,4088,24647,1,0.0029503839437441,1234,7,0.0804955699579299,0.224949789108339,-0.271116608554297,13,22,32.8890237813925,51.495631513347625,-139.09141430595255,-143.0976051580844,,0.8288211014594887,0.0004966795183317,282.4509003450242,0.0156589430700859,0.4591587036489169,4.136325595594468,0.56492300142673,9.862314176227551,0.998530132288094,0.9949017742644358,1.0,0.9994040404040404,0.0,0.001829231295918,0.950442092771734,0.3470251527690288,0.0003029060100102,0.0140731671501412,0.0014292378069535,0.9999999999999998,0.0358664980425665,0.0004954744602105,12.058219178082192,2970,-2.0787479187822946,0.6619824041072118,0.8419430690402281,117.5949844288412,0.0021748320964821,3.0319,25233557
1580342400,2020-01-30,4064,24604,1,0.0029801298834692,1198,7,0.0797792105743191,0.2254435114543799,-0.2722900172213128,18,20,14.429541374391302,51.14655445983824,-162.81889981623428,-139.8839190766349,,0.8287828526600173,0.0005000647868596,280.77874127757684,0.0157294748175589,0.454844312410967,4.154742925427393,0.5646909356290791,9.91766957713138,0.987279843444227,0.9910293111685046,0.9982,0.9970018247652906,0.0082921649766511,0.004617074869282,0.9492549917065576,0.3470216592672355,0.0003081197170222,0.0141524715338501,0.0065921768340601,0.9999880623270072,0.0904385025502245,0.0004961741788806,12.108267716535432,2944,-2.0887698590785466,0.6603961446069044,0.836841655944888,118.7269876662716,0.0022014090147268,3.0305,24846992
1580601600,2020-02-02,4747,27394,1,0.0024318595078702,1467,7,0.0744283107346782,0.2708738183246072,-0.2925436410194769,11,18,77.69836678258429,54.01918120524443,-79.31709188106886,-139.0693106487681,,0.8011260828331146,0.0004254891664157,333.4170364794002,0.0142093946203568,0.4755548649499567,3.9920605725228713,0.5465745358688677,9.27134315197443,0.9904035433070866,0.9810665201338552,0.9975000000000002,0.992670938716005,0.0049749371855331,0.0054168216980118,0.9631326010941365,0.352450131967372,0.000252602792216,0.0192591473270724,0.0332917992963645,0.0151451255271253,1.2399464062673389,0.0004147226461653,11.541605224352224,3626,-2.137632549300855,0.630951459016178,0.8278145034522714,105.49343499652096,0.0017470516080786,2.9768,33384421
1580688000,2020-02-03,4915,28582,1,0.0023668129466705,1502,6,0.0727882256483836,0.2790184790663971,-0.2984616947629243,9,15,78.71382655159887,-6.599916679592027,-56.87919666301767,-192.6122956669604,,0.7936492933301095,0.0004106014487338,347.2073727769941,0.0140002313973961,0.4717037641131048,4.005578284267297,0.5437690841870673,9.291144440705487,0.9978934063619128,0.9953032909413532,0.9983,0.999209523809524,0.0037563279941985,0.0015278681773374,0.9657262287092064,0.3544306316350343,0.0002464951042097,0.0198189022185661,0.0094889721001709,0.979556876620222,0.2500296487517587,0.0003978669562265,11.630518819938962,3787,-2.161796729661331,0.6236070843474448,0.822052980556243,106.50850133881735,0.0016912524591495,2.9598,35642377
1580860800,2020-02-05,4945,28874,1,0.0023620668780534,1504,7,0.0731230859315688,0.2796027598790733,-0.2977814612211508,12,16,57.11483339183698,14.48679940168592,-116.38954725814725,-173.79395741224357,,0.7930300566967724,0.0004080437381778,349.9507663766517,0.014006095515507,0.470438979191367,4.011558019633904,0.5458846667670274,9.320153859024536,0.9934893184130212,0.995543904338162,0.9983,0.9991950113378688,0.0037563279941985,0.0021082384317935,0.9659036565004644,0.3550570592408129,0.0002457844437387,0.019802884601503,0.002888744655092,0.9999999999999986,0.0954515952177815,0.000395014932297,11.678058645096057,3809,-2.1273837842910823,0.6370063835757518,0.8550079330723634,107.24121188674266,0.0016868635011969,2.9636,36062548
1581292800,2020-02-10,4967,28739,1,0.0023302406434217,1535,7,0.0725034776377355,0.2760429243556941,-0.298433104225889,12,16,56.91893580067812,-26.245355061828366,-115.83203411246332,-211.2661122467524,,0.7951114824280379,0.0004062557092038,350.77925609937296,0.0138670912926409,0.4737488841936411,3.994250599770963,0.5415904059839692,9.244678833453076,0.9793731041456016,0.9853671284103588,0.9932,0.9897192040327534,0.0081092539730853,0.0081144889608465,0.9657089436487108,0.3543111657893726,0.0002426025829544,0.0197215567763189,0.0046963141771078,0.999999995970712,0.1488572403953165,0.0003946280654922,11.571975035232535,3835,-2.1516054844358687,0.6299470797797446,0.8358907628026391,105.44710606565724,0.0016641030593055,2.9706,36467796
1581379200,2020-02-11,4967,28745,1,0.0023307271406506,1537,7,0.0724961606727752,0.2752310276543043,-0.2978036223734655,11,20,79.37081976808703,54.47028562584581,-79.18923127740132,-146.83539129329878,,0.7955873869028071,0.0004064508543904,350.4066812125501,0.0138721180874813,0.4739492738887217,3.995153295434112,0.5410770985921294,9.247811940059616,0.996376082142138,0.996251825205618,0.9995,0.9990967635539064,0.0021794494717703,0.0020374833891712,0.965495805864244,0.3539374615909802,0.0002424946481256,0.0197000200721444,0.0008053150795248,0.9999999999999996,0.0314072881014703,0.0003945234988002,11.57439098047111,3824,-2.173583167316424,0.6209959029160977,0.8121742987547914,105.52574600652324,0.0016647362562159,2.9676,36451474
1581465600,2020-02-12,4997,28916,1,0.0023165220188958,1542,7,0.0724356050763915,0.2761525367309197,-0.2984225150738906,15,16,-6.356954739463856,14.605002460962854,-193.5362335479977,-173.7638901990333,,0.7951007958084539,0.0004040285572502,352.49884758737977,0.0138223428467663,0.4737720597901226,3.994410321751721,0.5409764751580154,9.244671320081832,0.9995973424602376,0.9967615370445658,0.9997,0.9999777777777776,0.0017058722109231,0.000221108319357,0.9656915297501304,0.353906833348924,0.0002411661434964,0.0195968779760298,0.0013152646973728,1.0,0.0558690761064336,0.0003920939525376,11.573344006403842,3849,-2.148106157044043,0.634006414204159,0.8365814979010839,105.51779551117389,0.0016540861946815,2.9565,36889670
1581552000,2020-02-13,5015,29155,1,0.0023189307227897,1548,7,0.0724265541345995,0.2754200922885135,-0.2982645121328025,11,17,79.82144305880537,35.084005441909724,-79.5622507064559,-157.4489975291479,,0.7954269106111365,0.0004025328366836,353.8355245203865,0.0138299164117367,0.473124188059365,4.0007408307407495,0.5418338373624418,9.28804486822172,0.9997998799279568,0.9965622948809498,0.9999,0.999967511853226,0.0009949874371066,0.0002176513716715,0.9656067250082452,0.3539745685383037,0.0002407278962712,0.0195439724916256,0.0018106177764485,0.9999999999999996,0.0756902396672143,0.0003906268024111,11.627118644067796,3859,-2.153731731615012,0.6308268357922416,0.8291721310637401,106.51665690061348,0.0016568226849125,2.9679,37152349
1581811200,2020-02-16,5047,29418,1,0.0023102692007849,1551,7,0.0725018189083029,0.2753965276897007,-0.2987071873971288,7,16,79.09084825342673,14.915293417629435,-20.123517900433672,-174.9655993853185,,0.7953845891073987,0.000399931536907,356.1529881215576,0.013806750974248,0.4723202721403073,4.001890468997905,0.5465623831777698,9.312023457200125,0.9980059820538384,0.9963520093016496,0.9999,0.999743393114822,0.0009949874371066,0.0007294298514182,0.965710125399405,0.3540297800237404,0.0002398262148493,0.0194634078740306,0.0017119633767609,1.0,0.0705858647556647,0.0003879904194351,11.657618387160689,3887,-2.1280121919652104,0.6362766690399962,0.8409231295772754,107.0626227796353,0.0016510643947377,2.9676,37618101
1581897600,2020-02-17,5069,29746,1,0.0023157926533334,1535,7,0.0727624864438492,0.2777528046594753,-0.298680297813292,7,16,79.46658496822955,15.051065972096724,-20.47195378236989,-175.81658476212465,,0.7938332511142636,0.0003979897977019,358.05536079007965,0.0138359893612543,0.4694502670610782,4.018807485403145,0.5423937702898467,9.370129778918464,0.9984148999405588,0.9962292530331692,0.9999,0.9992860441146156,0.0009949874371066,0.0039972707671682,0.9658006034570352,0.3543769102047461,0.000240537716357,0.0194668439581669,0.0042894874586462,0.9999999998918132,0.1002370966026197,0.0003856944728007,11.7364371670941,3900,-2.147937342869776,0.6349694672190498,0.8378502968482386,108.49573495329729,0.001655398235259,2.9596,37907191
1582070400,2020-02-19,5070,29841,1,0.0023222721706719,1527,7,0.0730683449356751,0.2788533229314949,-0.2990370626857092,11,14,80.59906781726517,57.46317843182168,-80.60279655283135,-128.71180787307665,,0.7929098374103236,0.0003978388213696,358.34009678660453,0.0138677981454224,0.4683465037720729,4.0191869903757045,0.5456165062401088,9.390625333309483,0.9986190570132176,0.996365635181251,0.9998,0.999846299732014,0.0014,0.0003015286543128,0.9658434446418332,0.3545903399373189,0.0002411755871019,0.0195167390527136,0.0016375205594745,0.9999999999999988,0.0448424756117197,0.000385250138322,11.771597633136096,3904,-2.140880196744241,0.6330341436993991,0.8360272187750267,109.069598194207,0.0016591351360327,2.9656,37898178
1582502400,2020-02-24,5032,29362,1,0.0023196404865351,1524,7,0.0725205741321361,0.2834620592468005,-0.3017337561966706,13,15,35.62784069836697,35.74758551516138,-147.4681538634422,-153.0472463376416,,0.7897778896711536,0.0004012775002668,355.56199876505866,0.0138755629712284,0.4697932292184433,4.0116983313388594,0.5439561874459281,9.288852107097092,0.9773175542406312,0.9882323226356546,0.9927,0.9931460683523644,0.0082286086308682,0.007182486556856,0.9662350841699556,0.3544944084453059,0.000242930478678,0.0198787079762337,0.003072485991038,0.9999999999999974,0.1563589869019891,0.000385819225313,11.670111287758347,3875,-2.146601868554939,0.6313130473441713,0.8409851694050283,106.98870962607674,0.0016513861991293,2.9615,37152655
1582588800,2020-02-25,5036,29383,1,0.0023176130864725,1520,7,0.0724845209158069,0.2848376698013679,-0.3021027670198173,8,13,104.49344022977787,35.75698076569213,5.636386030251919,-147.3696533402564,,0.7890113082790052,0.0004009202251193,356.0026600011771,0.013873080754331,0.4696785330744768,4.010964162664838,0.5438566396833898,9.284055116205838,0.998012718600954,0.9946544703404602,0.9998,0.999482168625026,0.0014,0.0011732095616947,0.9664158135802324,0.3546495340392931,0.0002429399935762,0.0199270876257,0.001103343683823,1.0,0.0318347011217198,0.0003852166352025,11.669181890389195,3881,-2.1436113352393917,0.6330313996256642,0.8456955521739383,106.9322030079343,0.0016491159782551,2.9549,37192914
1582675200,2020-02-26,5044,29407,1,0.0023121535445446,1528,7,0.0724967736894254,0.284364937589837,-0.302548508951834,10,14,103.45482957015903,14.441982816659966,-34.41445021850797,-173.13302057688318,,0.7892346659654584,0.0004004878109337,356.471530296195,0.013859087377316,0.4704471136287469,4.007728425085534,0.5447094933980785,9.275783855154485,0.9986100079428116,0.9935006239862892,0.9996,0.9985710987425276,0.0019595917942265,0.0050356716673917,0.9664231950175626,0.3545514048654463,0.0002421324981856,0.0199195504299297,0.0011262289784763,1.0,0.0339065469303183,0.0003847719999759,11.660190325138778,3887,-2.1486729290136704,0.6291567230080398,0.8367131371410392,106.75879954344848,0.0016448469330655,2.9551,37321980
1582761600,2020-02-27,5049,29289,1,0.0022983164355402,1536,7,0.0717856225075428,0.2837174874809536,-0.3024063544844588,10,13,103.05481656580224,35.31562466340189,-34.24285038106443,-147.47184342141844,,0.7897772582274161,0.0004001122658135,356.6341293131725,0.013779508154096,0.4714483001312329,4.002735787485111,0.5408459659350804,9.238277913160507,0.9988104678826328,0.993205893695112,0.9998,0.9968572665429808,0.0014,0.0047274717773481,0.9664138385952552,0.3543565056904829,0.0002411180715153,0.0199070490108506,0.0017282652212912,0.9999999999999992,0.0649036743639507,0.0003847225923953,11.60190136660725,3893,-2.161142589940018,0.6293549576174791,0.8291333186793378,105.79407933705338,0.0016357479595181,2.9568,37417426
1583020800,2020-03-01,5053,29194,1,0.0022872359011892,1555,7,0.0723363439713296,0.2815708292402681,-0.3046225747103326,8,16,54.28538170303007,14.93712890006141,-85.94355155296213,-174.25169387638243,,0.7912391537457647,0.000399643507104,356.5730271623322,0.0137802542859592,0.4737483743235118,3.9909015252603695,0.5386274741957009,9.202490326952477,0.9902951079421668,0.98811650330066,0.9978,0.9963931505248148,0.0050159744815937,0.0032485327481794,0.966726669343738,0.3540128886236988,0.000238990919674,0.0198500663044241,0.0050564824898068,0.9999999007651516,0.1022645401407003,0.0003858777850193,11.555115772808232,3905,-2.1699667488779784,0.6268484787525589,0.8216933916181544,104.92000194115536,0.0016273345935435,2.9717,37580995
1583107200,2020-03-02,5099,29257,1,0.0022509971454952,1595,7,0.0725077751780673,0.2784129778211832,-0.304090175989243,8,15,54.177019674947246,35.683128023329985,-85.6306608964912,-152.41007766364967,,0.793529123753479,0.0003960522491935,358.47553802094467,0.0136639265366836,0.4777244124512134,3.969701802410325,0.5415014067696348,9.144883847920728,0.997823075400752,0.9898500679985404,0.9995,0.9971588126159556,0.0021794494717703,0.0056559630813682,0.9667804278636256,0.3526831355265205,0.000234802565646,0.0195737955551457,0.0052699281322628,0.9999995759488134,0.0956908350228419,0.0003848042228238,11.47558344773485,3950,-2.14345131568963,0.6301908615775382,0.8406439481681646,103.58316542122536,0.0016012670304729,2.961,38428558
1583280000,2020-03-04,5098,29243,1,0.0022508028438177,1596,7,0.0725641979259464,0.2774880891781873,-0.304437150927558,10,16,103.1672271988197,56.475993978815566,-32.427551502255454,-135.08959451599785,,0.794249502340375,0.0003961429417448,357.9301045843964,0.0136598205090402,0.4780068958954644,3.9698792319478975,0.5421904149427419,9.146406076252488,0.9978427142576975,0.990036571208148,0.9997,0.9986423005565862,0.0017058722109231,0.0030954309875133,0.966502834035397,0.3522187853693161,0.0002345076289564,0.0195023620362349,0.0016595689383167,0.9999999999999988,0.0295724875014707,0.0003859328452428,11.472342094939192,3945,-2.133581554333555,0.6340585851299254,0.8498597857186776,103.58703256419612,0.0016018802028516,2.9722,38483198
1583712000,2020-03-09,5108,29153,1,0.0022350976495325,1612,7,0.0725138624540888,0.2769729287081446,-0.30777229327429,10,19,103.47167099307184,36.24759682032043,-31.209232471917105,-159.70161456842723,,0.7950835772202027,0.0003953865211811,358.5396961264343,0.0136339647331805,0.4806585723686694,3.95448704240925,0.5400882105316667,9.102044884361344,0.9886229894076108,0.9888175406432996,0.9973,0.9954736675082404,0.0056311632901204,0.0036897564934198,0.967074355249348,0.3521206571606811,0.0002329035322438,0.0195755076781917,0.0036201953074477,0.9999999999999796,0.1020184493557982,0.0003851984366025,11.414643696162882,3976,-2.1404742420128,0.6309504803228747,0.8486799004250742,102.53391887660524,0.0015900125928296,2.985,38635882
1583798400,2020-03-10,5106,29060,1,0.0022297134250462,1618,7,0.072516042533554,0.2765525848652046,-0.3079306197480111,11,16,80.24792929586937,15.353036238158012,-76.88870927265206,-173.3961009448042,,0.7953721935800748,,358.27261526297906,0.0136210294649292,0.4815952053888943,3.948560494681375,0.5379620146364784,9.07594894805233,0.9988253719655442,0.9936647805278108,1.0,0.9990646464646464,0.0,0.0018284011346286,0.9670663254776728,0.3519941257780941,0.0002324040562635,0.0195881918385354,0.0016153244252389,0.9999999999999988,0.0376666203502051,0.0003855847941334,11.382687034860949,3975,-2.158999053890299,0.6251033812497526,0.8318210948583403,101.92974049148704,0.0015855036709365,2.9777,38621266
1583884800,2020-03-11,5099,28859,1,0.002220375521135,1621,7,0.0724834786725747,0.2761821059571613,-0.309019604561796,9,16,79.30112044079043,15.08488678466179,-53.08544602174931,-173.0392692499768,,0.795757556734617,,357.5736783857515,0.0135916665842671,0.4826058568930527,3.9377619687381977,0.5371445392449902,9.026624550506506,0.9978456717587152,0.9934750536816582,0.9997,0.9959094619666048,0.0017058722109231,0.0061654445357622,0.967104281281294,0.3517864143395359,0.0002321188236052,0.0195893120727899,0.0016725628482409,0.9999999999999992,0.0706246633922254,0.0003864132949117,11.31947440674642,3970,-2.14405411889222,0.6325106380949227,0.8475287522817057,100.78226412137973,0.0015779690723883,2.9944,38535155
1583971200,2020-03-12,5088,28728,1,0.0022198649164907,1624,7,0.0724628449354807,0.2759994564622008,-0.3091227292894933,10,17,102.69735841711582,35.52853963922039,-30.63548434810464,-155.31003514366938,,0.7958719287678307,,356.7043215995008,0.0135934857304337,0.4834332986899028,3.932932439762872,0.5351854575677099,9.005292534552966,0.9970582467150422,0.9930718909532136,0.9987,0.9990691816120386,0.00336303434416,0.0015740524784509,0.9671588641751446,0.3516900329584966,0.000232166197882,0.019617175408927,0.0012815051292582,1.0,0.0435799626514449,0.0003874065664917,11.29245283018868,3967,-2.1571914146766384,0.6281978340255397,0.8389602624614063,100.2836803587194,0.0015771776565449,2.9856,38379293
1584230400,2020-03-15,5046,28252,1,0.0022195798652397,1604,7,0.071999177440875,0.2776355766170992,-0.3104882869242613,12,20,56.77809194236441,54.68902132419189,-113.13517223014868,-144.3888011312106,,0.7953090227425745,,354.63109582946146,0.0135746667666391,0.4837880837475189,3.924248751553767,0.5333633726395206,8.926343654455552,0.9884040880503144,0.9897761638028472,0.9985,0.9941383231111875,0.0047696960070847,0.0052959051882227,0.9677211102639824,0.3525495035043904,0.0002334319078828,0.0200111856632343,0.0043138503129697,0.9999999998541222,0.1287232928753631,0.0003905162099667,11.19778042013476,3948,-2.1642652051498947,0.6253796191372477,0.8398720207735751,98.49275988574428,0.0015746235765133,2.9651,37760410
1584316800,2020-03-16,5065,28381,1,0.0022130159428222,1601,6,0.0718148412197745,0.2795685269097707,-0.3114731266853077,14,21,56.58647196228359,73.97046313449741,-124.12337107297854,-132.77866681609518,,0.7940244070808387,,355.5669962027677,0.0135457617746593,0.4821473344001749,3.927757348489871,0.5357798231508555,8.93010000293638,0.9972255251684504,0.9947114061341148,0.9987,0.9971567035811512,0.0036482872693909,0.0039167674299314,0.9676604152000552,0.3521533280584795,0.0002332588282821,0.0198834818711682,0.0026894524960687,0.999999999999998,0.0642507489829924,0.0003889967953281,11.206712734452122,3959,-2.157819298373524,0.624658508302215,0.8470320677750531,98.69129973674214,0.0015694487290668,2.9669,38031877
1584489600,2020-03-18,5081,28441,1,0.0022037480996827,1612,7,0.0719205469414838,0.2776584834414291,-0.3106955383990242,16,21,56.283467224590055,74.43466385317586,-132.43165211645015,-132.5556286564743,,0.7953282140909107,,355.92205028328897,0.0135236166875016,0.4832102949769495,3.9282676125870606,0.5313986653877251,8.924048626274475,0.9966436327739387,0.9927968694901838,0.9986,0.997631993403422,0.0034698703145794,0.0043352716270483,0.9674766930956812,0.3513951268689831,0.0002324269921504,0.0198092369899506,0.0023653535333714,0.9999999999999984,0.0624027768900195,0.0003875795106501,11.195040346388506,3965,-2.182378120786293,0.6206680195992939,0.8310724195061258,98.51690909716392,0.0015632972050311,2.9816,38239871
1584921600,2020-03-23,4857,26363,1,0.0022355173446568,1626,7,0.0696329504834187,0.2507702512061858,-0.3011930451097654,14,20,52.86310881978439,50.57041544591304,-122.23933952504494,-141.82355068091283,,0.8149712975492858,,336.9383941568601,0.0134786269976281,0.4965091879853762,3.877707765125904,0.5283088569387565,8.786228413908573,0.9372170832513284,0.9481292289718164,0.988,0.9673499330828718,0.0101980390271855,0.0126064595554823,0.9653015918346698,0.348035472479314,0.0002358504854007,0.0200013203153123,0.0172992052123926,0.4403805003886923,0.5173566845880004,0.0004120930742088,10.855672225653697,3782,-2.164479387969508,0.6289353703534275,0.8429237768342563,93.89307328737604,0.0016070168166662,3.0236,35318890
1585008000,2020-03-24,4867,26431,1,0.0022320819706367,1633,7,0.069634148488731,0.250527534846922,-0.3013731461334289,16,22,11.947198550177689,50.59915813319152,-168.58870837858703,-145.74608599598025,,0.8150655326439334,,337.53065188978445,0.0134677962350811,0.4968619058280071,3.875919622202452,0.5293577828098129,8.79067059763354,1.0,0.993942742671034,1.0,0.9996888888888888,0.0,0.001636094253921,0.9652372345831955,0.3479300308359686,0.0002351623081951,0.0199354616992989,0.0012105409281155,1.0,0.0283261331614672,0.0004114538757377,10.861310869118553,3789,-2.1588627018054902,0.6297272868387129,0.8427223395862069,94.00060905731536,0.0016046236979953,3.0096,35476604
1585094400,2020-03-25,4876,26470,1,0.0022271302665068,1634,7,0.0695929065884899,0.2508092492343509,-0.3015005236907735,16,21,11.88416140100739,69.30236561500803,-168.76888464849438,-130.43717421733953,,0.8149222799285761,,338.0756524428472,0.0134491686902174,0.4966816080764909,3.875488838828958,0.52929894811929,8.787362682433356,0.9997945346209164,0.993925338855215,1.0,0.999662626262626,0.0,0.0011342152531083,0.9652063962031496,0.3478467928199285,0.0002347856899316,0.0198747272602755,0.0005639342018613,1.0,0.0247011018101872,0.000410833119126,10.857260049220672,3795,-2.167048422505452,0.6261240661829008,0.8323953830431028,93.94221117180687,0.0016009733058352,3.0153,35616123
1585180800,2020-03-26,5124,28335,1,0.0021588364180275,1705,7,0.0727567429195023,0.271728387800705,-0.3094738893210569,10,18,102.23728024086137,15.691077170544151,-28.34063272384865,-172.77926553791585,,0.7994910337560717,,355.782652180981,0.0134140012355926,0.4946400408093916,3.881163683033456,0.5307296324534897,8.82760270698422,1.0,0.9941973454491912,1.0,0.9998767676767676,0.0,0.0001956469441687,0.9683426066946204,0.3483093720130999,0.0002253327121384,0.0195173281048125,0.0040695429316847,0.9999999999951502,0.366863715859803,0.0003884039989577,11.059718969555036,4024,-2.1635732798653784,0.6238581068829561,0.833629187293096,96.33287215165912,0.0015312390749225,3.0141,39144260
1585440000,2020-03-29,5194,28890,1,0.0021421864583117,1728,7,0.0728423100610706,0.273357572040921,-0.3114644414415811,11,23,80.32649817420048,74.48155305703385,-74.38376167024398,-138.27448683850665,,0.798095176961889,,360.69363805943385,0.0133626716066372,0.4940899652568442,3.884309695837465,0.531159833897058,8.86582461628502,1.0,0.992964105639824,1.0,0.9999858585858584,0.0,0.0001407052941362,0.968476106312519,0.3483495423830089,0.0002221585976696,0.0195817208102847,0.0018411323700528,1.0,0.1144332152904403,0.000384094794838,11.124374278013091,4081,-2.1567349003735248,0.6265348608540379,0.8361707955831782,97.3888321540133,0.0015179493265412,3.0156,40297747
1585526400,2020-03-30,5219,29046,1,0.002133167493747,1734,7,0.0727308077624079,0.2741794592169181,-0.3117540096539564,11,20,80.53644660104376,56.0055790328104,-74.34357833061927,-145.15047344445944,,0.7976976146897802,,362.4722468814203,0.0133308951602764,0.4938068905191965,3.886845434464464,0.5295537964586333,8.86921327715363,0.9998074701578744,0.9936470720185434,1.0,0.9997696969696968,0.0,0.0005869164952101,0.9685543759147855,0.3483855779589196,0.0002212380153598,0.0195652443394401,0.0007857608042295,1.0,0.0508316411193576,0.0003821923787298,11.130867982372102,4098,-2.1585391504907374,0.6272225798166774,0.8449741978096283,97.4910446316696,0.0015113138198087,3.0056,40682653
1585699200,2020-04-01,5218,29040,1,0.0021335444543162,1729,7,0.0728795281439773,0.2735764263476274,-0.3118762693526697,15,23,36.1190883879391,74.77439297031938,-150.63964366641608,-138.4438288865531,,0.79785928997009,,362.2684891534852,0.013347509050751,0.4934829312076417,3.8856906345919526,0.5287568886807632,8.865784813585654,0.996742671009772,0.9912714564621404,0.9998,0.9981601319315604,0.0014,0.0031603295786804,0.96840464039676,0.3482571778108225,0.0002211586980853,0.0195125690014422,0.0020625172448664,0.9999999999999986,0.0464697238346662,0.0003825067247191,11.13070141816788,4096,-2.175047039310684,0.6206099087197455,0.8280512880764033,97.43455786297758,0.0015109455044767,3.0153,40684162
1586131200,2020-04-06,5216,28564,1,0.0021001829314918,1721,7,0.0722326163398423,0.2755716285465649,-0.3134681890834583,14,24,56.41818694676836,55.13336096730397,-123.57785646148506,-151.8093201141893,,0.7968511684493863,,362.0523096453256,0.0132046951687088,0.4937558995344753,3.866848887350843,0.5255618832084032,8.717459224972966,0.9885013415101572,0.986444487602654,0.9968,0.9872704605491056,0.0056356011214421,0.0079380469692693,0.9685319309458356,0.3481655505181149,0.0002205444422954,0.0196508776838346,0.0055019111522878,0.9999975707707908,0.1971170464672513,0.00038349016995,10.952453987730062,4100,-2.1935173885790085,0.6124283323382017,0.8296049763934987,94.2584873029753,0.0014829724664769,3.0148,40722682
1586217600,2020-04-07,5220,28630,1,0.0021018104347583,1723,7,0.0724593586676007,0.2753639859635356,-0.3131427552934858,11,24,80.06660720864161,55.33521387471375,-73.00030069141802,-151.8876438907259,,0.7968274467992488,,362.37161873499264,0.0132190942561564,0.493489363338512,3.8712341530828778,0.5236834312815111,8.72796439827381,0.9994248466257668,0.9944089389843768,0.9999,0.9999050505050504,0.0009949874371066,0.0003225434578721,0.9685264909393936,0.348206216473022,0.0002204572610769,0.0196387857473669,0.0011961427261829,1.0,0.0279111722257419,0.0003831274400487,10.969348659003831,4100,-2.2014868464610435,0.6134647835073181,0.825633797483365,94.519416447926,0.0014838553986397,3.0229,40780339
1586304000,2020-04-08,5223,28655,1,0.0021012296244705,1722,7,0.0724962146047858,0.2752673817964471,-0.3128975763913839,11,21,80.15270737601868,74.76437509047452,-72.93944433302686,-131.88481245762827,,0.7968994500027097,,362.5361865963599,0.0132159845845365,0.4932719093516604,3.87297914416414,0.5233133680272087,8.730897925378224,0.999616858237548,0.9942544176823228,0.9999,0.9997131313131312,0.0009949874371066,0.0014436121074385,0.9684096053619649,0.3481643906245489,0.000220418600732,0.0196019277538799,0.0005189249143377,1.0,0.0141498368181305,0.0003829691924485,10.972621098985258,4102,-2.2085893402071446,0.6114839050018702,0.817094730065593,94.59150582594916,0.0014835650176546,3.0146,40831680
1586390400,2020-04-09,5230,28792,1,0.0021056272801302,1730,7,0.0729286576744535,0.2749474530117256,-0.3132660358862162,13,23,35.87503770960212,37.06375512292179,-144.01131987693333,-163.19742995116442,,0.7970635784228638,,362.8556588579106,0.0132463975229028,0.4938410010267219,3.875299217682268,0.5260833160661615,8.756675056126596,0.9982768523836876,0.9919031902996044,0.9999,0.9985304061018349,0.0009949874371066,0.0031136770545071,0.9682082455255476,0.3480082944701669,0.0002199318219824,0.0195240408380783,0.0012828242781139,1.0,0.0619561441176785,0.0003827856528683,11.010325047801148,4105,-2.182023206293948,0.6190136284523859,0.8362518849846683,95.23840196033096,0.0014865255662273,3.0041,40964845
1586649600,2020-04-12,5253,29049,1,0.0021058579081999,1724,7,0.0729794591843815,0.2755387973080138,-0.3130444362550514,10,21,103.88064987480983,75.47647228088789,-26.139656500147478,-132.61556120264564,,0.7967047209686111,,364.29824663814,0.0132626018473363,0.4928823918624596,3.881833974948254,0.5263475553023996,8.79186690053647,0.9967495219885276,0.9924998590365104,0.9995,0.9993389404246544,0.0021794494717703,0.0012060024218997,0.9684501865576316,0.3478627424554785,0.0002200669760712,0.0194613596394471,0.001902290924352,0.9999999999999996,0.0825392318838679,0.0003797677070318,11.059965733866362,4114,-2.177697729066596,0.6212586329255774,0.8399804736476697,96.05818386178782,0.0014867307867657,3.0129,41208195
1586736000,2020-04-13,5257,29085,1,0.0021052599578035,1725,7,0.0731446066147872,0.2765155949614302,-0.3130960732325225,13,21,36.522941706785865,75.77385258624275,-144.1225929100446,-132.4947845626972,,0.7960957620518027,,364.6853834449745,0.0132668617372463,0.4928567273076646,3.881016980386014,0.5281209073098578,8.790305398790593,0.9984770607272035,0.9924397141151464,0.9996,0.9996441146155434,0.0019595917942265,0.0007201962185881,0.9685554545962878,0.3479663312984988,0.0002199621806619,0.0195005462868338,0.0010575041749922,1.0,0.0329328737428943,0.0003792942928546,11.065246338215712,4120,-2.1797353722585653,0.6186396822037374,0.8300763781288425,96.09859969066416,0.0014853007262581,3.0003,41257671
1586908800,2020-04-15,5239,28949,1,0.0021098407171927,1721,7,0.0730684695599297,0.2772172198600869,-0.3141297983585427,11,25,81.120964545654,74.26427160526744,-72.68455863328104,-142.5706935657578,,0.7955151145865189,,363.7547210476865,0.0132784675172582,0.4932230350533261,3.876241068860761,0.5287525603288059,8.776491805394645,0.9941031006277344,0.9905191744626152,0.9987,0.9979209702750204,0.0036482872693909,0.0027487199808715,0.9686548337447368,0.3482711556151158,0.000220310726002,0.0196200867861586,0.0017652319562427,0.9999999999999994,0.0537013646680378,0.0003808369332852,11.05134567665585,4112,-2.176911213355353,0.6176730158911753,0.8322193595721744,95.84042300053927,0.0014877689297679,3.0018,41002888
1587340800,2020-04-20,5273,29060,1,0.002090703434653,1747,7,0.0730496572798477,0.2748159414215948,-0.313731972105671,8,23,55.71756955328256,37.52545500780914,-78.77954661354083,-163.62794875615762,,0.7971621302527084,,365.98780016565297,0.0132060387996568,0.4949047661494203,3.872772028385668,0.5232853827343452,8.75843711221785,0.9944645924794808,0.9915692941015642,0.9994,0.998478169449598,0.0023748684174075,0.0025268664735033,0.9685908627655678,0.3481420614230767,0.0002177448060838,0.0194612259932503,0.0022437084453941,0.9999999999999996,0.0768837288585975,0.0003792260159897,11.022188507490991,4142,-2.1926694725795106,0.6194248032540011,0.8277889500060184,95.39516752306034,0.0014747139011439,3.0198,41609882
1587427200,2020-04-21,5339,29171,1,0.0020471177436918,1805,7,0.072796089216895,0.2719078254277106,-0.3150004251238107,12,22,58.829135475710345,56.513942887098345,-110.80305614066336,-148.72464332086582,,0.7993296148798473,,369.0932367802132,0.0130522617002978,0.5000046575255574,3.851485990939418,0.5180468845264244,8.687911697880642,0.9975346102787788,0.9935679338768882,0.9997,0.9989594310451454,0.0017058722109231,0.0041254961646215,0.9692950810449976,0.3467427221362377,0.0002126119779319,0.0198297902357511,0.0067748754668627,0.9996339133230356,0.1219871864524375,0.0003771256558274,10.927514515826934,4207,-2.2018974746466613,0.6181219218860795,0.8301298823159063,93.84582078699805,0.0014431776024879,3.0242,42855984
1587513600,2020-04-22,5366,29348,1,0.0020388633135558,1813,7,0.0726994137975091,0.270443113512736,-0.3148194681175691,15,23,36.78351287151676,37.70351705957033,-150.25545624753494,-164.1546046339671,,0.8001246543354591,,370.6283435176974,0.0130166632718978,0.4998973076203454,3.8516344990815456,0.519238484635845,8.700528521870925,0.9994380970219142,0.9945841512233574,0.9998,0.9999111111111112,0.0014,0.0005857331805873,0.9694696735000048,0.3464309780415176,0.0002119295241661,0.0198179122828078,0.0009164345067488,1.0,0.0465291129479299,0.0003750138659973,10.938501677226984,4224,-2.19354598466463,0.6208876584947415,0.8358209917890298,94.08939009660112,0.0014382592587483,3.0358,43263770
1587600000,2020-04-23,5364,29307,1,0.0020375336686326,1814,7,0.0727102456851632,0.2708511869323206,-0.315081575696744,14,23,58.2438761926806,37.69439773567201,-122.97279952679524,-164.03268540148267,,0.7999063611083176,,370.49272212319903,0.0130165400732815,0.5002807511806611,3.849019128014807,0.5194784782163467,8.68955885811665,0.9992545657845696,0.9934426325317312,1.0,0.9997171717171718,0.0,0.000489039128764,0.969573128169055,0.3464324559753159,0.000211853815566,0.0198605160920792,0.0015197046724161,0.999999999999999,0.0161487121803918,0.0003751416883074,10.927293064876958,4226,-2.1892017483980477,0.6214595157085132,0.8412511283646107,93.87007284736886,0.0014367440950779,3.0309,43230561
1587859200,2020-04-26,5408,29007,2,0.001983991275828,1886,7,0.0722041233332864,0.2680579879797339,-0.3154748336652822,13,23,36.48769286055082,37.45192855561977,-142.9979137242841,-163.06588254485249,,0.8020978469879491,,369.1777336777592,0.0128585201048545,0.5084594905737744,3.801308561468376,0.5166539847876609,8.532850161647112,0.9869500372856076,0.9884086094706632,0.9971,0.995821646721794,0.0047528938553264,0.0041314642041641,0.970476510500276,0.3423889283641332,0.000205715009825,0.0198043118967067,0.0096391017919154,0.9607931355791324,0.2058711594720825,0.0003763614189382,10.727440828402369,4297,-2.192218839307239,0.6175537446701675,0.8340357071386983,90.50133820867612,0.0013959358203366,3.0586,44216454
1587945600,2020-04-27,5426,28996,2,0.001970101287367,1893,7,0.0719724245803583,0.2667729478676136,-0.3148700029854789,15,22,36.35338313233679,56.19015822429658,-149.21510035851654,-147.86778601808305,,0.8030820745257125,,370.4656699990828,0.0127961106357203,0.5090348498345212,3.794562960298878,0.5176109650931922,8.50693348269221,0.9990754437869822,0.9881830976428346,0.9997,0.9983979797979796,0.0017058722109231,0.0046040448362498,0.9706285148805408,0.3424369226108235,0.0002050852016665,0.0197028599220166,0.0010190906374523,1.0,0.0561419976575784,0.0003743063202271,10.687799483966089,4315,-2.201749368514777,0.6099088571655557,0.8231004973495792,89.89312023279415,0.0013864980822451,3.0506,44447463
1588118400,2020-04-29,5439,29073,2,0.001965900720695,1903,7,0.072114998527719,0.2665311677818513,-0.3152375400942388,16,25,15.83011273830256,74.39105635787551,-172.6270989092934,-141.53454980066255,,0.8033542763510313,,371.39108313265024,0.0127799358684801,0.5094332884855582,3.7923135243117216,0.5166745264305551,8.509314282449898,0.9972355326207152,0.98769713642129,0.9993,0.9987224902082044,0.0025514701644346,0.0021389667303822,0.9705287946838626,0.3424699677935395,0.0002040852213372,0.0196443917980043,0.0008604292475599,1.0,0.0520574434533639,0.0003740755967745,10.690568119139549,4323,-2.199501065771358,0.6133271801062248,0.8223104862313713,89.95545127066049,0.0013836163897969,3.053,44725315
1588550400,2020-05-04,5484,28981,2,0.0019276477270172,1955,7,0.071515209902222,0.2638676472309553,-0.3159943986359938,19,27,35.85434442366972,37.45555300651291,-158.04378243666332,-167.18443447415015,,0.8055538795424433,,372.2457329586052,0.01263361122125,0.5152182555734895,3.770600757266786,0.5106651902501059,8.422606629873293,0.990623276337562,0.9837620166451474,0.9973,0.9950210963516928,0.0056311632901204,0.0051311979102019,0.9709721681228272,0.3404331017823267,0.0001995876348439,0.0196039130189316,0.0069863772583372,0.9991876593415852,0.1469168896489939,0.0003740253642622,10.569292487235597,4365,-2.214409226246485,0.6114308984030977,0.8229165554034439,88.03632077907928,0.0013563637488699,3.0702,45702256
1588636800,2020-05-05,5481,28987,2,0.0019301581974625,1955,7,0.071551909458287,0.2641985301904889,-0.3160665688905836,16,30,15.417648658682538,54.14027202553133,-172.73968233315375,-160.7192446995414,,0.8052463233321981,,372.1562406226773,0.0126441586142788,0.5150956518306827,3.7728105548441406,0.5091930750263254,8.427060459532212,0.99945295404814,0.9893374857004356,1.0,0.999939393939394,0.0,0.0001948212274948,0.9709712808023682,0.3405381536596473,0.0001998004310861,0.0195896236156254,0.0010020692130403,1.0,0.0119110497892733,0.000374032489229,10.577266922094507,4365,-2.214035901817329,0.6141965575659198,0.8282292284531534,88.14876702862435,0.001357924011727,3.0784,45635911
1588723200,2020-05-06,5436,28596,2,0.0019357812883952,1939,7,0.0710112759220309,0.2654824613268118,-0.3160283321443216,17,26,35.40076998287499,55.03598064876485,-153.52952483709768,-153.97400599333045,,0.804786730343204,,369.1270867362563,0.0126363675945995,0.515556343705217,3.76552678854413,0.5130250328091508,8.385319249709049,0.990330231709542,0.98489043089365,0.9985,0.9959644609358896,0.0035707142142714,0.003623044107814,0.970869213033695,0.3405647242261371,0.0002010264935992,0.0196474128030925,0.0024962815554274,0.9999999999999996,0.092172719484883,0.0003774085797831,10.520971302428256,4336,-2.1981605647720923,0.6154437841042336,0.8375735454274592,87.25899856847661,0.0013614799155159,3.0668,44916064
1588809600,2020-05-07,5465,28762,2,0.0019264077672503,1953,7,0.070984470049969,0.2650344414472557,-0.3161205235855452,17,27,35.52127027137167,36.99865348009117,-153.86875911226812,-166.79965092439514,,0.8051125726003162,,370.2537197745594,0.0126135921569635,0.5163914538116992,3.7620121950826975,0.5125461955767753,8.390272283923283,1.0,0.9897102894397836,1.0,0.9972363636363636,0.0,0.0270108320202068,0.9710618034665184,0.3397910407726128,0.0002000195189519,0.0195425314619875,0.0012237551560637,1.0,0.0494046332706463,0.0003750627388396,10.525892040256176,4358,-2.202243483678557,0.6149777060761148,0.8272605420840655,87.37051157800448,0.0013551494217487,3.0821,45342323
1589068800,2020-05-10,5546,29056,2,0.0018896632053841,2004,7,0.0705663202034548,0.2610364530569,-0.3171106700034887,18,29,14.83015230932751,36.54132597458964,-175.44140781604125,-169.63114415881495,,0.8078538093970258,,375.3021650776113,0.0124886523452577,0.519454671699532,3.749967211063417,0.5072789758064543,8.364440146422806,0.9937785910338518,0.9833419971902654,0.999,0.9936905044554531,0.0033166247903554,0.0262492590182958,0.9712421331512392,0.3393777043489169,0.0001961335463066,0.0194868552176892,0.0039844745221616,0.9999999999793956,0.1162749939044441,0.0003694183677515,10.47818247385503,4429,-2.2082796166025367,0.6167257468073347,0.8365362804769977,86.64415680511446,0.0013306371154056,3.079,46674171
1589155200,2020-05-11,5545,28869,2,0.0018781789295765,2020,7,0.0702997659608701,0.2604819084814326,-0.3183054729852386,15,26,35.01902426324128,54.572952592462926,-149.659174635909,-154.7191326903907,,0.8082921751049512,,374.9699535030021,0.0124360688610736,0.5221244916598355,3.734583487951018,0.5094292501255978,8.315132681752832,0.995672556797692,0.9847803792322763,0.9991,0.9964119562976708,0.0028618176042508,0.0050569485593591,0.9717858521518996,0.3391339776203045,0.0001949057457614,0.0195660202115292,0.0033656699261232,0.9999999999999812,0.0770351876282352,0.0003706346316795,10.412623985572589,4439,-2.199011690200474,0.6154825504184861,0.8372023998156011,85.5990173558362,0.0013219512379004,3.0708,46766274
1589328000,2020-05-13,5507,28585,1,0.001885458199982,1999,7,0.07024837225077,0.2616931274120037,-0.319230976155152,20,31,54.175429040807536,35.746236848259386,-143.17101288221843,-170.23976234502467,,0.807604012682098,,374.23840758484073,0.0124195579159495,0.5211894420062252,3.7344098751944377,0.5094055678550896,8.28992186238048,0.9902614968440036,0.9817065779770772,0.9982,0.9882132794386106,0.0043312815655415,0.0397235219666491,0.9714056885231276,0.3408031885380293,0.0001944783233758,0.019447912779398,0.0018468502175196,1.0,0.0841583537502806,0.0003762983382373,10.381332849101144,4407,-2.2139816950363285,0.608972770743909,0.8249754512887764,85.06631982979854,0.0013264970340745,3.0942,46478671
1589760000,2020-05-18,5517,28597,1,0.0018794173405347,1994,8,0.0700555844230796,0.2621196682083562,-0.3190629814436741,20,30,54.2427956717592,18.72237382629911,-143.0898034731245,-178.97203290726895,,0.8075391250417618,,374.68548069164007,0.012370477261696,0.5202818801849781,3.7339987378730206,0.5081149635019696,8.281303195972583,0.99001271109497,0.9884875768417972,0.9976,0.9963472456524002,0.0051224993899462,0.0039746124050828,0.9712873078375616,0.3405905954148462,0.0001938737930899,0.0192967383416573,0.0021063705266903,0.999999999999998,0.0714854023183904,0.0003768250092431,10.366866050389705,4408,-2.1931614335287164,0.6226317283195316,0.8416046192745668,84.93163618602372,0.0013225187764643,3.0998,46760254
1589846400,2020-05-19,5518,28613,1,0.001879787296874,1993,8,0.0700310677955527,0.2619666872756542,-0.3191555790018938,21,32,73.84601526360828,52.60528343696846,-129.90781822619982,-162.21532709107157,,0.8075975418064533,,374.8036533405456,0.0123718748675292,0.5200638837656836,3.734165582678868,0.5093722442586514,8.284503376439474,1.0,0.9948856083700942,1.0,0.9999919191919192,0.0,4.88203877720996e-05,0.9713111740783598,0.3406361646935152,0.0001939371845713,0.0192991663555788,0.0004547544007605,1.0,0.0076452216658371,0.0003766775105121,10.370786516853933,4409,-2.188014992363852,0.6237092007231858,0.8418363009429608,84.99237941154982,0.0013228607000818,3.0876,46770574
1589932800,2020-05-20,5525,28651,1,0.001877516784021,1999,8,0.0698998685102275,0.2622943381054866,-0.3193395430072865,20,32,54.19150859641493,52.61391835660534,-143.2780888770768,-162.3146133852063,,0.8073885896319118,,375.2871032437351,0.0123615460661025,0.5203084195745086,3.732381203129188,0.5116621318108006,8.284670550364895,0.9996375498368976,0.994905646608202,0.9999,0.9999555555555556,0.0009949874371066,0.0001327197390356,0.9713067465102176,0.3406420931589053,0.0001936223407702,0.0192950433458326,0.0007259499556367,1.0,0.0194353977685592,0.0003761896114074,10.371402714932128,4417,-2.1782177102534663,0.6238130338960981,0.8454602488067793,85.0018083696711,0.0013212116887872,3.0953,46888538
1590019200,2020-05-21,5567,28800,1,0.0018589087005382,2020,8,0.0697764485659573,0.2612518830122328,-0.3192871287138342,23,33,35.99567971384073,35.95492876003165,-162.9556962373811,-172.12886515179758,,0.8080886990022259,,377.5224545879702,0.0122905640428487,0.521356000376709,3.727626090858173,0.5103693853061682,8.267117012568693,0.9994570135746608,0.9941983724058828,1.0,0.9997575757575756,0.0,0.0009834877935061,0.9714986205508092,0.3400797688955094,0.0001915965281279,0.0191322001346344,0.0014120378084494,1.0,0.0559350471061088,0.0003743785545586,10.346685827195977,4451,-2.191866759974465,0.6175842100645965,0.8389410663273729,84.64981410889347,0.0013080580449521,3.0911,47693421
1590278400,2020-05-24,5574,28184,1,0.0018145820830879,2090,8,0.0698959600219702,0.2512750735552405,-0.3179862013706205,20,32,53.66566279948975,18.895964138949186,-141.72660762579835,-178.48930605732485,,0.8156126520459324,,376.1919328963267,0.0121142134040193,0.530336223767079,3.6821011180362166,0.502270204294444,8.112876855093893,0.9856296030177834,0.982382379828476,0.9958,0.987992607167828,0.0065084560381091,0.0091813963150241,0.9714562746246496,0.3384443382115285,0.0001880739688563,0.0189569742828282,0.0119252509904945,0.816362789908634,0.2373250823432987,0.0003777178579834,10.112665949049156,4470,-2.2229012114488014,0.6067236571914463,0.8314656510305319,81.14144407613969,0.0012786303996407,3.1069,48165492
1590364800,2020-05-25,5573,28144,1,0.0018126571438618,2097,7,0.0697957209418342,0.2485144295071578,-0.3171351942595091,20,31,53.69866577445957,35.80162592337199,-141.55995715762066,-168.62981041762254,,0.8173998493257008,,375.78709994137824,0.0121034880290828,0.531313029260408,3.6783543115704735,0.5017591077252103,8.109667625823299,0.9940796555435952,0.991662350303644,0.9984000000000002,0.9972796094757804,0.0039293765408777,0.0031628767229568,0.9711579179311955,0.3381416299555601,0.0001876868151566,0.0189377568590084,0.0026052103821342,0.9999999999999958,0.0573889912478155,0.0003783594927315,10.10012560559842,4477,-2.2134737529441373,0.612095436212494,0.8367304411806971,81.00619064081752,0.0012782804053259,3.1227,48197835
1590537600,2020-05-27,5582,28174,1,0.0018087421166057,2101,7,0.0697508608068289,0.2478798544969519,-0.3169460205018874,21,37,34.80331396512223,35.31837480561292,-159.06749699323726,-172.85550808480633,,0.8177732427132246,,376.0500138303951,0.0120870873566922,0.5313077405244202,3.6781156110608975,0.5005105011189179,8.106650961506158,0.9985645074466176,0.9920247154244686,0.9998,0.9994769325912184,0.0014,0.0013019115470272,0.9712070534607876,0.3378322489485599,0.0001872529588017,0.0188866702599821,0.0007005483969872,1.0,0.0275255439946991,0.0003785226623656,10.094589752776782,4479,-2.2217828179566026,0.6109108357513123,0.8332808999916438,80.93244686252866,0.0012756725232552,3.116,48420961
1590969600,2020-06-01,5502,27581,1,0.0018225429552447,2070,7,0.0695301378374726,0.2497174118167022,-0.3166610430182328,23,39,34.06922745766727,2.7205141934134485,-160.49669980154047,-186.434469724722,,0.8167616621438617,,370.6172027139483,0.0121320283979171,0.5313849746858287,3.6729963868285713,0.5022638006498423,8.05546922441307,0.9833393049086347,0.9838103851487762,0.9954,0.9923316249492612,0.0068439754529074,0.0065179628088417,0.9713220146387268,0.3377998909737695,0.0001900286217849,0.0189743841021426,0.002496144524365,1.0,0.1181826197594082,0.0003846145514572,10.025808796801163,4437,-2.209990754934636,0.6121750455890059,0.8438518442345629,79.87249489761129,0.001284921214111,3.1219,47096354
1591056000,2020-06-02,5509,27584,1,0.0018181115921355,2083,7,0.0695722736996232,0.2481298718065596,-0.3167334140109437,21,38,33.86331131976381,18.573182409726407,-158.0603081725551,-179.14206690614006,,0.8176082439945315,,370.728831636248,0.0121183436343141,0.5324621812564391,3.669247829254144,0.5005169053557472,8.046281274621709,1.0,0.9941573690940564,1.0,0.9989636363636364,0.0,0.0049145876861943,0.971365500510742,0.3374715928549033,0.0001888758393234,0.0189972008801737,0.0018849562386231,0.999999999999999,0.0182611197868343,0.0003848517813731,10.014158649482663,4444,-2.207936592643676,0.6151221234231421,0.8504147531530342,79.6785254185067,0.0012816113896886,3.1224,47277010
1591142400,2020-06-03,5521,27620,1,0.0018125785866349,2094,7,0.0694809401938375,0.2472567840063673,-0.3160219613817275,23,40,34.124721347643,80.4278106954988,-160.53696699865554,-153.38633211123627,,0.818120538399882,,371.5260299734071,0.012096245897338,0.5331131058123069,3.6662117735376634,0.5001027612906924,8.040323073395063,0.9998184788527864,0.996596264422952,1.0,0.9999818181818182,0.0,0.0001110008635783,0.971371381971915,0.337459383376624,0.00018839958646,0.0189703922190848,0.0011760900121317,1.0,0.0232523296172861,0.0003839050911131,10.00543379822496,4455,-2.2059817888454702,0.6167218622076672,0.8529090380670417,79.5378209165607,0.0012777368450742,3.1229,47474081
1591228800,2020-06-04,5016,24465,1,0.0019451215730798,1934,7,0.067478135732657,0.212945481836454,-0.2944851290117193,23,36,59.99914965374951,10.142609161393024,-132.66210537991245,-172.36433212879015,,0.8424786306021934,,332.2221030043846,0.0123570125907277,0.5372445146725647,3.654804720115532,0.5035978232575093,8.015994286806242,0.9069009237456982,0.915866009719832,0.9887,0.9524184032204032,0.0115459949766141,0.0153831854771073,0.9659950805386436,0.3322449477145235,0.0002046988491711,0.0175842220728576,0.0058324139785831,0.9999876007413366,0.5292721685823675,0.0004323628740089,9.754784688995215,3971,-2.165014441753719,0.6367126674375022,0.8651771445605199,77.17827526227471,0.0014017283839249,3.1845,39784117
1591747200,2020-06-10,5266,25576,1,0.0018449448503885,2040,8,0.0694746680487988,0.2466350643644932,-0.3007170466552369,19,33,69.91528957477573,33.22556635567879,-117.15824006038152,-163.38769635067982,,0.8195828672192011,,355.5535060762091,0.0122087787216153,0.5421638380420489,3.605206697630865,0.4942281198345581,7.816186874395061,0.922049441786284,0.9500425512017208,0.983,0.9696285619482892,0.0123693168768529,0.0119282709600743,0.9718691695340872,0.3386005896017521,0.0001941480232336,0.0187437470291268,0.012684589715493,0.7960018612052263,0.6276886239006649,0.0003982543678182,9.71363463729586,4271,-2.229004893694783,0.6054168563403372,0.8330935214795222,74.93142867590907,0.0012970153100162,3.1045,42877406
1592179200,2020-06-15,5710,28750,1,0.0017638907933796,2175,7,0.0669610154680334,0.2484952736300508,-0.3008947715128719,21,35,34.40958745038907,34.79091791377552,-160.9222898341677,-173.57176449009302,,0.81699573400777,,385.7845719995159,0.0118271390988107,0.5334716551156267,3.670244552972657,0.4988404500123097,8.097792284302248,1.0,0.9965417383065188,1.0,0.999969696969697,0.0,0.000216406922077,0.972532956900381,0.3387785828460908,0.0001834352533206,0.0195864235887084,0.0152989504756748,0.5359673514333276,0.4609810947272304,0.0003662256373019,10.070052539404552,4609,-2.2048732881227973,0.619933420407508,0.85522085107761,80.76169908075654,0.0012454605249999,3.1083,50297152
1592265600,2020-06-16,5734,28923,1,0.001759680019683,2187,7,0.0668704184840342,0.2470830074441676,-0.3006630845934351,22,34,53.15217885461107,18.834478535307497,-148.21122128273635,-181.5808141767357,,0.8177869507041032,,387.3316374212548,0.011800858113828,0.5333958225242392,3.673688871850525,0.499308583825799,8.117147567989392,0.9998248686514886,0.9954379314530972,1.0,1.0,0.0,0.0,0.972499103427854,0.3387121492519833,0.0001827391515559,0.0194574248470718,0.0016175979211475,0.9999999999999996,0.0468567679684158,0.0003647791881664,10.088245552842691,4618,-2.201142494661783,0.6217794247381765,0.8571704582945315,81.11107196255782,0.0012436235037974,3.0995,50729395
1592352000,2020-06-17,5741,28993,1,0.0017596395388145,2190,7,0.0667906303209997,0.2473582685424387,-0.3008877029242295,21,34,34.62906838458889,18.899001235982865,-161.4524010406182,-181.7601481057075,,0.817582915696023,,387.8670647810428,0.0117965391985512,0.5332107586095219,3.675772275752231,0.4995917491911812,8.126387444502503,1.0,0.995456456665286,1.0,0.9994121212121212,0.0,0.0058493200848086,0.9725320339474988,0.3387664872227736,0.000182666127331,0.0194424106337587,0.0008367231292764,1.0,0.0231970733889082,0.0003642470534395,10.10033095279568,4623,-2.2046309307351497,0.6195171615834701,0.8530135622040066,81.31203604010463,0.0012437194115281,3.0968,50845186
1592438400,2020-06-18,5751,29052,1,0.0017570932843437,2191,7,0.0666887981832036,0.2476009396964547,-0.3010136839373278,18,31,53.82762077578074,68.93125717043321,-138.39043836975358,-152.75876665823577,,0.8174690177051741,,388.5843247957757,0.0117852068347257,0.5329293102585735,3.67512368390037,0.5013184223752304,8.128185063829587,0.999651628636126,0.9954129290088404,1.0,0.9999353535353536,0.0,0.0003884675666011,0.9725515204126756,0.3388011894823016,0.0001823918086428,0.0194429024573638,0.0007152789192528,1.0,0.0239571794591815,0.0003635610926103,10.103286384976526,4628,-2.193697524104935,0.6217730041402266,0.857471671614847,81.35649693885026,0.0012418664340982,3.1127,51017637
1592697600,2020-06-21,5788,29549,1,0.0017643745262747,2183,7,0.0670182718627875,0.2502147562037281,-0.2992998728660029,23,37,72.47225491738034,35.42474603355803,-137.63033703302793,-176.8682675918249,,0.8156532004964744,,391.64631969269306,0.0118252252373045,0.5298289255751581,3.696539312069588,0.5024142961883784,8.207036029606629,0.9979134063641106,0.9953249251709256,1.0,0.9999434343434344,0.0,0.0001513938908702,0.9722996205639088,0.3392894705067079,0.0001824586044926,0.0193406943653679,0.0039770133423507,0.9999999999384755,0.1305113007599271,0.0003605289901225,10.210435383552175,4647,-2.209121166614902,0.6156103354942866,0.8433598855641542,83.07054563668959,0.0012475850035719,3.101,51608219
1592784000,2020-06-22,5806,29639,1,0.0017587912115626,2179,7,0.0669263472029671,0.2508803985640447,-0.2990531317431538,24,34,90.98644097567689,19.500693195626475,-126.93132092570276,-183.3995442765176,,0.8152502713575499,,392.956931757572,0.0118046471994494,0.5292556108686204,3.699295528186941,0.5004243347002247,8.205017196692836,0.998790601243953,0.9947885598269957,1.0,0.9996767676767676,0.0,0.0006265883805766,0.9722638353413278,0.3393661141790934,0.0001822916759148,0.0193288673514578,0.0015067938440823,0.9999999999999996,0.0439487687712479,0.0003592693756995,10.20978298312091,4657,-2.212271708137021,0.6172014190533457,0.8496717387053309,83.05360850101377,0.0012433611790699,3.09,51916131
1592956800,2020-06-24,5751,29409,1,0.001778684992402,2130,7,0.0670851934312296,0.2525289787085594,-0.2995364480743569,21,35,35.37239990908622,-29.156403620321623,-162.18160910000475,-207.08233779949185,,0.8141946767329122,,389.57182537593707,0.0118861703098182,0.5259912255176362,3.704608960262426,0.5078549094996225,8.215653025052049,0.9872545642438856,0.9903925992048972,0.9989,0.9969659498413548,0.0037134889255254,0.0037041807567709,0.9719614310333856,0.339668373622389,0.0001851192100171,0.0195790086430965,0.0051230437960047,0.9999987214582494,0.0801873453930014,0.0003617006056633,10.227438706311943,4604,-2.182971906900678,0.6232186803606506,0.8538966338941,83.31565020567454,0.0012571322204839,3.0892,50829316
1593388800,2020-06-29,5805,29661,1,0.0017607032127891,2139,7,0.0666654823203588,0.2517453546795815,-0.299064844669236,20,31,55.28501802478061,37.13776765567515,-144.28241228073878,-172.31237186451023,,0.81433571405598,,393.4921024617028,0.0117956772711817,0.525323321631853,3.7087805060253607,0.5034779090782788,8.21082723219517,0.9939141018953226,0.990554609645103,0.9991,0.996509791795506,0.0028618176042508,0.0043296955549492,0.9720716402012342,0.3398849596247266,0.0001840326473095,0.0194749984836652,0.0013587121349977,1.0,0.0773802736026098,0.0003578650695663,10.219121447028424,4649,-2.1996751190016246,0.6221502979100236,0.8501135343992661,83.25202407476156,0.0012445805913868,3.0803,51743319
1593475200,2020-06-30,5783,29502,1,0.0017646158455468,2140,7,0.0668844768557297,0.2508078112493936,-0.2988175956764945,22,34,54.77827790005381,20.61500500681891,-148.72941419728076,-182.42318681589936,,0.8150694818016002,,391.358350715242,0.0118155621918725,0.5266519072046747,3.702864984767885,0.5026748595936887,8.200452913075813,0.9943152454780362,0.9882344189223412,0.9991,0.9960481137909708,0.0028618176042508,0.0043016264744195,0.9719450219018696,0.339332968703012,0.0001841172325458,0.0194874751471307,0.0029670260764607,0.9999999999999885,0.0596262501558511,0.0003595759891206,10.2030088189521,4630,-2.215445174525868,0.6149018974653638,0.8352681542393975,83.01578468551216,0.0012475235917128,3.088,51373705
1593561600,2020-07-01,5794,29662,1,0.0017674551690436,2146,7,0.0673121764514352,0.250889386054361,-0.2992484458122861,22,30,54.9512881670861,54.57997958041678,-149.09398479205854,-161.53628090587443,,0.8149829667545332,,392.1145727542629,0.0118549390251763,0.5268347192592403,3.705423684469396,0.5012533245733559,8.226185188944031,0.9998270793705688,0.9938006462205088,0.9999,0.9999535353535352,0.0009949874371066,0.0003166694859153,0.97181692106225,0.3393447898728516,0.0001838321219519,0.0194418104150194,0.00092996320557,1.0,0.0511180718412522,0.0003588689039057,10.238867794269934,4643,-2.205384241598657,0.6211582484379629,0.8479196325487508,83.55488445147722,0.0012496081065322,3.0785,51567182
1593648000,2020-07-02,5802,29760,1,0.001768407436795,2141,7,0.0673493737443144,0.2521814893304331,-0.2997146921504624,23,40,73.92462344932171,52.224435176026816,-137.24545493395675,-171.85120804301732,,0.8142372568514795,,392.73049159178754,0.0118582471721722,0.5261008755683136,3.710616539994644,0.4996612243921398,8.238014444987476,0.9996548153261996,0.9940596524803682,0.9999,0.999969696969697,0.0009949874371066,0.0001381292356684,0.9717106350655974,0.3394093376553188,0.0001838597795499,0.0194039612103054,0.0013703272305492,0.9999999999999996,0.0335080198619972,0.0003582696362723,10.258531540847985,4649,-2.2159328077396685,0.6195237160421756,0.8447939261433218,83.85901432715312,0.0012499287844935,3.0908,51699652
1593907200,2020-07-05,5847,30023,1,0.0017566780593584,2172,7,0.067431671771636,0.2538649961929975,-0.2991173135958258,20,34,56.24222534442687,21.24462285493133,-144.5073082699633,-183.65111320260712,,0.813060373482639,,395.301277688164,0.0118188945185,0.5275560816449397,3.705387314351384,0.5036168703973332,8.239399332756074,0.9981041020337814,0.99264972238203,0.9995,0.9987087198515768,0.0021794494717703,0.0055829675555548,0.9719339607433608,0.3389980094330128,0.0001822937716246,0.019326154530678,0.0029868860351227,0.9999999999999938,0.0681672550060806,0.0003555686104896,10.269539935009409,4695,-2.2102662813854743,0.6149430284613613,0.8403086856720594,84.05531108289561,0.0012405301071214,3.0847,52499622
1593993600,2020-07-06,5850,29980,1,0.0017523632500551,2178,7,0.0674877653791087,0.2534388669364163,-0.2995052804267415,21,35,36.82813730480839,37.86166638851847,-162.55978560398378,-175.7244094727772,,0.8133061388816701,,395.359311002994,0.0118030121393916,0.5281680948940736,3.701354195315561,0.5012868945859899,8.221652219163191,0.9979476654694716,0.992074765454642,1.0,0.9978,0.0,0.0045412681057795,0.972081906123035,0.3388724663962523,0.0001818411401294,0.01931477820742,0.0011497458701152,0.9999999999999996,0.0341966294352195,0.0003555612619317,10.249572649572649,4696,-2.221303355988016,0.6103803370406552,0.8396613450591329,83.74072522835205,0.0012368489300955,3.0906,52571085
1594166400,2020-07-08,5861,29954,1,0.0017442771184313,2195,7,0.067608806596028,0.2528135735117436,-0.3002979011342506,17,36,35.369341620770086,21.659140704692096,-156.43605505763304,-184.088285819538,,0.8138675868481103,,395.5471273272923,0.0117899901765779,0.5302616367118678,3.692320378456748,0.4977613630153906,8.19757803297541,0.9974358974358974,0.9905284126176986,0.9996,0.9976923520923522,0.0019595917942265,0.0061839514804953,0.9719366241354352,0.3383954000716397,0.0001807374550402,0.0192546750991737,0.0032595878594854,0.9999999999999816,0.0625345285437811,0.0003550300362709,10.221463914007847,4712,-2.223217836000837,0.6139452259267661,0.8439569645398706,83.26710988932014,0.0012304017987305,3.0969,52771235
1594598400,2020-07-13,5886,30226,1,0.0017451949544893,2198,7,0.06759298414382,0.2520623882250006,-0.3010851496564414,19,34,76.5948500822121,21.247135447833426,-124.0012712185884,-184.24081559074,,0.8140534065839043,,397.63135415872455,0.0117753227936595,0.5282520883841497,3.7011675937620248,0.5000983498822267,8.23755265865602,0.9930046067224024,0.990003478355358,0.9985,0.9982866395917942,0.0038405728739343,0.0024788531235961,0.9717461152953444,0.3387327391148443,0.0001805807043446,0.0191661532176599,0.0035730636631632,0.9999999999997248,0.0852944847628824,0.000353618523436,10.270472307169555,4725,-2.2248008388378078,0.6109516059309634,0.8364216406416879,84.08671649431855,0.0012319805745164,3.0898,53244559
1594684800,2020-07-14,5882,30201,1,0.0017461241519075,2195,6,0.067702805613313,0.2513549825992073,-0.3008464645149644,24,32,93.6153872442161,21.58952301237677,-126.5568563484008,-183.0517172767876,,0.8144045589937926,,397.1883367858482,0.0117842110734988,0.5280253517271523,3.699856680469479,0.5016727998420698,8.236122900949153,0.9981311586816174,0.9918508247669136,0.9995,0.9991910533910536,0.0021794494717703,0.0016188033780509,0.9716849824877956,0.3385866385193166,0.0001806489989971,0.0191498392633288,0.0011342100845452,1.0,0.0260922621038448,0.0003541155388235,10.268956137368242,4721,-2.2075629539112733,0.6163190906971773,0.8505783474691511,84.05714214558012,0.0012325761215911,3.0963,53198216
1594771200,2020-07-15,5880,30163,1,0.0017451137624636,2196,7,0.0677046504331983,0.2511919825301881,-0.3011347002288623,20,32,56.5592050202574,21.51956437090516,-144.5197535759072,-182.9776016067088,,0.814453192594933,,397.22218684640535,0.0117811212318206,0.5280598698722115,3.697521303168085,0.5013561402061271,8.226688211282923,0.9991499489969398,0.992979925551176,0.9997,0.9985958771387344,0.0017058722109231,0.0031971741107541,0.9716149886224084,0.3387292760472752,0.0001804943870585,0.0191673706801193,0.0006474844272969,1.0,0.0228379212956789,0.0003546383304359,10.25952380952381,4718,-2.220537529262282,0.6095929303194402,0.8399496619631432,83.87203016187982,0.0012313865710371,3.0929,53214600
1594857600,2020-07-16,5881,30163,1,0.0017445202872851,2194,7,0.0676124752792538,0.2515882030185932,-0.3014088874772809,21,32,37.01658484734709,55.049735831766384,-162.89908728303345,-164.81334375643212,,0.814174220469642,,397.4260870296588,0.0117773456745123,0.5279242303849213,3.699130541079181,0.4986794403981326,8.224251603951464,0.9989795918367348,0.9937732625790908,0.9998,0.9990054834054836,0.0014,0.0040655093461145,0.9716979795133334,0.3388444315750733,0.0001805640081306,0.0192023681173112,0.0010496733976705,1.0,0.0198624186964149,0.0003543710473866,10.257779289236524,4723,-2.2330737313772504,0.6092388288288779,0.8310468289717647,83.8282476853822,0.0012307613064269,3.099,53211683
1595116800,2020-07-19,5882,30048,1,0.0017372781866997,2196,7,0.0673470751277031,0.2504883431970719,-0.3005103459959681,25,36,74.39624073989222,-11.648246088800391,-141.9960245477132,-200.4888012789584,,0.8152626242617459,,397.30591524017416,0.0117423001003354,0.5286003182049424,3.6932439543789854,0.5007761638102153,8.199703692592935,0.995068865839143,0.9907800373667656,0.9986,0.9978962275819416,0.0034698703145794,0.0031188234128836,0.971540694819909,0.3386816073758665,0.0001797448336031,0.01922476314535,0.0029378433340246,0.9999999999999842,0.0509241981147118,0.0003545861751655,10.21693301598096,4720,-2.2128895692148194,0.6162342079996672,0.8415812390869081,83.2219999417351,0.0012263617324037,3.0963,53257807
1595203200,2020-07-20,5885,30080,1,0.0017373555115697,2200,7,0.0673261754399628,0.2511346881425281,-0.3001957986629172,27,41,38.17172202531107,36.790109590223935,-169.28490794570075,-179.92751517093478,,0.8149151659551579,,397.5739600815689,0.0117451220949515,0.5290628960535383,3.692882683550783,0.5007271781971124,8.203681703128334,0.9984699081944916,0.9939995805865386,0.9997,0.9997811172954032,0.0017058722109231,0.0005651244587672,0.9715823124389048,0.3387370284189343,0.0001795949434608,0.019213277903862,0.000755209288768,1.0,0.0219976155238771,0.0003543074281877,10.222599830076463,4724,-2.2157670587734586,0.6149945612006122,0.8385649631876171,83.29955778863072,0.0012264138070536,3.1014,53302228
1595376000,2020-07-22,5883,30071,1,0.0017380169106253,2202,7,0.067384599779791,0.2509947404765069,-0.3006645891997727,22,32,55.6860188143023,21.10478363782051,-149.4657815213602,-182.92209520681055,,0.8150880579939839,,397.45223138840805,0.0117500195283262,0.5294499461025951,3.692017546635385,0.4994398015511029,8.204430524466055,0.9966015293118096,0.9931162037150112,0.9987,0.999453267367553,0.0036482872693909,0.0011969991795201,0.9715651477758418,0.3387487074007171,0.0001795671830523,0.019219477789566,0.0012264360351117,0.9999999999999996,0.0341428169324509,0.0003544139357487,10.223015468298486,4731,-2.212110519688189,0.6174393034795941,0.8458067188633557,83.29906283247776,0.0012269591545191,3.0922,53264545
1595808000,2020-07-27,5884,29872,1,0.0017259284347518,2217,7,0.0670727867793476,0.2527192436421206,-0.3028149240650653,19,36,75.7825951214921,53.66657936601944,-123.37083882034942,-168.28397843305385,,0.8143042595329435,,397.4031552291063,0.0117029719873231,0.5318575363259871,3.678272643159528,0.4981608820532886,8.147051297925664,0.990990990990991,0.9879044477147004,0.9982,0.992941253477336,0.0043312815655415,0.0069100343748219,0.971473247667434,0.3386433551966827,0.0001788935099509,0.0192571691463675,0.0031658584177086,0.9999999999999823,0.0872790430850009,0.0003547932503405,10.15363698164514,4743,-2.210920771326557,0.6185586546695448,0.8467391859785778,82.16190797106641,0.0012169654808154,3.1003,53333291
1595894400,2020-07-28,5889,29894,1,0.0017242676102091,2215,7,0.0670819388922965,0.2531685803540606,-0.3026725498274399,24,36,93.14635722458144,54.103812480666825,-125.62648019162022,-168.1284162128055,,0.8139590911902865,,397.84720484973286,0.0116972878525241,0.5314543191651043,3.680243637112391,0.4978470791543733,8.143560490537753,0.9983004758667572,0.993449127865434,0.9998,0.998973531230674,0.0014,0.004110371659688,0.9714542380838306,0.3387324808299268,0.0001788500922654,0.0192752098723208,0.0008280310142808,1.0,0.0350660687481558,0.0003543165608843,10.15248768891153,4742,-2.223839293424174,0.6128226565552889,0.839807270423327,82.13399895142645,0.0012153361371787,3.0982,53406161
1595980800,2020-07-29,5891,29943,1,0.001725921299764,2213,7,0.0670751615741382,0.2532864772527398,-0.3025017221346037,24,37,93.09659209364116,37.66827927229407,-125.81838691041771,-176.87969156668424,,0.8139478639072888,,398.1938164559232,0.0116958629447162,0.5310938313112663,3.683145994703629,0.4976632880475416,8.156055462142419,0.99830191883172,0.9948732465153998,0.9996,0.9998038342609772,0.0019595917942265,0.0007082718506842,0.971396410877098,0.3389127172131864,0.000178733907956,0.0192299763845455,0.0010106912239585,1.0,0.0230311806731695,0.0003545059794883,10.165676455610251,4748,-2.222668996801446,0.6138088375054771,0.8424984642935315,82.3648814034394,0.001217050527,3.1053,53485875
1596067200,2020-07-30,5891,29933,1,0.0017253448974998,2217,6,0.0672448737883227,0.2542921614285262,-0.302750074383518,24,36,93.19473346213196,-11.23289285335025,-125.72365181452132,-199.98767383445525,,0.8131134172577899,,398.0978794472378,0.0117012748416397,0.531683509844131,3.681529453967712,0.4980210187705698,8.144022911754018,0.9988117467323036,0.994019916816628,0.9996,0.9998439497010924,0.0019595917942265,0.000561540174703,0.971545398662906,0.3388308402324823,0.0001787877213118,0.0192675634000463,0.0010185028008827,1.0,0.0142590392123581,0.0003539972107722,10.162281446273978,4753,-2.2195676064019416,0.6135647923635169,0.846630105038298,82.24292274027312,0.0012150034156914,3.0881,53422144
1596326400,2020-08-02,5907,29846,1,0.0017110224852753,2233,7,0.0671266735400495,0.2525470602231408,-0.3032392031906797,21,34,36.30797363537067,21.035240307322,-162.37609307130856,-183.1870302512801,,0.8143377736345455,,398.5896906489968,0.0116615432596571,0.5337635889339649,3.666362293689711,0.4959692724222239,8.100872651563114,0.9972839925309794,0.990514622679098,0.9993,0.997612286126572,0.0025514701644346,0.0046720734293339,0.9717913974167957,0.3383252568833657,0.0001776123332031,0.0193082232617627,0.0031250523555327,0.9999999999999843,0.0723476087239861,0.0003532026411566,10.105298798036229,4776,-2.2200078937073813,0.6142053884201121,0.847543278471885,81.29011512602992,0.0012043757582908,3.1066,53718185
1596412800,2020-08-03,5912,29906,1,0.0017115631987242,2233,7,0.0671915387819619,0.2539493748990196,-0.3035604054412679,25,36,74.3801109001981,86.52366228738542,-141.29867214932,-152.29643233746344,,0.8134046157504432,,399.0405478698371,0.0116709236877819,0.5336523640406229,3.666098018331055,0.495933522420764,8.105397839485855,0.9984763839512444,0.9936304549450776,0.9997,0.9999494537208824,0.0017058722109231,0.0002145422440486,0.9720006085487248,0.3384210821571081,0.0001774947602447,0.0193440378493665,0.0004839617132765,1.0,0.0232034170600713,0.0003527650843723,10.117050067659,4781,-2.2180519158876204,0.6154602949329551,0.8461625169609536,81.43988273812833,0.0012041245182752,3.0957,53794934
1596585600,2020-08-05,5904,29657,1,0.0017019158417909,2240,7,0.0670793927628589,0.2534818584114047,-0.3043799382386676,18,33,55.49562171237082,37.67744326847562,-137.994312812894,-173.31261278062803,,0.8142171184083727,,398.1789895481142,0.0116414330494776,0.5355512585009842,3.6538538999898753,0.4948537692272047,8.057872525387475,0.9940798376184032,0.9893928900759188,0.9992,0.9956128220985364,0.0027129319932501,0.0047464083549942,0.9721888703840684,0.3381446347845345,0.0001769417091129,0.019358825905911,0.0042124144177842,0.9999999984113592,0.0860415268564099,0.0003535855998855,10.04640921409214,4785,-2.232784409488181,0.6070767121759991,0.8422481434343209,80.36283486794866,0.0011976799777318,3.1065,53684498
1597017600,2020-08-10,5943,29925,1,0.0016948285725499,2256,7,0.0673442336585796,0.2547902797373023,-0.3028866523691536,21,39,36.45973279446801,5.4226320147320095,-162.39784327724095,-192.499396902355,,0.8130305101506797,,401.1259487727957,0.0116249132922628,0.5354383704893203,3.6561465347897126,0.4969243210914275,8.062149625756021,0.9952574525745256,0.9917622930637428,0.999,0.9982573077715934,0.0033166247903554,0.00264712741956,0.9723570383757094,0.3384064422949195,0.0001756917533661,0.0193451174345069,0.0017730259962872,1.0,0.0818538309057771,0.0003508386474221,10.070671378091872,4809,-2.219142378269643,0.6105021901779973,0.8483517008412169,80.61791434008626,0.001190531652439,3.0958,54352184
1597104000,2020-08-11,5874,29774,1,0.0017261289508882,2197,7,0.0677938636797499,0.2556241377983073,-0.3012914820816075,23,35,74.49146579584145,37.70809232294684,-136.3476690149547,-175.10129417042904,,0.8123192429414262,,396.7085987443821,0.0117500300013153,0.5314593354272843,3.676216743296772,0.4967270139916658,8.115272537872746,0.9865387851253576,0.9906106409089658,0.9988,0.9982388620052832,0.0035440090293338,0.0028905961987486,0.9719592243452938,0.338626111801399,0.0001792717941673,0.019526596135002,0.0052624550182814,0.9999961902256924,0.1015728755832528,0.0003547517574854,10.137555328566563,4746,-2.216750005266483,0.6155948764886927,0.8514664126652621,81.6872734763297,0.0012136175127798,3.0948,53074874
1597190400,2020-08-12,5861,29714,1,0.0017303014721596,2183,7,0.0678799781357703,0.257164154795582,-0.3012256861445541,22,36,55.67968170449401,-11.16134717200888,-148.3538070999418,-199.27491055101328,,0.8116177684465016,,396.10969712433473,0.0117709855215571,0.5309639868188425,3.6733986580198574,0.500473259886262,8.114785143902818,0.9959141981613892,0.99304993329271,0.9994,0.9996274170274172,0.002764054992217,0.0007618297201263,0.9720986181698412,0.3388656998423262,0.0001800827796708,0.0195929205531101,0.0013910966676246,0.9999999999999996,0.0324961018097237,0.0003550642061177,10.139566626855483,4740,-2.210950882277401,0.6129014933944911,0.8442741577708132,81.69119068663296,0.0012162316049992,3.0857,52792197
1597276800,2020-08-13,5864,29715,1,0.0017285895151665,2189,7,0.0678420650601579,0.2578653460644943,-0.3014893781654377,21,32,36.598884094724745,54.705714569150686,-161.84193748267762,-163.57608430079367,,0.8113402090751449,,396.1090682242477,0.0117651119787021,0.5315941615388037,3.668086794674521,0.50284818374305,8.109661297041445,0.9974407097764888,0.992538631256133,0.9997,0.9995007215007214,0.0017058722109231,0.0013692335105718,0.972053055512135,0.3386916382862703,0.0001796751896035,0.0195995290331274,0.0010956706678804,1.0,0.0259578833238098,0.0003552593688219,10.134720327421554,4742,-2.199084814880231,0.6142265580197004,0.8481652345617262,81.60831896272164,0.001214731752281,3.0981,52884291
1597536000,2020-08-16,5873,29709,1,0.0017229472517979,2197,7,0.0682482550492859,0.2611583847652015,-0.3001257137563164,23,37,74.82152908245128,70.19369492581473,-135.86700181243927,-160.780809220378,,0.8094205157577842,,396.63273587077646,0.0117583979196054,0.5329481371543762,3.665828533823265,0.4958970677486526,8.08178161684847,0.9947135061391542,0.9898300479016202,0.9981,0.9965542536664778,0.0046249324319388,0.0037730850004669,0.9722375778046312,0.3386167579700385,0.0001790032929325,0.0196442385946968,0.0026342600970194,0.999999999999996,0.072428186054585,0.0003548193243361,10.117146262557466,4755,-2.228292016185643,0.6094513990506458,0.8420586119328257,81.18501391269218,0.001208106984317,3.099,53057508
1597622400,2020-08-17,5874,29738,1,0.0017240418734974,2197,7,0.0681492164705256,0.2611900792433556,-0.2994994233241951,21,31,37.14563870878871,38.425457451535536,-161.4302942327031,-171.6929580990154,,0.8093706811501392,,397.16367185285503,0.0117387788670656,0.532580563653057,3.669021663806832,0.4957548214905061,8.090794964508287,0.99761620977354,0.992783350584648,0.9992000000000002,0.9989351061636778,0.0027129319932501,0.0014829702497163,0.9719973590529618,0.3390112621961711,0.0001790545671946,0.0197001645831579,0.0012957851877914,0.9999999999999996,0.0361524705111856,0.000355360982042,10.125297923050733,4760,-2.2138984454350843,0.6165569272412639,0.8590040076562522,81.36804722710839,0.0012094399632992,3.0868,53160010
1597795200,2020-08-19,5859,29701,1,0.0017307255382564,2188,7,0.0684689245403043,0.2624140869732484,-0.2990567169662857,23,33,75.30199162567942,5.3500992657209885,-135.56994417033604,-190.60200833219352,,0.8086418033160767,,396.14015117874754,0.0117826257457823,0.5322773095358072,3.667573431241695,0.4984774051124183,8.097440884644373,0.9938712972420838,0.9920431162840352,0.999,0.9977335807050092,0.003,0.0034868243107661,0.9719629452098052,0.3390065798481743,0.0001798224843883,0.0197792712762943,0.0009981762428301,1.0,0.0519287003520439,0.0003556545712581,10.138590203106332,4743,-2.240030162080826,0.6013072628350062,0.8198687042782896,81.52341257031716,0.0012136814447678,3.0831,52814970
1598227200,2020-08-24,5869,29855,1,0.0017337754794726,2196,7,0.066852021160427,0.2655413046075989,-0.2912420881490529,22,32,56.83290418366509,21.999543412567427,-147.88307706357594,-181.79354849213007,,0.8054560855152975,,399.0287296077849,0.0117776920875601,0.5306482807335021,3.6767270603322393,0.4997215185192688,8.107651100328464,0.9883939238777948,0.988521107584904,0.9979,0.9929485636928932,0.004311612227462,0.0076302666026171,0.972138494226786,0.3408847410306741,0.0001799875755495,0.0202250429173842,0.0066900148026239,0.9992928658879952,0.113001767468376,0.000352830817942,10.173794513545747,4755,-2.2121471537369284,0.6135039024728727,0.8474464568285041,81.86911906026083,0.0012133598456149,3.0832,52783258
1598313600,2020-08-25,5911,30010,1,0.0017180964910698,2228,7,0.0667429396341994,0.2643723959860093,-0.2947454403397746,22,36,56.90243799770666,21.71687332103001,-148.14515319800574,-184.20427390680135,,0.806261964949847,,401.4252593349733,0.0117308420380413,0.5328774744762259,3.669000940806102,0.4969051841019397,8.092554578270757,0.9960811041063212,0.9904062848351486,0.9991,0.9976915687487116,0.0028618176042508,0.0051683085119446,0.9724721242095375,0.3404893554771288,0.000178111603812,0.0201645566466982,0.0035180214356424,0.9999999999998852,0.086536363106749,0.0003502053298056,10.153950262222974,4794,-2.230504395184345,0.6079211937136263,0.8391073299088205,81.53027003792798,0.0012021592628821,3.0853,53518144
1598400000,2020-08-26,5900,29888,1,0.0017174988004286,2231,7,0.0668168121062424,0.2629377522011423,-0.2961826151900159,21,36,37.18858761425355,-11.104658956015603,-161.8050587929974,-199.81658521335905,,0.8073659390239183,,400.1673795022499,0.0117333546848489,0.5340359274647939,3.664293136864094,0.4951159072934234,8.078376212247829,0.9976315344273388,0.9901949775994004,0.9999,0.9987391877963308,0.0009949874371066,0.0026195716823931,0.9723006965677636,0.3400571517645331,0.0001779736059032,0.0201805326001863,0.0023302432408408,0.9999999999999972,0.0361886055587502,0.0003516308418074,10.131525423728814,4788,-2.227815836016702,0.6103089950726115,0.847292111232878,81.19488201871476,0.0012019925802056,3.0796,53398223
1598486400,2020-08-27,5910,29908,1,0.0017128364515512,2237,7,0.0667346932188966,0.2619455308548556,-0.2968085782392017,25,39,75.31818536158715,37.39528309438594,-140.64708239837285,-178.01419855910868,,0.8079702853421545,,400.8284570637677,0.0117062430151902,0.5343354009291521,3.664243765829903,0.4917648568581259,8.073314440581058,0.998135593220339,0.9935693827659527,0.9996,0.9989603380746236,0.0019595917942265,0.0018302908527118,0.9721922641821455,0.3400406103245993,0.0001774016352237,0.0201336989897149,0.0005557945452981,1.0,0.0322389515042309,0.0003516859393888,10.121150592216582,4794,-2.252181317505449,0.6047879842455336,0.8313486369346711,81.06322288895186,0.001199094712937,3.0843,53658434
1598745600,2020-08-30,5939,29925,1,0.0016971125154689,2263,8,0.0671528739219091,0.2579806342946735,-0.301954608190332,20,32,56.80481631745389,21.467314936522115,-143.12045337499796,-182.2480310587435,,0.8107784296549368,,400.33077116319646,0.011635725045981,0.5367189547377292,3.650275515628987,0.496722077483206,8.051049419487926,0.9915397631133672,0.9797161043335216,0.9984,0.9925809111523396,0.0036660605559646,0.0056679332861935,0.972261098520071,0.3379644658854742,0.0001760487710592,0.0196789992816828,0.003210530979225,0.99999999999999,0.0743331598265326,0.0003514544681936,10.077454116854687,4808,-2.232914657172968,0.6045593599812645,0.8293182713347274,80.58606810920386,0.001189463823947,3.1034,54306850
1598832000,2020-08-31,5956,30100,1,0.0016973055696997,2268,8,0.0672534197951382,0.2577167449946136,-0.3008665186950654,23,37,76.22424362019669,5.026554625576171,-135.62707811578042,-192.81326702491825,,0.810845641728329,,401.6136073887871,0.0116355496866327,0.5359705737679499,3.653346947119332,0.4983478885193564,8.073562643200209,0.9994948644552956,0.9925317398501738,1.0,0.9997838383838384,0.0,0.001574528139914,0.9720224878602174,0.3380793566101142,0.0001754875742865,0.0196180653439738,0.0013260514808545,0.9999999999999996,0.0497605440401299,0.0003509816936183,10.107454667562122,4815,-2.221324629670088,0.6071925107046786,0.8336261550828616,81.06700363592408,0.0011898554245112,3.0943,54686470
1599004800,2020-09-02,5958,29893,1,0.00168450148747,2288,8,0.0680683511535072,0.2542742633113243,-0.3080293656036659,23,36,76.32920608861627,-11.229615413461495,-134.79030866615938,-199.98458254828375,,0.8135722689621966,,399.6711463253535,0.0115937364710808,0.5389107997933384,3.6403157194466607,0.4947726794403571,8.028509981263289,0.9931161853593016,0.978047591699682,0.9982,0.9893210833349272,0.0040938978980917,0.0094882387442285,0.9718065286102274,0.3363354022914646,0.0001744763418732,0.019326821480992,0.0053330555888082,0.999993726994197,0.0963938074693934,0.0003523367855145,10.034575360859348,4818,-2.2077489586096832,0.61640478371061,0.8616857572793848,80.04456793600816,0.0011818649478174,3.1031,54855175
1599436800,2020-09-07,5983,29999,1,0.0016763757202858,2302,8,0.0678790160311023,0.2538284571082478,-0.3068103098762904,21,34,38.3775465962178,-10.790133235761107,-160.92466994020708,-200.15610872482048,,0.8138873669295693,,401.3602594459932,0.0115572193565284,0.539777475537889,3.6389176195746034,0.4889084031880928,8.027577150664815,0.9944612286002014,0.9902760422453754,0.9985,0.9962275138827787,0.0045552167895721,0.0055653592349658,0.9716671260030102,0.3363415002221276,0.0001736051385679,0.0192449980349796,0.0014206078013249,1.0,0.0631381058012797,0.0003507704920698,10.028079558749791,4834,-2.2250884328985183,0.6177921496378688,0.8565755178506417,79.98333599587218,0.0011767599118492,3.1177,55307065
1599523200,2020-09-08,5946,29921,1,0.0016928923247268,2278,8,0.0681013827438737,0.2539117202814672,-0.3055531733072126,22,37,57.89712575481384,71.07920256476353,-146.8695474614972,-160.77554027664786,,0.8136964760650749,,399.1272037606437,0.0116153245849153,0.5383508243624336,3.644594577971117,0.4924542561933654,8.058273404727395,0.9911415677753636,0.9902729801242756,0.9983999999999998,0.997021438878582,0.0036660605559646,0.0033922680203334,0.9713520028724638,0.336559352944739,0.0001750732329056,0.0193021534361319,0.0024284244309431,0.9999999999999996,0.0781690628211584,0.0003532662550093,10.064244870501176,4804,-2.233248538200077,0.6077821959766172,0.8421432551347927,80.606746871161,0.0011892754523293,3.1186,54668917
1599609600,2020-09-09,5968,30114,1,0.0016912725081783,2282,8,0.0682241450350226,0.2543298620640196,-0.3050009111807292,19,34,38.32159785923134,-10.347051369553398,-157.8509004054807,-200.2200238785248,,0.8134033438065541,,400.64546841716566,0.0116178584880293,0.5381691606275382,3.6449111997813377,0.4948074620917887,8.079166113301246,0.99983181971073,0.993204248907946,1.0,0.9999616161616162,0.0,0.0001706921277304,0.9714676952116956,0.3365934640955001,0.0001745777191934,0.0192204643101975,0.0007621655669569,1.0,0.0495753109531715,0.0003518642108788,10.091823056300267,4820,-2.209399088861677,0.6135719626297081,0.8602641700682763,81.04957381020775,0.0011883960442266,3.1168,55064132
1599696000,2020-09-10,5986,30364,1,0.0016950718482362,2288,8,0.0682476583044168,0.2541881006426282,-0.3042821440801728,22,36,58.75652039523229,55.9845267178716,-147.50215898043703,-168.44993474850918,,0.8134229210576371,,402.1093937728635,0.0116247776515484,0.5377191012525734,3.653762620137657,0.4920054348754802,8.121597141191247,0.9998324396782842,0.993220394592878,1.0,0.9995252525252524,0.0,0.0039406239985837,0.9713218664423076,0.3368086890301083,0.0001741175125542,0.01917750663488,0.0023396302722438,0.999999999999998,0.0692779353791614,0.000351125912989,10.145005011693952,4838,-2.228164532392325,0.6118864881638824,0.8473482492461785,81.93818503550435,0.001191928029578,3.1229,55443424
1599955200,2020-09-13,5993,30443,1,0.0016955139251244,2282,8,0.0681511484431655,0.2546009058941973,-0.303192688864846,17,38,79.48150487456613,55.86994267808283,-112.48588803629148,-170.40343032381713,,0.8135246519888791,,402.56207660412497,0.0115985891376804,0.5367683678379518,3.659201929113791,0.4927378769787178,8.14051406604592,0.9928165720013364,0.98907782805722,0.9992,0.9959896894465378,0.0030594117081556,0.0047684504216318,0.9712066343305042,0.3367950824983703,0.0001739979846749,0.0189936700964017,0.0021142831242753,0.9999999999999972,0.0675039690196442,0.0003513311558807,10.159519439345903,4839,-2.218930286239058,0.6176117891035733,0.8484614481392138,82.27928975761503,0.0011936985095558,3.12,55651467
1600041600,2020-09-14,5970,30322,1,0.001701813361216,2264,8,0.0681532859258416,0.2559742963387819,-0.3027387988522557,24,42,58.93638727138512,-8.502222482601148,-151.36679036456428,-200.1229100385896,,0.8127767428537345,,401.29676119189867,0.011618627141791,0.5359867087283476,3.665705321452507,0.4898176853295716,8.139695489152833,0.994827298514934,0.9923148570370272,0.9994,0.9981670995670996,0.0023748684174075,0.0017365539863753,0.9711940914284418,0.3370321908902495,0.000175038937678,0.0190424871692458,0.0015532358941378,0.9999999999999996,0.0537361148028386,0.0003522412087716,10.158123953098828,4815,-2.230531690576208,0.6179972832028596,0.8471354880759108,82.28899166099919,0.0011981683081493,3.1135,55177520
1600214400,2020-09-16,5978,30346,1,0.0016986045481695,2261,8,0.0677122916644977,0.2536863722627017,-0.3013993979807011,21,34,78.27452213817112,56.53982528247623,-129.0024977339076,-166.2974616765343,,0.8143116424019565,,401.8186184776104,0.0115735466512266,0.5355524753206542,3.6630101824722567,0.4926958107811979,8.147966411382598,0.9948073701842546,0.9920542808323376,0.999,0.9959195217480932,0.003,0.0058104787853652,0.9711045343604824,0.3370177077196361,0.0001750504955662,0.0189601567766411,0.0013977549171081,0.9999999999999996,0.0586544857666323,0.0003517483515723,10.152559384409502,4823,-2.213829148266058,0.6215611926512646,0.8556930948874525,82.33667520666073,0.0011979469028698,3.1059,55323363
1600646400,2020-09-21,5989,29862,1,0.0016653778420089,2280,8,0.0659765096546387,0.2482029362805059,-0.2945141303660425,25,35,75.39101946039384,6.935933653143657,-139.94013606215316,-190.76848970843943,,0.8185732469213222,,400.8593177119749,0.0113806248734586,0.5383611336595924,3.6419277375021553,0.4920939151701233,8.030694802830372,0.9889595182335228,0.9843396488599844,0.998,0.981617144727307,0.0044721359549995,0.0130751882390375,0.970543132006528,0.3355847794754734,0.0001738032219234,0.0188658459801889,0.0052143103216832,0.9999964742745489,0.2019037243533611,0.0003510324764903,9.972282517949576,4830,-2.222081105855961,0.6176041504610708,0.8433026260153837,79.73125181971001,0.0011760893617588,3.1186,55472122
1600732800,2020-09-22,5917,29283,1,0.0016730766132308,2256,8,0.0654317826465108,0.2457517171874857,-0.2938005471219373,17,32,78.0922796613323,56.02356179927625,-110.13944479470918,-161.23024235963706,,0.8202645585108648,,396.00325291622,0.011394158262021,0.5391895620116594,3.631852986353704,0.4930347710462654,7.979484043089653,0.9864752045416596,0.981279282730208,0.9983,0.991471300802996,0.0053018864567246,0.0076494100505892,0.970359707417153,0.335556656647838,0.0001756805721985,0.0191566025268239,0.0022805033835763,1.0,0.0982086673294603,0.0003553613382121,9.897921243873585,4771,-2.217774000824447,0.6186078178234431,0.8433416131132017,78.60388338646327,0.0011817411805655,3.1105,54150344
1600819200,2020-09-23,5908,29194,1,0.0016730778201825,2263,8,0.0655258191931868,0.2454962040549359,-0.2941970339462511,18,32,57.71715229287091,56.06995778469836,-134.15752053711398,-160.9371892139931,,0.820484939759046,,395.1853826675001,0.0113959252873083,0.5400515548450225,3.6282810206773513,0.4931369861062488,7.967711985580107,0.9969579178637824,0.9894086341283196,0.9993,0.9982538445681304,0.0025514701644346,0.0032820816211369,0.9702057870285988,0.3353747485748747,0.0001754946828321,0.0191460960748429,0.0015963894126021,0.9999999999999992,0.0324372620620131,0.0003562443328756,9.88287068381855,4765,-2.2118924024399287,0.6196726029039143,0.8499475353381747,78.37160980394813,0.0011815454624331,3.1237,54020701
1600905600,2020-09-24,5964,29510,1,0.0016595745303055,2271,8,0.0651669503204312,0.2454482321478857,-0.2932727129436728,14,35,57.51415613670829,39.32620168008816,-118.8449361069456,-173.2738266337409,,0.8207485272909644,,398.766931677482,0.0113174330553636,0.5387630158381891,3.633396742413344,0.4944252483093135,7.984329265035424,0.9991536899119836,0.9923500063405032,1.0,0.9999252525252526,0.0,0.0003032389853843,0.9699663280091904,0.335230856911812,0.000174173047839,0.0188999001768269,0.002588993677706,1.0,0.0592321702728234,0.0003537772035037,9.89604292421194,4807,-2.2226153231616377,0.6139268967552174,0.8381742513857802,78.68860852732479,0.0011732248110221,3.1162,55156151
1601164800,2020-09-27,5981,29588,1,0.0016545146587381,2266,8,0.0652016909273149,0.2503195060222402,-0.2925431217946785,21,38,38.958822833073526,-8.274367838042796,-159.1005816766337,-197.7570568776977,,0.8183099683752432,,400.1276794703473,0.0112994777101268,0.5383926929166911,3.6353193273807904,0.4917699172628709,7.975757946662534,0.9922870556673372,0.989738584381454,0.9991,0.997634632034632,0.0028618176042508,0.0051087000663829,0.9702986748924998,0.3354153470026882,0.0001740026880444,0.0189074918514638,0.0019087663135363,0.9999999999999994,0.0524065083809521,0.0003517258253422,9.893997659254303,4819,-2.213847233424155,0.6220637012097419,0.8538881865977009,78.65550413860464,0.001168447921013,3.1095,55347735
1601251200,2020-09-28,5963,29521,1,0.0016607500699128,2264,8,0.065290670048334,0.2533729301837414,-0.2926673108266656,17,36,78.61931910837517,-8.439141037874705,-110.03844373015488,-197.5767589324694,,0.8163783496258382,,399.7647218999927,0.0113329612448012,0.5387718585199186,3.6342863473776768,0.4922036695161229,7.971431851064685,0.9944825280053504,0.9910601820225712,0.9998,0.9990556173984744,0.0014,0.0016304004687352,0.9705744013655396,0.3361219478881986,0.0001743262037896,0.0190765886867344,0.0014689593798103,0.9999999999999996,0.0406750057612937,0.0003521924681855,9.901391916820392,4801,-2.2110200601955343,0.623354722458689,0.853031799498804,78.67043232172419,0.001171256108156,3.1185,54963424
1601424000,2020-09-30,5958,29502,1,0.0016624682328084,2261,8,0.0652431663177509,0.2475327298278794,-0.2930469882333392,20,37,58.136486630915634,71.29135432971007,-140.3464737066736,-159.1974827408277,,0.8192690619064023,,398.9180157930657,0.0113437076331847,0.5388331439935277,3.637631238875632,0.4892821977773514,7.978637212399885,0.9959751802783834,0.9857731780908756,0.9997,0.9979595547309832,0.0017058722109231,0.0043887524933185,0.9705135247190614,0.3356942767108564,0.0001746323606859,0.0190440952415564,0.0016047825864961,0.9999999999999992,0.0326374846971055,0.0003527282813968,9.90332326283988,4796,-2.224087278988008,0.6219292785272887,0.8488936957045541,78.70699404467081,0.0011734527941504,3.1069,54884685
1601856000,2020-10-05,5968,29864,1,0.0016772319248269,2072,8,0.0614871040222959,0.2864718694103097,-0.273856399894528,21,35,38.50082821380423,7.433878865375174,-160.4199039537705,-190.52583789789435,,0.7988410030528352,,408.579171309612,0.0113299043095305,0.5212501218573584,3.6818497164318367,0.497488136123645,8.034006325409804,0.991272239006378,0.9906028771957393,0.9989,0.9972121212121212,0.0031288975694324,0.0069615983232241,0.9710312835354306,0.3432118187444956,0.0001798428683393,0.0207698684732348,0.0333106994718165,0.0025881944870056,0.1420404178669941,0.000342459467604,10.00804289544236,4813,-2.219036854835052,0.6197189479334231,0.8460199095851959,80.0356925625957,0.0011807983586448,3.0528,54088885
1601942400,2020-10-06,5940,29984,1,0.0016998859901705,1957,7,0.059836800794752,0.3041689716259755,-0.2603254717636769,13,31,81.93520532430661,39.70411841591976,-82.87389225544091,-171.61340708777854,,0.7891552970838084,,411.4005175531818,0.0114024563253125,0.5112050926769779,3.710683811799269,0.5002369357375053,8.086224569021015,0.9914544235924933,0.9934828115274597,0.9993,0.9995527107812822,0.0025514701644346,0.0008608951920231,0.9713183795505896,0.3471981112436065,0.0001844511947119,0.0222724491018392,0.0173901661837318,0.3234962550302911,0.1100915319413798,0.0003376990251349,10.095622895622895,4783,-2.203784529325959,0.6278131490241233,0.8606985519531547,81.1969016595409,0.0011951996723687,3.0048,52914310
1602028800,2020-10-07,5909,29934,1,0.0017149058165292,1933,8,0.0598514154977652,0.3067954835985008,-0.2600680555070599,15,22,37.16336255222264,57.58553912521134,-149.14088349037658,-147.35306900344847,,0.7874614519560665,,410.01977107455485,0.01145840429683,0.5093377981321622,3.718225677593525,0.502985121571775,8.110737922471628,0.9937710437710436,0.9936756852981784,0.9992,0.999595092519982,0.0030594117081556,0.00088381776768,0.9714677887715234,0.3478521330634849,0.0001859743296116,0.0223950247353532,0.0025041695798168,0.9999999999999988,0.0511143476281679,0.0003384634675192,10.131663564054833,4755,-2.206723257684433,0.6241784202554895,0.8509819379989045,81.72555691016693,0.0012056454157416,3.0086,52258996
1602115200,2020-10-08,5911,29935,1,0.0017138026811121,1939,8,0.0599949619562445,0.3057356679405504,-0.2605554859025097,12,26,59.40580659536383,21.85468117285817,-106.33204214671164,-178.62151214995006,,0.7880163906759682,,409.85775729052347,0.0114538959542812,0.50983711710761,3.716672962298276,0.5021934209707027,8.110914924205627,0.9974614994076832,0.9932693490882624,0.9993,0.9990033395176252,0.0025514701644346,0.0018548689713069,0.9715287328696546,0.3475982687016639,0.0001857944341362,0.0223109649517352,0.0010737200441398,1.0,0.0277807274882299,0.0003387242725078,10.128573845373031,4758,-2.212582989427504,0.6217839052030892,0.8473295629967825,81.7104832405903,0.001205266083034,3.0138,52333155
1602374400,2020-10-11,5912,29886,1,0.0017104185700887,1951,8,0.0598545255992324,0.3074027282964224,-0.2605808696339902,15,22,37.46581573828499,57.53326770311174,-148.6274729264903,-147.22497287744218,,0.7867737602715998,,409.6529923436476,0.0114467741032696,0.511244218155486,3.712403983509845,0.501040370997756,8.083918134792864,0.994586364405346,0.9924474405327676,0.9987,0.9981497142687128,0.0036482872693909,0.0025558788424168,0.9716384001463167,0.3473640347707381,0.0001853455316972,0.0224961148938294,0.0021434888143455,0.9999999999999968,0.0541729268314583,0.0003379204130289,10.110284167794315,4757,-2.219631157228772,0.6192656703508516,0.8455808097689584,81.3140308765163,0.0012004830586456,3.0075,52250215
1602460800,2020-10-12,5924,29886,1,0.0017034955573798,1958,8,0.0597894843335131,0.3075281713022705,-0.2603240566335497,18,24,57.87241861245421,57.26677151286833,-136.3982840919593,-151.3179907883595,,0.7868772438321944,,410.9590665600419,0.0114177577710499,0.5119144387761211,3.7063492514652823,0.5031478590900532,8.066159853986052,0.9981393775372124,0.9929399498504994,0.9996,0.9991659039373324,0.0019595917942265,0.001420156137414,0.9717414560030362,0.3477603154005487,0.0001845431889608,0.0225013788817006,0.0016483029515038,0.9999999999999992,0.0444591802890603,0.0003370103014148,10.089804186360569,4770,-2.211534638415964,0.6191617034284566,0.8464645974049477,80.96813853342803,0.0011950392649272,3.0074,52451194
1602633600,2020-10-14,5963,29940,1,0.0016843215708543,1999,8,0.0598648680385443,0.3058561992097696,-0.2620913496522712,15,25,-6.8214842018255375,39.52110976999033,-199.87570574143032,-165.51098373895746,,0.7880564578860798,,413.1022313584563,0.0113603885124527,0.5149776691892763,3.694082721107901,0.5008898942840283,8.02533541898267,0.9949358541525996,0.9916141671596128,0.9992,0.9973264031010716,0.0030594117081556,0.0058435513305156,0.9717857937705112,0.3472803415668828,0.0001820948975536,0.0223938196437198,0.0047173357921904,0.9999998595500496,0.084046929959603,0.0003355600225457,10.041925205433506,4810,-2.2190047850118773,0.6173434397468054,0.8419666793838017,80.16908717872542,0.0011803402058112,3.0061,53224804
1603065600,2020-10-19,6011,30095,1,0.0016661079756442,2020,8,0.0593496538596181,0.3062644074428448,-0.2588599740602582,16,25,15.467666423324149,39.79073347988074,-175.7073661087154,-165.69065472498642,,0.788043112114266,,416.3784321406212,0.0112925179360455,0.5159067140116782,3.68861176755978,0.4984018182321243,8.005612783170617,0.9932919671306388,0.9906694621958954,0.9957,0.99674060513615,0.0066715815216483,0.0043777402876039,0.9723142797374832,0.3472298172002722,0.0001803796810351,0.0226785816226899,0.0023485647769742,1.0,0.0917179257112648,0.0003323686263204,10.013308933621694,4855,-2.2336090638715365,0.6131554174824619,0.8366980165284921,79.72215837000692,0.0011676047204573,3.0068,54018634
1603152000,2020-10-20,6012,30030,1,0.0016619564066012,2025,8,0.0592871962125197,0.3057597858975196,-0.2576046681281361,12,27,60.20477813441565,40.11543970766721,-104.4126327616248,-167.55201426277856,,0.7884492705778406,,416.28618422482674,0.0112798729226625,0.5166347751553879,3.6840038535820576,0.4977792011475745,7.987847994405877,0.9976709366162037,0.99179125920532,0.9984,0.9991794656006732,0.0039293765408777,0.0014154515862953,0.9723627290239176,0.3470935181767811,0.0001799823563344,0.0227586970424501,0.0015762851272998,0.9999999999999992,0.0370186261979922,0.0003322554188198,9.99001996007984,4854,-2.21671717708026,0.6217908615158857,0.8512112274877086,79.35708576666735,0.0011644453213122,3.0209,54024350
1603238400,2020-10-21,6018,29974,1,0.0016555507705458,2028,8,0.0591341023606135,0.3050581375846645,-0.2578639694385942,16,25,15.336579139349254,75.56624386474242,-175.4834037100485,-140.00930535039691,,0.7889586345659216,,416.5982028764418,0.0112465315488536,0.5169511691133873,3.677786818469471,0.4975147315964411,7.968641678556066,0.9978376580172988,0.9920860990447392,0.9994,0.9972143475572046,0.0023748684174075,0.0053692734481981,0.9723941144367086,0.3470047031851179,0.000179652090463,0.0227603351423247,0.0008288507730302,1.0,0.0410415460205439,0.0003320236654154,9.961448986374212,4860,-2.231191654852404,0.6164712245614992,0.8339316888684211,78.93378400291361,0.0011600794000864,3.0202,54143222
1603324800,2020-10-22,6015,29953,1,0.0016560416937923,2021,8,0.0589039120667702,0.2753166706488414,-0.2594197291839021,20,20,58.03772903144514,58.03772903144514,-141.67150410610734,-141.67150410610734,,0.8047218759577719,,416.1953401224145,0.0112337213262566,0.5162464093408399,3.677842233358702,0.50107866399358,8.010890736381937,0.9970089730807578,0.9898177474023448,0.9998,0.9969947227375796,0.0014,0.002516083176827,0.9719781679579363,0.3468439173874008,0.0001798463111516,0.022608172355304,0.0008519744175619,1.0,0.0300307721887734,0.0003327192580384,9.959434746467164,4853,-2.21581220662696,0.6166559270240246,0.8409325629237834,79.06000486676969,0.0011676954311326,3.0016,54152817
1603584000,2020-10-25,5995,29413,1,0.0016370554596854,2020,8,0.056727251692834,0.2742070056761164,-0.2561743498895663,18,34,56.68495490663539,23.090911309391103,-135.33036098774238,-180.74353014877747,,0.8061968047387179,,414.47535830246,0.0110308595877078,0.5139533394833514,3.6772251605246935,0.4980190179437113,7.93649836125046,0.9896924355777224,0.9864963156734924,0.9974,0.986467563070214,0.0050239426748321,0.009197632401547,0.9717597339487358,0.3465555133726949,0.0001811197268954,0.0223914427945113,0.021101402734476,0.1351246693802497,0.1944471598318661,0.0003345579111597,9.812510425354462,4848,-2.228475573572619,0.618216306293177,0.8438571566748798,77.29649687845678,0.0011591378734932,3.0124,53877264
1603670400,2020-10-26,5996,29354,1,0.0016332267104953,2026,8,0.0566571107669971,0.2736407857000312,-0.2564211013262495,19,29,77.2465276970112,72.36477216693348,-118.9783763017476,-147.61144609094885,,0.806672521434952,,414.2322021887903,0.0110230166946754,0.5149763713063369,3.6709912728714063,0.4977588671957734,7.922580458856881,0.997998331943286,0.9909768304300052,0.9994,0.9969893630179344,0.0023748684174075,0.0061626243071392,0.9718574925595468,0.3462936470908977,0.0001807913806865,0.0224091525990565,0.0018677172048532,0.9999999999999988,0.0409764975371459,0.0003342909013968,9.791194129419614,4848,-2.243480146522956,0.6101384358491175,0.8329226226775217,76.96122802398797,0.0011566146952244,3.0127,53860557
1604275200,2020-11-02,5932,28505,1,0.0016203990302959,2170,9,0.0609827569156014,0.2480814522655075,-0.282253628575034,25,44,74.08936529096636,51.56437207604922,-136.2180663654043,-170.177649762989,,0.820566163670796,,397.8813596143217,0.0110077018556618,0.5340399654285776,3.61658916312778,0.4903823493818623,7.79769211441797,0.9773182121414276,0.8910691349092759,0.9938,0.9730140880188378,0.0071805292284065,0.030476739504512,0.9709518282522056,0.3362632663673381,0.0001754643833841,0.019397417603433,0.0322558262037582,0.0039136685104986,0.2269123447998716,0.0003561753630005,9.610586648685098,4800,-2.22024046621419,0.6241223865265191,0.8541156411905078,74.63429185517309,0.0011479893720704,3.1319,54651602
1604361600,2020-11-03,5913,28286,1,0.0016183007235954,2180,9,0.0618654040138091,0.2431076939621206,-0.277613626445773,24,39,55.96636639381997,36.97764574812748,-146.7362973705959,-173.0083178645685,,0.8241408318337227,,395.1285001547719,0.0110028825891921,0.5359175610333244,3.609383505569928,0.4917516712400674,7.780342458816671,0.9919082939986514,0.9866540411350128,0.9987,0.9949558798589728,0.0043943145085439,0.0058211294637934,0.9704578954570208,0.3350171362653813,0.0001752093056417,0.0190801873130954,0.0028676941751143,0.9999999999999888,0.0739468642814842,0.0003586349356837,9.56739387789616,4772,-2.2228340259961623,0.6195940341571783,0.8469737631364191,74.15426030893482,0.0011487369549605,3.1481,54425777
1604448000,2020-11-04,5939,28270,1,0.0016032538283143,2212,9,0.0617136579383644,0.2420953432603765,-0.2783860857903121,24,39,91.68693805326409,36.943893149300926,-119.88638402892816,-172.93198804891964,,0.8249129734011291,,396.49127852307146,0.0109505002010625,0.5388023191610135,3.595029984266196,0.4922149374710424,7.742760102920386,0.9976323355318788,0.9919239031668556,0.9995,0.9991107400535972,0.0021794494717703,0.0020668519679246,0.9708170834666028,0.3346943979387646,0.0001735765778418,0.0190568809326197,0.0041175139084554,0.9999999993994292,0.0616321177475506,0.000356919481761,9.520121232530729,4800,-2.2229800836456617,0.6140767668860249,0.8477194973253285,73.41073965750242,0.0011373505925303,3.1414,54878963
1604534400,2020-11-05,5917,28011,1,0.0016004012230034,2340,7,0.0619988578423884,0.2401941870145502,-0.2781958049025086,20,41,55.29071990163558,95.95963255884293,-137.69967774632485,-147.03046327878354,,0.8257417578385325,,392.59256088500246,0.0109824137392354,0.5502625904651547,3.565591472861255,0.4869743907142408,7.69309007627491,0.993938373463546,0.9604974307040978,0.999,0.9890613252236226,0.0036055512754639,0.0319920199197468,0.9708894176427142,0.332642458307241,0.0001703908225706,0.0189011663691573,0.0226750112823849,0.0928335912804927,0.0719142730542916,0.0003622150922773,9.467973635288152,4781,-2.2307034162934443,0.6138686696629478,0.8424485734029893,72.45006708356046,0.0011331674909065,3.1608,54859890
1604793600,2020-11-08,5934,27897,1,0.0015847676881223,2386,9,0.0613138246282575,0.2392716351578853,-0.2786291767354789,26,40,19.842967945155472,20.94613370362997,-173.7181033577743,-179.54963444555457,,0.8265287210442863,,393.3381711571616,0.0109267610305541,0.5541153491831182,3.5480332761121907,0.4839821996487678,7.642009533431854,0.9929018083488256,0.9816704554509956,0.9968,0.9950000571711556,0.0074672618810377,0.0071076575076462,0.9709136843302946,0.3323116703944114,0.0001669061889997,0.0189821493501269,0.005780730734263,0.9999571813343284,0.0835955695171814,0.0003602112944872,9.402426693629929,4804,-2.2335756475063504,0.614889544075782,0.8438192101946178,71.42610902997238,0.0011212796702063,3.1541,55051534
1604880000,2020-11-09,5974,27984,1,0.0015684910856806,2416,9,0.0612128444494294,0.2377080223628716,-0.2793022555167616,24,47,54.931342470918224,93.59739491303084,-146.1680879444234,-153.5562119288283,,0.8275298928292801,,395.4910500917923,0.0108570775826308,0.555914337182457,3.538510929974505,0.4797955269139836,7.61669786808715,0.997809234917425,0.9902367660685512,0.999,0.9989648307182918,0.0033166247903554,0.0014691725144613,0.971106012315496,0.3318871099387611,0.0001650604259443,0.0189371162080004,0.002927019217869,0.9999999999999932,0.0645461870554992,0.0003590920163288,9.368597254770672,4844,-2.24140161781159,0.619308102666472,0.838618911732298,70.97316077303073,0.0011095081874177,3.1733,55947107
1605571200,2020-11-17,6136,28934,1,0.0015372289501003,2455,9,0.0612574213686872,0.239610303547905,-0.2788186393214622,28,44,90.03289060176016,51.72503578535367,-132.09370398786902,-171.05403660819215,,0.8265312696233348,,406.2801068581795,0.0107382786953656,0.5545042421909012,3.543238199518086,0.4839214689901422,7.661449736209876,0.9794107800468698,0.984351977235245,0.9963,0.9931436656699544,0.0065810333535091,0.0062703066459075,0.9717479766021752,0.3319235444188981,0.0001627115403899,0.0191281639167893,0.002620929285487,1.0,0.1409835929619315,0.0003491839241587,9.43089960886571,4983,-2.226023615198192,0.6169904964916351,0.8497496843746133,71.9511947536897,0.0010874825876643,3.1674,58978113
1605657600,2020-11-18,6142,28955,1,0.0015353403208683,2454,9,0.061278947019001,0.2394753778705142,-0.2778056661249501,25,50,74.26830536435295,50.44518251521578,-136.41194669852663,-174.82942379031238,,0.8266344885672194,,406.3477806180194,0.0107292232482298,0.5542205518638988,3.5445671626108077,0.4847017495404423,7.659955902412063,0.9977183833116036,0.9902792326863976,0.9998,0.99872459286745,0.0014,0.0044345752733449,0.971556585889314,0.3316548185227068,0.0001626541294781,0.0190567504227808,0.0010639124382232,1.0,0.0307820308330649,0.0003487286368673,9.42852491045262,4980,-2.213328904249084,0.6233666734104242,0.8558993557803838,71.93171071822623,0.0010861743893012,3.1749,59068239
1605744000,2020-11-19,6160,29040,1,0.0015308607612553,2474,9,0.0612662132856236,0.2381465758737973,-0.278555451714371,31,50,39.40578093589847,21.2277239177482,-168.30531310342892,-185.97865811808148,,0.8273506688201446,,407.4303783203368,0.0107053851865939,0.5553088876172172,3.54246153955026,0.4832221669469152,7.66120237523317,0.9969065450993162,0.9905449661659383,0.9995,0.9997674706246136,0.0021794494717703,0.0005662140191431,0.9715617848204952,0.3315649526511364,0.0001618238757112,0.0191558753517393,0.0020821087086147,0.9999999999999986,0.0382002562725734,0.0003484500390738,9.428571428571429,5003,-2.2199224277044207,0.6218787187357,0.8524958355986676,71.95403486041684,0.001083197821605,3.1614,59514289
1606003200,2020-11-22,6216,29182,1,0.0015107510682731,2520,8,0.0615455053478666,0.2362309433801399,-0.2782049007771038,37,53,7.87853979481264,36.37646266076087,-188.905510860895,-181.80314774854537,,0.8286755923142807,,410.8173168446091,0.0106492076768295,0.5582024357606282,3.5305589658465064,0.4787173002547201,7.623608299277345,0.9930194805194804,0.9877086159330596,0.9989,0.9956732220160792,0.0031288975694324,0.0071736760850135,0.971888180539642,0.3312995588829526,0.0001597832902226,0.0193892688589849,0.0039516789516789,0.9999999997650104,0.0930999180999028,0.0003456782088248,9.389317889317889,5046,-2.2459042275291314,0.6133370307161806,0.8412295331682734,71.3058735613006,0.0010673580149608,3.1776,60647053
1606089600,2020-11-23,6228,29220,1,0.0015068941179455,2534,7,0.0615179976483674,0.2360350370125405,-0.2786993013004349,29,42,40.19940363650849,23.04252755673253,-166.43349812203232,-183.3030070014952,,0.8288233927088272,,411.8472071953461,0.0106404883064098,0.5592939937198768,3.5257514404463146,0.4786311727754486,7.616210555590726,0.9966216216216216,0.990121451074916,0.9994,0.9991592661306948,0.0023748684174075,0.0011499445264307,0.9722621407683238,0.3314871382220971,0.0001594591922685,0.0194420826400847,0.0026158487141146,0.999999999999995,0.0432180735648853,0.0003436228318229,9.383429672447011,5062,-2.2374045374335885,0.6169451069153902,0.8477523552491568,71.19634263759849,0.0010641071993994,3.1577,60701662
1606780800,2020-12-01,6327,28868,1,0.0014425127825131,2676,7,0.0605818658207407,0.2207229746693728,-0.282814613369958,32,48,56.41201884958296,51.99550691692111,-158.20013619839204,-172.55770104296616,,0.8396989722277093,,415.22841003302256,0.0103699331064935,0.5713616251903956,3.462348347783613,0.4705842847743943,7.454757870918485,0.9837829158638408,0.9683314878067092,0.9946000000000004,0.9840180894257108,0.0074054034326294,0.0098860518073618,0.9726655345034302,0.3289572970166629,0.0001532847825065,0.019574260126366,0.0162476897341515,0.3730904713194884,0.2705279054533807,0.0003422169186936,9.125335862177968,5178,-2.2591048554145985,0.6088881151555839,0.8404436786553902,67.74842705955479,0.0010218277572552,3.1932,63158915
1606867200,2020-12-02,6329,28836,1,0.0014400031640518,2679,7,0.0605208451360762,0.2207957545939807,-0.2829395839002554,33,47,72.04105255207786,154.65487050866034,-150.19402077015155,-130.0601490103124,,0.8397052525477671,,415.1644694760312,0.0103536995495769,0.5717034624312235,3.460893461550107,0.4687204856074305,7.444159216117067,0.9984194721036826,0.9910362309330863,0.9996,0.999130735930736,0.0019595917942265,0.0012061475159114,0.972541365953138,0.3288020189951187,0.0001530298551703,0.0195139323852945,0.0007406430138881,1.0,0.0244920640592919,0.0003423673254248,9.112340022120398,5180,-2.254979154066004,0.6153922946828675,0.8466315101880124,67.55947338783724,0.001019824938008,3.1911,63231670
1606953600,2020-12-03,6327,28801,1,0.0014391648416641,2680,7,0.0604070158154503,0.2202711764912286,-0.2835989898198082,35,44,71.06403926685488,53.11050768383579,-153.13346671325988,-169.5947993806431,,0.8400119645238013,,414.9988298451932,0.0103459431143474,0.5719420487060157,3.459121765931836,0.4695859976423785,7.439113056155657,0.998419971559488,0.9901154314299854,0.9996,0.9985755514326944,0.0019595917942265,0.0019797652250169,0.9725679796982332,0.328774424492334,0.0001531320641089,0.0195039766862939,0.0007127484071542,1.0,0.0236252085633677,0.0003424810724314,9.104156788367314,5180,-2.246256353374541,0.6171025386349682,0.8544516826212223,67.45342857857733,0.0010193476694847,3.1883,63192351
1607212800,2020-12-06,6352,28820,1,0.0014287997645702,2692,8,0.0602017108842011,0.2185724849200329,-0.2833920248228384,29,49,73.70508603171228,66.04138192500689,-142.92588927703108,-167.34976712400882,,0.8411214330359663,,415.9674643144561,0.0102943864557324,0.5719637697736055,3.4542411612215216,0.4694823983647566,7.417926852634594,0.9936778884147304,0.9869712820939998,0.9984,0.9962495780442764,0.004630334761116,0.0040833645122824,0.9722879700508584,0.3282415407751046,0.0001519639036891,0.0195621096221835,0.0028882455304303,0.9999999999999906,0.0679825556698192,0.0003421727591809,9.074307304785894,5188,-2.2414439007404514,0.6206093761278476,0.851861202536668,67.05576007613163,0.0010119839246976,3.2058,63826651
1607299200,2020-12-07,6376,28917,1,0.001422835633626,2707,8,0.0603522989080852,0.2174248840449604,-0.2836638783461873,28,49,57.02497990248776,66.35324815849899,-152.67928392079784,-167.4861650625192,,0.8416381955922849,,417.2717006370384,0.0102706712643838,0.5724433214663349,3.449843602447723,0.4705882851770872,7.412769945265246,0.9985831234256928,0.9904115378742986,0.9999,0.9990199134199136,0.0009949874371066,0.0017408216304094,0.972434195223607,0.328029151980878,0.0001512276440603,0.0196025991348906,0.0007628575672626,1.0,0.0403480937647005,0.000341221208206,9.070577164366371,5213,-2.2571771699073184,0.6083512768743012,0.8382478460208278,66.99401426479174,0.0010073580021577,3.1987,64354199
1607990400,2020-12-15,6413,29176,1,0.0014190607642636,2734,8,0.0608825460334238,0.2174299956643608,-0.2847377842785055,33,53,40.167403686386805,9.35772042999733,-169.45928731204526,-191.44046597511743,,0.8420816735633445,,420.2442927174226,0.0102918698543374,0.573962219748376,3.444835640426958,0.4710639649903994,7.436778667304631,0.985414052697616,0.9841673404728668,0.9954,0.9928791975252096,0.0075392307299883,0.0057195749581822,0.9721587143150509,0.3284563951987269,0.000149926901543,0.0197569127046766,0.0037720881811392,0.99999999994578,0.1048723567893917,0.0003402501890231,9.099017620458444,5248,-2.230697414665776,0.6198321125567082,0.8557366414987607,67.39807520390482,0.0010052909899775,3.2007,65274237
1608076800,2020-12-16,6404,29184,1,0.0014234426925308,2727,8,0.0609366930823332,0.2174449155066058,-0.2850549078061641,29,44,73.95871899805627,83.57917239708728,-143.7634057154397,-157.3535055056033,,0.8418579786767018,,419.9118698107913,0.0103160371424054,0.5737435510802493,3.445708047597173,0.4711832622874503,7.4463239924643965,0.9971932013098392,0.992177918949132,0.9999,0.9992848484848484,0.0009949874371066,0.0029365177361377,0.9723648034367643,0.3286590983109317,0.000150376540009,0.0198236125536733,0.0007076652641763,1.0,0.0233901351807739,0.0003403677527856,9.114303560274829,5243,-2.240927763237054,0.6150669211991936,0.8448414797911917,67.59400811459965,0.0010082013189653,3.1997,65043599
1608422400,2020-12-20,6401,28967,1,0.0014141833307295,2735,7,0.0608741079467971,0.2160366466398428,-0.2856362525315907,34,51,55.97749887462586,66.73143662032132,-160.67158465159088,-168.64279367666336,,0.8429892426184408,,419.3755818380574,0.0102823311816289,0.5757425461105674,3.432549577620612,0.4699688689966928,7.396686544695274,0.9923485321673954,0.988375239322164,0.9986,0.9955388579674296,0.0034698703145794,0.0053276231725142,0.972375337817164,0.3283891020964877,0.0001498746147478,0.0199978440161507,0.004170715830336,0.9999999944874816,0.0749235387467369,0.0003408695761931,9.05077331666927,5243,-2.253759306850585,0.6083739650186193,0.836085026768506,66.64614972362934,0.0010008977254877,3.1934,65027465
1608508800,2020-12-21,6409,29014,1,0.0014129436036129,2730,7,0.0608353160195899,0.2172561095925068,-0.2858931333504418,31,49,40.30561892664893,96.32885974642004,-167.1884578751232,-155.86623645705367,,0.842433545604035,,419.7421024311093,0.0102849700159704,0.5755658368285139,3.430654614076292,0.4691247808905884,7.398332174261715,0.9973441649742228,0.9917300202566576,0.9989,0.9990841475984332,0.0031288975694324,0.0024455322177852,0.9724664803559456,0.3282654694163878,0.0001498683038132,0.0201346180808873,0.0010051431102211,1.0,0.0374344204146245,0.0003401077216575,9.054142611951942,5256,-2.263591241896509,0.6047778321180298,0.8273960993885496,66.68709422317669,0.0009999040962152,3.193,65133281
1609200000,2020-12-29,6499,29006,2,0.0013736990386711,2834,8,0.0600927184031894,0.217423295530438,-0.2867769826451804,25,44,74.79954675980397,83.21896618929439,-133.98125856732682,-156.54600554750203,,0.842629259967342,,418.5509685326119,,0.5828754999650843,3.3967926618446795,0.4616742986950861,7.291993410144508,0.9798720549227647,0.9835548786116496,0.9972,0.991022181843684,0.0049152822909778,0.0079793194698655,0.9727574627836078,0.3228007219456707,0.0001477379665246,0.0202467701465116,0.0098088232833256,0.9109689291717749,0.1614589289166977,0.0003299445693555,8.926296353285121,5355,-2.2636262715760243,0.6078142810129294,0.8533661753814398,64.81357648078166,0.0009696289019815,3.1964,65880105
1609286400,2020-12-30,6553,29087,1,0.0013549237950275,2874,7,0.0598904753177564,0.2154740775171071,-0.2860126519595653,30,39,23.39743745350599,39.50718606991926,-177.22156936715538,-173.43919654570573,,0.8441861070447892,,426.5751980992017,,0.5850699855839216,3.386463712203783,0.4591790652413234,7.260285864535246,0.998461301738729,0.9746428509671778,0.9997,0.993768872397444,0.0017058722109231,0.0496937169406995,0.9734242849782264,0.3262556238525105,0.0001431480937852,0.0200033898361155,0.0028260108429269,0.999999999999996,0.05843024083786,0.0003354874382832,8.877460705020601,5405,-2.279946928335442,0.6029436209287773,0.8416503609122894,64.18902937471351,0.0009567734406529,3.2134,68491741
1609632000,2021-01-03,6659,29457,2,0.0013288186190327,2894,7,0.0581763714395507,0.2241488199561642,-0.2907667687274317,25,40,74.82154636481303,24.07635410000466,-134.46257006836234,-182.67258829054785,,0.8387546229008532,,433.24479578907005,,0.5827942750156108,3.388716202957645,0.461687391653215,7.224021919235125,0.991454295742408,0.9900001687023416,0.9977,0.9961633807037344,0.0058060313467979,0.0053329901133055,0.973947804010576,0.3260670344111338,0.0001423174527502,0.0199695227826349,0.0041135586101034,0.9999999943485274,0.1469808699048352,0.0003284959192138,8.847274365520349,5502,-2.266326067718752,0.6061713083779618,0.852613330058132,63.72317372827266,0.0009360624091607,3.2178,70431706
1609718400,2021-01-04,6669,29434,2,0.0013238018163348,2895,8,0.0579096985179272,0.2247070050817039,-0.2911914275969045,26,45,92.98763608469258,68.2885180092936,-122.89009836097443,-164.83484641450704,,0.8384472993817439,,434.10086021142354,,0.5824406670021177,3.3864945348063777,0.4619469284826108,7.208265043285379,0.9986484457125696,0.9894626926769472,0.9998,0.999121706864564,0.0014,0.0014095636935541,0.973965401236572,0.3262179799776836,0.0001421574304612,0.0199593530051222,0.0009713149429085,1.0,0.0354210761178789,0.0003279984289616,8.827110511321038,5510,-2.2986580000413386,0.5915463243751495,0.8191211160332506,63.43750492006039,0.0009322877099474,3.2103,70649657
1610409600,2021-01-12,6783,29742,1,0.0012930656128412,2953,8,0.0571972978919795,0.2207234478703672,-0.2935656896690671,32,46,56.772925839318034,113.085352763089,-159.42815872545123,-146.65379806794363,,0.8410026545963152,,441.2701724019054,,0.5834271380434094,3.3792161324736,0.4581963478202643,7.169374609646367,0.9857549857549858,0.9829285674249522,0.9964000000000002,0.9918399883008496,0.0065604877867426,0.0085794320681649,0.9736890535794316,0.3260166390745329,0.000138404918915,0.0197437817345054,0.0023311168822004,1.0,0.119045728952838,0.0003254017289284,8.769570986289253,5606,-2.287465814680165,0.602593682078147,0.8440704386238176,62.724310317724935,0.0009108467036968,3.2405,73605354
1610496000,2021-01-13,6792,29773,1,0.0012909849678062,2951,8,0.0571674641148325,0.2214060578710993,-0.2937129067680549,36,54,55.92810083986413,23.931157498512345,-164.21064498100753,-188.09838374257856,,0.8405976313300126,,441.79915397224937,,0.5828442228861672,3.380283728891192,0.4588835012340381,7.1661787956971805,0.9986731534719152,0.9927077637806307,0.9997,0.9989086373943518,0.0017058722109231,0.004601550828731,0.9736563491650564,0.3259739697279562,0.0001382580226747,0.019739606978545,0.0011640512630568,0.9999999999999998,0.0244277551080067,0.0003250636665341,8.767078916372203,5615,-2.302047390109537,0.5952354401565323,0.8300000603197013,62.69168251784449,0.0009091664747355,3.2148,73815624
1610841600,2021-01-17,6839,29745,1,0.0012721029763189,2981,8,0.0561380516304387,0.2204240784332802,-0.2949698379579654,34,48,23.276642713878577,53.568043033169474,-181.37681184717675,-173.78430662056343,,0.8414336543283228,,444.7276097250484,,0.5839073048929618,3.373288227428472,0.456855812991691,7.120797129423932,0.9914605418138988,0.9900414252114832,0.9976,0.9923253320072172,0.0051224993899462,0.0076599859523789,0.9735571280999784,0.3258696388053763,0.000136577163635,0.0196897252203333,0.0020096021380873,1.0,0.091065652528774,0.0003241233202426,8.698640152069016,5637,-2.296622783466108,0.599371189605508,0.8447078757116157,61.81959924627441,0.0008962552400177,3.2411,75076049
1611619200,2021-01-26,6992,30037,1,0.0012289828668241,3045,8,0.0539251588045699,0.2220928338335037,-0.2940915365456151,40,53,116.75768408843928,152.52212552086286,-136.7392085891745,-138.312426950132,,0.8411653439751828,,454.2510451139432,,0.5841220408112657,3.362995053172197,0.4559968912000791,7.05190447475473,0.9809913730077496,0.9831461542994472,0.9931,0.9857170783879412,0.0089101066211353,0.0122966183066943,0.9732612035660024,0.3255417071460835,0.0001339889312377,0.0195068174432439,0.0034217034286129,0.9999999999977476,0.1741621113662712,0.0003165415290071,8.591819221967963,5755,-2.3050306545644084,0.5972864784690552,0.8414299234994901,60.468352490459125,0.000866735991089,3.2246,78371682
1611705600,2021-01-27,7016,30116,1,0.0012237988152119,3051,8,0.0536045407483811,0.2211278157669525,-0.2934865114928986,36,59,55.30239634318084,36.700701342991735,-165.10314130242313,-185.8236195278625,,0.8417144490867692,,455.7218530970145,,0.5836424072694087,3.363925216634369,0.4550569225110297,7.0500549771707846,0.9979977116704806,0.9923935061905282,0.9997,0.9975462378890948,0.0017058722109231,0.010863518077039,0.973032224274494,0.3254759169060054,0.0001335587652887,0.0194750484052785,0.0010813792077735,1.0,0.0369391048639317,0.0003155902144667,8.584948688711517,5771,-2.3163342987174245,0.5948001497965173,0.834176977458314,60.40273667591811,0.0008635022237283,3.221,78933919
1612051200,2021-01-31,7042,30094,1,0.0012138905968091,3085,8,0.0534019325523614,0.2191710547589251,-0.2949363729255948,39,57,39.6311290855607,8.944940530596941,-175.92616259074444,-195.27185457314064,,0.8428815452059859,,456.4457126636533,,0.5860703181817015,3.347328383536047,0.4549513726080418,7.022815809231739,0.9910205245153934,0.9865205008741084,0.9978,0.993939071761163,0.0050159744815937,0.0064156574810486,0.9736482814114812,0.3247860744823037,0.0001330029865212,0.0195374830966884,0.0044341379642004,0.9999997170776516,0.0769821533415705,0.0003132933012247,8.547003692132916,5805,-2.313705310613272,0.5926606439059291,0.8289806916637759,59.88761378809897,0.0008564317191161,3.2292,79260014
1612828800,2021-02-09,7296,30703,1,0.0011537207051212,3262,7,0.0528209979232584,0.2143312262464572,-0.2939294597724801,25,58,75.4669539198621,-90.52894978153908,-134.49169331486664,-234.0027490077409,,0.8463013323550316,,467.9031604316173,,0.592618774729225,3.3136732432637865,0.4462099524751879,6.929850202715095,0.9843794376597558,0.9811300043300448,0.9943999999999998,0.9935286858167196,0.0076576758876306,0.0047098216980461,0.9745085200797328,0.3213280286832971,0.0001269885051604,0.019249592932395,0.0097828209315535,0.8779214381029508,0.1766461849205345,0.0003055956187306,8.416392543859649,6036,-2.3176303982014206,0.5997040008874853,0.8461869142495615,58.28423317803836,0.0008138039062156,3.2637,85647282
1612915200,2021-02-10,7299,30713,1,0.001153147900783,3259,8,0.0528721086293743,0.213824736211783,-0.2938857572422975,39,59,40.05541424539629,8.917206994848051,-177.31509024248683,-197.53381840380956,,0.8466303598467586,,468.1425742521207,,0.5923526065560967,3.313557237260334,0.4492934943746014,6.930541067760194,0.998218201754386,0.9876308400185344,0.9998,0.998830303030303,0.0014,0.0043533637970369,0.974415071030486,0.3213599647886204,0.0001269002425134,0.0192195058000566,0.0009935120888946,0.9999999999999998,0.0184417160606016,0.0003056614277579,8.415673379915058,6040,-2.317785933042087,0.5929910434799075,0.8415532749864348,58.27321413575996,0.0008135636823766,3.2546,85762320
1613260800,2021-02-14,7337,30787,1,0.0011439828811677,3275,7,0.0527576587281087,0.2135280392745025,-0.2933370865579838,36,58,56.19086378475288,51.37489581158351,-165.96984004055264,-181.92641565649444,,0.8470456348791139,,470.51843389388097,,0.592275777198839,3.311795899184357,0.4501219831141739,6.916066840618904,0.9930127414714344,0.9860047896808026,0.9981,0.9964799019014042,0.0041701318923986,0.0051843429857763,0.9741960562259236,0.3213134336853139,0.0001262973095722,0.0190559587152314,0.0013662787109602,1.0,0.0571801682762971,0.0003042764952179,8.392258416246422,6061,-2.324090877653681,0.5899164318188032,0.8328604273722081,57.98166117456469,0.0008073667490476,3.2635,86705642
1614038400,2021-02-23,7729,31122,1,0.0010420944269746,3605,7,0.0503416837658999,0.2058642428840743,-0.2959149470192218,38,66,22.750705849824246,22.079508369539035,-187.57446496380248,-195.48701493880915,,0.8530426803096729,,487.86312912855794,,0.6078465799062914,3.2225983757407115,0.4354345187603241,6.662709188237874,0.987051928581164,0.9795429086592692,0.9952,0.9898814525966588,0.0069971422738143,0.0084887088330791,0.9750297181573656,0.3162212650962648,0.0001156441180437,0.0189303965486528,0.0197522300024548,0.104127670526361,0.3784669139924024,0.0002951811794833,8.053305731659982,6417,-2.3373634216794903,0.5932433074790378,0.8495833666662723,53.67610923258886,0.0007335166177302,3.3075,97651158
1614124800,2021-02-24,7740,31037,1,0.0010362962450997,3613,7,0.0500175817347604,0.2050608896344489,-0.2960116353721311,49,68,8.089171351752519,-5.923514899690801,-197.78010210382155,-204.91077878444776,,0.8536014089310195,,488.11277522963775,,0.6082523327203128,3.218134838224816,0.4353350450439835,6.639095900825657,0.998835554405486,0.9876819999369028,0.9999,0.9977756338899196,0.0009949874371066,0.0033298428553512,0.9750705730575044,0.315930992588998,0.0001153567093811,0.0189270273884214,0.0008594096598501,1.0,0.0383906980756045,0.0002947788256981,8.019896640826873,6427,-2.3447287138918744,0.5896650201607619,0.8432712275365075,53.25595773212599,0.0007294153943528,3.322,97918411
1614470400,2021-02-28,7866,31307,1,0.0010120891751846,3683,7,0.0494404716250961,0.2033452092899176,-0.2960743822869455,39,66,38.70529816203826,22.28116134760089,-179.34283062851648,-195.99188554841544,,0.8548882146123403,,494.7437126010746,,0.6099955149138849,3.2029923408371794,0.4348156716037856,6.595857185600928,0.9935400516795866,0.9831910244161816,0.9984,0.9949157597434476,0.0041761226035642,0.0082321506195715,0.9752399814394472,0.3150824036078448,0.0001131783322932,0.0189640922088061,0.0032491913977731,0.999999999996537,0.0992141628084314,0.000290552998011,7.960081362827358,6538,-2.3417878336657125,0.589558671177218,0.8453496880733504,52.519963343162125,0.0007122093362829,3.3056,101228021
1615248000,2021-03-09,7878,32065,1,0.0010334379792018,3577,7,0.0485988629462354,0.2084324339973528,-0.2942684731688064,41,63,39.22629361680387,93.17489235578104,-182.48725846784677,-172.21512121140012,,0.8514837149257269,,497.9725695597068,,0.6001178327936345,3.257521481623613,0.4401532966006567,6.740341071031283,0.9616069158403254,0.9798682779791652,0.9939,0.9924128733550368,0.0110358506695224,0.006857344200113,0.9733717244666692,0.3166615727311502,0.0001156663975302,0.0191137722189686,0.0137846824640217,0.4373447088748124,0.2027738418974732,0.0002858615945661,8.140390962173141,6504,-2.346463728272244,0.589353767797391,0.835236665917384,54.88880889503804,0.0007295010149168,3.2787,100397758
1615334400,2021-03-10,7896,32205,1,0.0010332229047278,3576,8,0.0487166296735783,0.2080543998437737,-0.2937238407947635,45,73,39.05984330691739,-18.487997042184737,-185.1349267034969,-212.46658610919604,,0.8516594321124024,,499.3989335077873,,0.5992416335620857,3.2604478961252807,0.4431430310079777,6.754268280122541,0.9972074130489972,0.9837569568593694,0.9996,0.9975348587920017,0.0019595917942265,0.0089785436011103,0.9731642990151742,0.3168441676471255,0.0001154516892462,0.0189500425730342,0.0015381798876637,0.9999999999999992,0.0324290027786843,0.0002855272289421,8.157294832826748,6512,-2.3309232360229704,0.5920425129349702,0.8376078665036124,55.123157259687794,0.000729603530238,3.2965,100959825
1615680000,2021-03-14,7909,32141,1,0.0010277823238835,3585,8,0.0486068126356727,0.207154118900532,-0.2899418282739412,42,68,23.59296451230369,-4.764382196228098,-191.57906575415527,-207.74509720954453,,0.8526237422536274,,498.7990439328353,,0.600077433859733,3.2585179128588657,0.4413120818205243,6.7407197267372325,0.9905015197568388,0.9754247123375293,0.9971,0.9937853838192572,0.0051565492337414,0.0051612160950808,0.972903125716544,0.3159441371538755,0.0001152280801231,0.0188286279227509,0.0010477431799895,0.9999999999999998,0.067630204159978,0.0002858434258341,8.127702617271463,6521,-2.3340644413145744,0.5952463218834022,0.8334498293850393,54.89683529585184,0.0007266851299152,3.2972,101471890
1616457600,2021-03-23,8319,33049,1,0.0009552087199986,3854,8,0.0466823889329465,0.1966714269307826,-0.2904083041687734,51,80,39.1910562365307,-7.115943040790235,-190.05669116525723,-212.17052850144043,,0.8603155465420483,,520.4413832057356,,0.6082170095080778,3.211648699661513,0.4359907978842506,6.630770836485029,0.98419522063472,0.968728422119044,0.9951,0.9823727875469234,0.0071407282541768,0.0113013342141115,0.9728476189841558,0.3133737995121998,0.0001069625753223,0.0180497017118533,0.0104942519087059,0.7575268562187287,0.2336552135572855,0.000277112487649,7.945426132948672,6890,-2.348597962084744,0.5885139369979707,0.8337047216395037,52.83136488710534,0.0006775853018092,3.3264,113908723
1616544000,2021-03-24,8360,33214,1,0.0009505841625019,3868,8,0.0462607839806183,0.1967076384611195,-0.2905223878723708,54,82,53.343411105880286,-112.21158692629004,-185.5844443511315,-243.0955308072288,,0.8605446944555319,,523.3939644473804,,0.6080480661961953,3.213158980445092,0.4356802442015232,6.638060183283731,0.9984373121769444,0.9865551157102944,0.9998,0.9987652442795298,0.0014,0.0017580815882974,0.9726047892882038,0.3136028134022072,0.0001065822842266,0.0181114648736476,0.0006026298247339,1.0,0.0350769064417467,0.0002757472834797,7.945933014354067,6928,-2.3557938922531614,0.5867086483801298,0.8282586207164517,52.89382416441944,0.0006751315628014,3.3382,115051393
1616889600,2021-03-28,8659,33871,1,0.0009035926578367,4087,8,0.0453489611464873,0.1906895175211764,-0.290326801552292,53,83,39.02273473495276,6.079297206891667,-193.15970429382648,-211.079958978577,,0.86470764461735,,536.7220658518401,,0.6152656218254988,3.172967096643909,0.4287283861278305,6.553011922473313,0.994377990430622,0.9821604368171332,0.9967,0.995984632778447,0.0056665686266028,0.0057732644467398,0.9730962667214388,0.3104665782285715,0.000101526798567,0.0177189721109432,0.0094883438477873,0.8333765031790716,0.1589024004119967,0.0002679597284325,7.823305231550988,7190,-2.371607244831204,0.5852594356271801,0.822432741508522,51.47342833050386,0.0006419535829634,3.3538,123870065
1617667200,2021-04-06,8949,34933,1,0.0008724999204502,4209,8,0.0442885274476713,0.1857830048336686,-0.2881474175493815,60,97,-4.796716494707354,30.20447010547876,-216.3795173778487,-209.31133084504947,,0.8680146775867111,,555.7655654740284,,0.6146809738469082,3.1696819678229544,0.4313238837114949,6.558328416937128,0.9824460099318628,0.973834938936748,0.9938,0.989465583246732,0.0079724525711979,0.0108912271418471,0.971945136709192,0.3110448042113253,9.81719173536326e-05,0.0176930041807774,0.0034470137983146,0.9999999987709338,0.1346114076441745,0.0002596073942984,7.807129288188625,7419,-2.3369722238499877,0.5929885264657345,0.8533388830533752,51.37574404931164,0.0006217235463841,3.3568,132498868
1617753600,2021-04-07,8957,34934,1,0.0008709669039058,4206,8,0.0443033923451231,0.1856158235048773,-0.2881519143286701,58,107,-4.215541741333713,-42.89830401227573,-216.0712181116789,-227.7268030636775,,0.8682450571718004,,555.572427189139,,0.6141995027682299,3.171968500812398,0.4266478973381947,6.55647610523742,0.9965359258017656,0.9809715086199124,0.999,0.9980034755295432,0.0041231056256176,0.0027463978325177,0.9718563312778586,0.3106593063633887,9.807137453500864e-05,0.017689914881304,0.0011884421706504,0.9999999999999996,0.0382450049742474,0.0002593148809486,7.800379591381043,7419,-2.3627091207270814,0.5911013782295124,0.8436111155227092,51.32681146560188,0.0006209602312139,3.3542,132679019
1618099200,2021-04-11,9059,35410,1,0.000863064684931,4263,8,0.0445156031494631,0.186737080183364,-0.2855934337951578,59,104,41.12202900631026,-5.8405373934002895,-198.6792366927093,-220.29459290502223,,0.8673692505960197,,562.5443290789032,,0.6145947971696406,3.1756443591346426,0.4261917038012521,6.559429804023576,0.9889471921402256,0.9769307891043086,0.9978,0.9938300080544558,0.0043772137256478,0.0067502603143053,0.9720207473709862,0.3110100741445256,9.70212015339734e-05,0.0178976998351814,0.0017026067178502,1.0,0.0803967017454501,0.0002560466807073,7.817639916105531,7495,-2.3743918041747083,0.587391256651767,0.8354709811357882,51.47530026064821,0.0006142892576997,3.3476,135595542
1618876800,2021-04-20,9104,35438,1,0.0008552289777969,4256,8,0.04421749467171,0.1845230233431079,-0.2860265716909316,56,122,26.73341500801688,-52.04322051305378,-203.97740362152527,-231.1189575997088,,0.8687579358213019,,566.00344115253,,0.6127892711541174,3.176950627033166,0.4254309638780875,6.537059732944852,0.9762666961033226,0.9747105302903716,0.9938,0.9896516931470464,0.0085767126569566,0.0073345538293659,0.9715532792100968,0.3113701842555405,9.663342679668126e-05,0.0179936310796068,0.0037430612557281,0.9999999366765716,0.088737840646665,0.0002554342178638,7.785149384885765,7529,-2.3787476305238817,0.5879004574077178,0.8390228010348095,51.08510372760662,0.0006087882280835,3.3595,137258707
1618963200,2021-04-21,9114,35386,1,0.0008521009986986,4271,8,0.0441754951517364,0.1839191402460547,-0.2864149912247609,64,111,25.89283724002704,-18.253822345158284,-206.1306524581928,-223.5320940237214,,0.8691613292199883,,566.2203339702764,,0.6138265450861239,3.169636068785094,0.4258578706869058,6.521391785045198,0.9981326889279436,0.9844850476988398,0.9996,0.9966249433106574,0.0019595917942265,0.0085681064121626,0.9715384663722032,0.3111465325190561,9.635089010862398e-05,0.0179635102627742,0.0014651844070016,0.9999999999999982,0.0256521283041397,0.000255424110222,7.765196401141101,7541,-2.3773875462976446,0.5866325653642764,0.8355281827282494,50.82643895995318,0.000606397517927,3.3587,137663243
1619308800,2021-04-25,9158,35145,1,0.0008381846244671,4320,8,0.0438220087088779,0.1816048120341756,-0.2867538862965004,55,107,71.20409896181296,-89.82198572251069,-182.89686746638324,-239.7275998109172,,0.8710049447581009,,567.4430986207103,,0.6171474533276783,3.1455931724321844,0.4255219293937951,6.45398157388728,0.9905639675224928,0.9812932590011192,0.9971,0.9948835100425676,0.0055308227236099,0.0055214260445297,0.9717251442814104,0.3103145458391478,9.532362915351653e-05,0.0180038052087282,0.0046993978818587,0.999950109902072,0.0998808952319317,0.0002545958692172,7.675256606245905,7592,-2.369443896667109,0.5849928602844405,0.8434340695123448,49.70416988683883,0.0005961075518524,3.3568,139115105
1620086400,2021-05-04,9434,36295,1,0.0008157011790483,4446,9,0.0417407874709952,0.1773745726212026,-0.2793847698326041,65,112,39.8643905264466,-30.81977456495254,-203.51093136203116,-229.2002096101048,,0.8741231710748975,,583.9063228525525,,0.6153496708613683,3.16271417769966,0.4244563910794786,6.500955557430011,0.9822013540074253,0.9642320746719788,0.995,0.985351858156571,0.006855654600401,0.0092332225206848,0.9702225033937976,0.3099639813319407,9.250376865359892e-05,0.0177367709990386,0.00355502530818,0.9999999863667604,0.1567106620850735,0.0002490055140669,7.694509221963112,7793,-2.360427405948111,0.5982245178937748,0.8499126469407137,50.24508466937954,0.0005836368447486,3.3844,148499820
1620172800,2021-05-05,9469,36604,1,0.0008165751823161,4449,9,0.0413023462430693,0.1769356597101189,-0.2792371662596417,72,106,52.3735248416567,-54.80789184851345,-201.8680705880342,-235.8091596216485,,0.8742997669467333,,586.4208239389687,,0.6137534259257219,3.1737118066634014,0.4264054682711922,6.537365828519881,0.9980920076319696,0.985247560000018,0.9996,0.9986941249226964,0.0019595917942265,0.0015975994967181,0.969896618850752,0.3101481269567174,9.24872262057552e-05,0.0177651526696295,0.0024895515583213,0.9999999999999885,0.0586427177999984,0.0002479588576576,7.731333826169606,7815,-2.3819284811085573,0.5860952412948729,0.831709869371399,50.78314318743606,0.0005853286015353,3.3799,149552138
1620518400,2021-05-09,9590,37495,1,0.0008154764578068,4446,9,0.04082206206073,0.1755330513158408,-0.2774221900637505,54,104,57.39920901498944,-78.70326887188611,-194.77692534181503,-244.24352313910828,,0.8750189496772701,,595.6588047440677,,0.6090272743706193,3.203417345229603,0.4299190154661783,6.620413662925549,0.9903896926813812,0.9825006181094106,0.9983,0.995312754305096,0.0040137264480779,0.0055005068034581,0.969296515373033,0.3110564152154073,9.224477807569504e-05,0.0175946809493731,0.0060954736112164,0.9937823351508042,0.1277573677389263,0.0002437620213944,7.819603753910323,7885,-2.357215286103858,0.5968614020146952,0.8476770434581287,52.03989921152346,0.0005866097318371,3.3685,152934683
1621296000,2021-05-18,9765,39312,1,0.000824622378454,4466,8,0.0403106625571451,0.1806398556602415,-0.2706818248520385,63,118,42.231456325052136,19.12930882290179,-209.93581862610975,-226.53745318944755,,0.8710653315554931,,608.0813829436922,,0.6023839308091194,3.259568150218461,0.4355489562050673,6.80335409195515,0.9750782064650678,0.9722497236418992,0.9937,0.987606673822952,0.008325262758616,0.0078431595013409,0.9686345858137332,0.3118559513183407,9.188778120860878e-05,0.0172427016633882,0.0106543928300462,0.6364810399060447,0.2808137209832667,0.0002388020744695,8.051612903225806,7970,-2.350743698839241,0.6019764264423255,0.8357623344499485,55.24287446682915,0.0005948528899179,3.3432,158292282
1621382400,2021-05-19,9762,39199,1,0.0008227575334031,4463,8,0.0402711014689042,0.1804480073308898,-0.2707148405016147,57,110,42.64163055524277,-76.52215541225867,-207.3340964788906,-247.6338023997153,,0.8712519248658092,,608.6032799357002,,0.6027790350306728,3.2533719898220648,0.4375971319895073,6.785861784434977,0.9970302099334356,0.9877624763715874,0.9996,0.9978187177901464,0.0019595917942265,0.0035660671420072,0.9686559213364292,0.312217450763667,9.175411601043008e-05,0.0173003176118402,0.0016609751407618,0.9999999999999968,0.0305077118051569,0.0002391586167489,8.030936283548453,7968,-2.3365809985026,0.6037120399517194,0.8427778119837742,54.94676535339015,0.0005932410680927,3.3629,158384793
1621728000,2021-05-23,9769,38908,1,0.000815479677185,4456,8,0.0397409777307983,0.1812888041441243,-0.2707615572772039,54,115,57.90624844663323,7.118520282297425,-198.24182845262004,-227.8426192049964,,0.8710274993004936,,609.0876653017551,,0.6029140954351063,3.2479262504001865,0.4378526324003283,6.737562162026997,0.9893464454005326,0.983002425308607,0.9975,0.993884425997828,0.0049749371855331,0.0049037088267658,0.9689310691780276,0.3122378591117593,9.165236598103464e-05,0.0173844708305866,0.0024419551588424,0.9999999999999812,0.0741728897583172,0.0002389875672911,7.965605486743781,7977,-2.3426687732346263,0.600689699017033,0.8414862764093467,54.12931790496938,0.0005878629039721,3.3587,158622253
1622505600,2021-06-01,9994,40182,1,0.0008046857535115,4519,8,0.0393813548337872,0.1806356668489246,-0.2664884982179548,54,110,58.97991247816319,-2.3670133235109745,-200.94873699246267,-233.0142908441487,,0.8712046721856898,,622.4538093980386,,0.6000076850723284,3.26412969085716,0.4361584769060654,6.80725767971282,0.985157129695977,0.970917794536486,0.9945,0.9847411641132552,0.0072629195231669,0.010195349004531,0.9688408189295172,0.3119008402936357,9.03258121489501e-05,0.0172711546073431,0.0046801957722898,0.999894227195774,0.1372116134866762,0.0002329485519324,8.041224734840904,8158,-2.343730531874289,0.6051707778653895,0.8470638075629606,55.265912211882274,0.0005816005664538,3.3415,165596866
1622592000,2021-06-02,10012,40394,1,0.0008060250783666,4517,8,0.0393564950473152,0.1811376141340251,-0.2667918105126322,54,111,59.28983340611919,10.172487209442018,-201.35284503812235,-230.71494174927275,,0.8709118234866453,,624.1673389934645,,0.5991252291946996,3.267126754501079,0.4399421327434399,6.831594866973951,0.998198919351611,0.9880885453408984,0.9999,0.999549371263657,0.0009949874371066,0.0007854944488004,0.9688216464946235,0.3121972886182871,9.035495405323811e-05,0.0172587381069446,0.0015758756092648,1.0,0.037498288025941,0.0002324221651798,8.069117059528566,8167,-2.32714700859857,0.6070863903275345,0.8479139038580332,55.66171932189591,0.0005829886195574,3.3614,166160946
1622937600,2021-06-06,10130,41411,1,0.0008071787076037,4562,9,0.0389329766256833,0.1816183092430635,-0.2637131326408897,64,116,-0.9407985136207202,24.28321222488704,-232.7305874324246,-230.68031324690432,,0.8701396820836286,,632.6924274080271,,0.5964852083347731,3.2921727385340045,0.4380394120803075,6.921183845200992,0.9933080303635636,0.985021095510424,0.9982,0.9969281385281386,0.0038418745424597,0.0044534242307794,0.9683118882978056,0.3127742983778168,8.964307747712339e-05,0.0171671353194113,0.0037713283053425,0.9999995897996456,0.1333882854888023,0.0002293427546087,8.175913129318856,8251,-2.3528087402263176,0.6032333992963189,0.8334099080655871,57.20085580395324,0.0005850495764354,3.3646,169934577
1623715200,2021-06-15,10401,42776,1,0.0007909002832567,4671,9,0.0381639298125892,0.1827755849875711,-0.2626380773884068,63,114,46.560520942911495,-45.56389875585037,-216.9301190997258,-249.9235419811942,,0.8694227467180801,,649.456839490179,,0.5955416533216513,3.299398786864981,0.4394631106715596,6.961537436385116,0.987166831194472,0.9766014601460146,0.996,0.9892323411370174,0.0063245553203367,0.007628349422577,0.9679935237092572,0.3126869132579438,8.747610207304822e-05,0.0171314654561819,0.0023583046394373,1.0,0.1299302320482723,0.0002231670142532,8.22536294587059,8467,-2.339052038046358,0.6082996101034934,0.8382080269444823,57.9272372571593,0.0005736784759677,3.3536,178999920
1623801600,2021-06-16,10419,42933,1,0.0007910625792907,4664,9,0.0384028506873612,0.1838361304687168,-0.2639455968836729,58,115,63.22041805517817,-57.27931720073268,-208.0509002221575,-252.98045504504972,,0.8686497775937541,,650.7325715649979,,0.5944142641665157,3.303810836339502,0.4414607380337234,6.970152688700793,0.9960580713392942,0.985801073507416,0.9994,0.9976679859822716,0.0023748684174075,0.0034227974688844,0.967996228210614,0.3127600025135323,8.74229017908754e-05,0.0170232634055723,0.0014422243890976,1.0,0.0387135802491396,0.0002231435517146,8.241289951050964,8480,-2.3104622943722064,0.6175924671517742,0.8620816922805764,58.15792102466183,0.0005735149925173,3.3445,179867280
1624147200,2021-06-20,10564,43798,1,0.0007849980945899,4703,8,0.0379981432614547,0.1834762139789864,-0.263960562864495,69,108,76.55092592431765,29.37309163820096,-210.2747949320426,-234.5319622218659,,0.8689421672868729,,659.8698044214799,,0.5925354715530021,3.316537867975652,0.4385653992462774,7.020200831828034,0.991553891928208,0.9817898798557674,0.998,0.9955960781813508,0.0042426406871192,0.0045352982173509,0.9677337427614798,0.3127949910107684,8.656860994204507e-05,0.0168602591927208,0.0027286458829057,0.9999999999995172,0.1026989038135983,0.000219771249183,8.291934873154108,8573,-2.3484280391484798,0.6085280954701674,0.8361806205967249,58.92189471750011,0.0005703806106887,3.3633,184703093
1624924800,2021-06-29,10788,44548,1,0.0007656258534189,4754,9,0.0376145180539086,0.1840395012585115,-0.2641372223552535,72,131,61.98735988244045,40.608621362329146,-218.59804916509,-237.0235951147699,,0.868954767403565,,672.4777998884521,,0.5905841319614732,3.3199823478270765,0.4399137109274622,6.998671173447647,0.9873154108292314,0.9734570069612842,0.9967,0.989650837854667,0.0060091596750294,0.0079235262919554,0.9679233667028644,0.3121432512200562,8.495400903216533e-05,0.0166517868054588,0.004447598176947,0.9999243939991188,0.1106114230446752,0.0002150612570642,8.258806080830553,8741,-2.347440596549375,0.6072880464125944,0.8419020262114146,58.52461226273651,0.0005565279901916,3.3534,192444337
1625011200,2021-06-30,10838,44732,1,0.0007617107623215,4777,9,0.0371805396801502,0.1842571997567141,-0.2626451905708802,65,122,16.866162537868348,-44.1816086073963,-234.27881879538563,-254.71515188235725,,0.868813628444979,,676.0570719836226,,0.5906587346929025,3.319863610234544,0.4398979776224367,6.997402420291757,0.9980533926585096,0.9865774735936816,0.9996,0.9991667697381984,0.0019595917942265,0.0019934911640819,0.9681709720412494,0.312353902918039,8.477583522782306e-05,0.0168077313807296,0.0008119716103469,1.0,0.0385533248174714,0.0002134433870772,8.254659531278834,8783,-2.346845959649964,0.6082973563784403,0.8401249396839177,58.47484628364449,0.0005538409327882,3.349,193794592
1625356800,2021-07-04,10946,45126,1,0.0007533306283589,4829,9,0.0368425453151083,0.1851027373057607,-0.2607104461593342,60,116,31.84987962712724,28.910545353159225,-227.8699553881772,-238.98961187501635,,0.8683366190408629,,682.6319740778089,,0.5907509508244435,3.3203889239913287,0.4404190185116063,6.990331331198059,0.9944639232330688,0.9821248088300596,0.9981,0.9966491283548724,0.0046249324319388,0.0029731014660593,0.9682949999713734,0.3122752928086839,8.389286481825296e-05,0.0166794072189116,0.001518788049991,1.0,0.0647157562261124,0.0002116687759652,8.245203727389,8869,-2.3381004896309565,0.6131647615104465,0.840533866331157,58.40153717387677,0.0005477247540778,3.3534,197923134
1626134400,2021-07-13,11268,48798,1,0.0007687354089851,4894,8,0.0380309484410246,0.1902281381511312,-0.2552119925034261,55,114,51.144241243990216,10.80462551643491,-225.87218091659363,-251.8155319544305,,0.8639495283789729,,708.4940238908727,,0.5832834943155571,3.3926433851967803,0.4455381038344724,7.317739231663357,0.9834642791887448,0.9785335784952094,0.9936,0.9915167755293308,0.0079397732965116,0.0077560566597686,0.9685594645901756,0.314847976204465,8.331459887134663e-05,0.0163460514538663,0.0118935269478248,0.4088933298322976,0.4350246256820376,0.000203202729392,8.661341853035143,9069,-2.328974504414896,0.61685489139389,0.8409910452399361,64.32576242151126,0.0005611608802593,3.3149,208056476
1626220800,2021-07-14,11296,49149,1,0.0007704310237802,4900,8,0.0381593950853763,0.1904713115044208,-0.2550899788412059,63,118,85.64058404094587,62.14379938332478,-216.06715342222927,-241.52806338641275,,0.8637392103257328,,710.3399966805417,,0.5829351574613915,3.396895142178997,0.4469650129831525,7.349321189132517,0.9986687965921192,0.9872302962761694,0.9999,0.9994848484848484,0.0009949874371066,0.0039400025429904,0.9685392394549982,0.3148867443127081,8.322522582349925e-05,0.0163267435256007,0.0021516407867651,1.0,0.0520853760203345,0.0002025055438347,8.702018413597735,9088,-2.309686967370227,0.6250823450412034,0.8488788885906312,64.9086899992848,0.0005625689840452,3.3136,208931848
1626566400,2021-07-18,11521,50747,1,0.0007647116617963,5005,8,0.0381619334719742,0.1900553013025696,-0.2542317150857308,60,114,105.14184825632954,39.63542966724271,-209.2757807845844,-249.688763493406,,0.8639846009196255,,723.9289809336874,,0.5825169351537066,3.4070759230931302,0.4461494563877858,7.440677502242587,0.995662181303116,0.9844575780407292,0.9994,0.9973031952174808,0.0023748684174075,0.0032211060404357,0.96888508460208,0.3146408532270747,8.172392743276823e-05,0.0161635283877527,0.0035908147654006,0.9999993802443206,0.1404949681736509,0.0001985585537711,8.80947834389376,9271,-2.321889183193896,0.620261961398878,0.8397459032066539,66.55138619446147,0.0005595144559657,3.3066,217314594
1627344000,2021-07-27,11765,53292,1,0.0007700963545275,5094,9,0.0395452330348377,0.1881332415222177,-0.2475248581489518,73,123,93.22719464370172,83.45990048590329,-228.2306248376292,-247.5018056806031,,0.8643631761382342,,738.9548727393137,,0.578798343897341,3.445095567897633,0.4511280492470216,7.648647448205892,0.9697074906692128,0.9703243555901788,0.9925,0.987017693069241,0.0112583302491977,0.0076387001997973,0.9682554447641398,0.3145153031038374,8.061925681967171e-05,0.015802177562426,0.0075110868517671,0.8952880869611799,0.3139850129734217,0.0001948582550119,9.059413514662133,9412,-2.294931451157333,0.626818778737772,0.8531503139276542,70.49104630534099,0.0005656045132078,3.3176,226987475
1627430400,2021-07-28,11916,53910,1,0.0007594073326546,5210,9,0.0399835007106562,0.1864967530118872,-0.24890615965305,65,118,95.32222799593676,71.78444560496722,-224.016936301729,-250.29514263820843,,0.8653489262710157,,746.6586086762092,,0.5818510913483248,3.4320103465622123,0.4485671362695216,7.633464417291229,0.9983000424989376,0.9860077712934834,0.9997,0.9980402391259536,0.0017058722109231,0.0061526289346178,0.9690619278217312,0.313762595451563,7.923238642439264e-05,0.0160955099328641,0.0045450823279602,0.9996653691379018,0.0739459257727714,0.0001927948706018,9.04833836858006,9546,-2.2840986422279563,0.6353864263460408,0.8603102273650685,70.27952905492104,0.0005571553291845,3.3265,233158784
1627776000,2021-08-01,12089,55312,1,0.0007570150766329,5246,8,0.0400702457813528,0.1869257379805144,-0.2446282489245025,64,126,114.48233933438576,47.78536410949641,-218.57270618949485,-260.1767507735525,,0.8649430997285718,,758.8965306810334,,0.5792870069648575,3.4502270025025,0.4509480711626017,7.717141190336412,0.9950486740516952,0.9829806373453696,0.9988,0.9955941455370028,0.0032496153618543,0.0076252993882551,0.9690325751468604,0.3143388394059125,7.861893193909439e-05,0.0161523788525664,0.0029013236866297,0.9999999995711442,0.1391230881869216,0.0001895963279293,9.150798246339647,9670,-2.292461141450504,0.6289351373701985,0.8487186738409171,71.87885385799575,0.0005561077117645,3.3073,239603654
1628553600,2021-08-10,12484,58202,1,0.0007469562642361,5373,8,0.0412341118283264,0.1843362124652576,-0.2435728048669294,68,133,85.16101193837747,91.62311205996828,-238.962650112315,-258.7255836399773,,0.866462692131615,,780.9460797126397,,0.5762540629980353,3.4738800045793545,0.4495232611417591,7.859309792383559,0.9846968318305898,0.9706421852853576,0.9963,0.9837331865360952,0.0065810333535091,0.0116549616753686,0.9687184877647296,0.3132341435142569,7.664406490124789e-05,0.0158166164030819,0.0043209713263815,0.9998214601797704,0.2218386892323701,0.0001837223688867,9.324255046459468,9949,-2.299846006993514,0.6287942565552097,0.8528860655593136,74.64972685058868,0.0005499028460122,3.3162,255484769
1628640000,2021-08-11,12516,58475,1,0.0007466272176807,5383,8,0.0412531303803015,0.1837611135955483,-0.2431094118597392,65,126,136.66460556847431,106.62614999589464,-216.9953682980176,-254.52913466128095,,0.8668972894494594,,782.8082651082917,,0.5762976858534435,3.473995985130349,0.4519606774037942,7.87873128512024,0.9979974367190004,0.9826711369271304,0.9994,0.998022758194187,0.0023748684174075,0.0058007254161805,0.9686496059761994,0.3131783314446438,7.661551162425995e-05,0.0158124907357412,0.0011053074109357,1.0,0.0428722366418529,0.0001827814366595,9.344039629274528,9973,-2.2985304438350536,0.6241897855419706,0.8478257971070225,74.97724045476643,0.0005500496181022,3.3192,256262845
1628985600,2021-08-15,12720,59164,1,0.0007313873514639,5538,8,0.0413162305993621,0.1814518698356791,-0.2427704867714083,63,125,138.6829882676549,68.64001986295159,-215.33171299904475,-263.8087626995123,,0.868701805760502,,791.0334497263657,,0.5803548055813872,3.456891401068376,0.4489212989908165,7.855576527220558,0.9904122722914668,0.9749111640718466,0.998,0.9924201085120083,0.0042426406871192,0.0087822256996328,0.9692104832704124,0.3113894225275919,7.490279813212988e-05,0.0155813003471498,0.0058702219649414,0.9806870632384695,0.0998598020948239,0.0001808594353965,9.30251572327044,10143,-2.297750398202524,0.6286643364501137,0.8451358866408408,74.48114358921399,0.0005393973016038,3.3472,265642725
1629763200,2021-08-24,13184,61029,1,0.0007022711104106,5760,8,0.0401053319227411,0.1801064534730095,-0.2400883520462687,66,134,122.15597574837588,109.28652499169569,-228.04499073042376,-260.88750459082473,,0.8703884444485961,,816.5580821788052,,0.5819100922014494,3.44837379858023,0.4474131462522385,7.841595129958248,0.9849056603773584,0.9682558725515594,0.9943,0.9852195543697015,0.0073830887845128,0.010072053064893,0.969268995227556,0.3101102926640148,7.210095457306345e-05,0.0156614189834415,0.0031834852231787,0.9999999110768008,0.1362680893936483,0.0001752444232299,9.25804004854369,10501,-2.291941501980099,0.631311887584821,0.8577169378921352,74.00720349591238,0.0005193357476377,3.3625,286182705
1629849600,2021-08-25,13232,61184,1,0.0006989557794403,5785,8,0.0398010742435921,0.1796028092204326,-0.239924919829091,65,140,104.58647631481324,28.514571694480765,-234.7833383690985,-278.6502466301399,,0.8706496496463676,,819.432246807495,,0.5820385047434788,3.449291636793968,0.4432762092721157,7.836038032102934,0.9982554611650486,0.9812626949523195,0.9998,0.9980359101216244,0.0014,0.0043392655877228,0.9692000473779124,0.3100710363608209,7.177179832073995e-05,0.0156640945018755,0.0009622891255092,1.0,0.0417377774973319,0.0001747955459358,9.247883917775091,10537,-2.3003848383704866,0.6366493043179572,0.8564875162584286,73.88048776662326,0.0005170296623386,3.3609,288518508
1630195200,2021-08-29,13492,62125,1,0.0006826151496765,5941,8,0.0388541852321635,0.1763662284774186,-0.2380582835679086,73,140,104.70629477897488,82.61364049739687,-241.68608537732132,-269.7240857992298,,0.8731055083193282,,832.6160432469139,,0.5842039248919729,3.437221086955252,0.4440012588044565,7.826571774952879,0.9947097944377268,0.969895445048772,0.9987,0.9919775367816605,0.0039127995093027,0.0058955649910997,0.969228528152831,0.3089812067251694,7.02223191328617e-05,0.0157526585174056,0.0035472227529879,0.999995567595624,0.098987316950048,0.000172303415227,9.209160984286983,10761,-2.2987914181366755,0.6338449555151463,0.8524553424651562,73.4911538673113,0.000506354968451,3.3591,301047365
1630972800,2021-09-07,13815,63874,1,0.0006693970108322,6056,9,0.0383170254591257,0.1765327847304911,-0.2344363245257997,75,134,106.2450144581301,84.36092489333612,-245.6475262588491,-271.6887342284885,,0.8726823462743066,,855.2060164148564,,0.5820145000097887,3.4518548046495985,0.4432329216146916,7.859359244026514,0.987325822709754,0.9705796217356912,0.9942,0.9887526437092866,0.0081461647417665,0.0082592536147931,0.9687529496097702,0.3099344537066744,6.88619906462135e-05,0.0155448382997841,0.0028974315311206,0.999999993406515,0.1310369255158028,0.000167450302427,9.247050307636629,10986,-2.308530318832271,0.6345244895877071,0.8485097548374121,74.16103931263882,0.0004968838826035,3.3673,314571625
1631059200,2021-09-08,13758,63304,1,0.0006689322063985,6049,9,0.0384499593622487,0.175924905778069,-0.234657208265976,71,136,106.31781365297948,29.12201023272877,-241.9964986577356,-282.4223952639156,,0.8730969356485263,,850.8957665296288,,0.5832318794927674,3.4421687452661223,0.443870880693733,7.8216438196957565,0.9958740499457112,0.979837913702483,0.9991,0.9973545248402392,0.0028618176042508,0.0047516390239087,0.9688210659127258,0.3096504410354669,6.89793778726143e-05,0.015519113298182,0.0017969842913624,1.0,0.0594992801740492,0.0001683134501924,9.202500363424916,10949,-2.302044286703405,0.6362758778814273,0.8463342669408838,73.4675238996641,0.0004961990325996,3.3629,312195095
1631404800,2021-09-12,14138,65793,1,0.0006583615362361,6155,9,0.036339227402556,0.1815933086233066,-0.2163555477857213,60,139,127.55752081104482,127.24035737435642,-228.65119235600048,-267.7273272683407,,0.8694099362836982,,883.8189226495666,,0.5799288302211293,3.459442922809057,0.4453348141823861,7.899280838907788,0.9934583515045792,0.9783962420325988,0.9982,0.994761530304093,0.0040938978980917,0.0071044402581846,0.9695565340452597,0.3129711197215144,6.765224660387685e-05,0.0169124898267061,0.004265227617102,0.9995347508624954,0.16790056340582,0.0001618581163426,9.307257037770547,11253,-2.2946338691982446,0.6383915497512543,0.8537341267604761,74.84974425410334,0.0004883515634458,3.3213,327038033
1632182400,2021-09-21,14444,67118,1,0.0006434637882551,6312,8,0.0353614511360729,0.1787353257996635,-0.2121756605703794,76,134,91.57730310629644,60.45748877590553,-257.7469392108964,-283.22237001182936,,0.8717215928469655,,900.4899053244478,,0.5804831398123077,3.4605826420925507,0.442881948880571,7.91458433879087,0.9876220115999436,0.9688673186588868,0.9967,0.9873690054341012,0.0060091596750294,0.0078261977671912,0.9692490724812036,0.3121123017649408,6.598913889955811e-05,0.0166564824392727,0.0016763195747546,1.0,0.1135635604244816,0.0001591052173644,9.293547493769038,11488,-2.312402152273689,0.6340629376916885,0.8508200387317022,74.87932941781364,0.0004790581242276,3.3307,342358775
1632614400,2021-09-26,14046,64882,1,0.0006577787158878,6165,8,0.0382712903471413,0.1725362170078975,-0.2280359279063161,71,141,107.47974526672076,100.00714888867768,-244.52250626253155,-271.88971757880586,,0.8756650640241682,,866.6315181938918,,0.5814672964311592,3.45663682443721,0.4445956909094468,7.883372529088825,0.97071448352257,0.95926727394134,0.9952,0.9857582301024128,0.0076785415281809,0.0096493995652579,0.9685272034478984,0.3089064182298709,6.747771676384579e-05,0.014982102546831,0.0020833749834828,1.0,0.1364808267553595,0.0001659146857082,9.238502064644738,11136,-2.309333652534598,0.6327240823349917,0.8452013899506671,74.3555573493728,0.0004904167493941,3.3759,326977949
1633824000,2021-10-10,14112,64810,1,0.0006509170649102,6138,8,0.0320473363640732,0.1440751066189702,-0.2174237366421701,75,160,94.93097143846389,82.82587758260166,-251.46488229748732,-278.58750008437977,,0.895487998345342,,866.9940345072674,,0.5777535107668846,3.483918303930388,0.4477261599762627,8.010398573225618,0.9489534387014096,0.9259477930267312,0.9828,0.9502974555037708,0.0128903064354576,0.0187593042696688,0.9657215560055088,0.3075898447698328,6.771327316591433e-05,0.014829371447868,0.0072014050529795,0.8560216974816703,0.3239463555606085,0.0001659792914196,9.185090702947846,11089,-2.304730880767385,0.6414366734543416,0.8363228391347638,74.6990952861984,0.0004971273994387,3.3926,331190210
1645488000,2022-02-22,18152,74572,1,0.0004526689927615,8734,9,0.0221546726727475,0.1085957840948229,-0.2025969224642596,102,200,110.63287853053922,89.24690937806807,-274.3850695609237,-300.8755238205785,,0.922010273213434,,1080.5463449005488,,0.6131329001498242,3.271543137935592,0.4169966588054994,7.393956345609952,0.8515447845804989,0.8640271820868062,0.9277,0.8712629812557122,0.0257237244581728,0.0292542096274945,0.9668083816049414,0.2979316503268566,4.875476219936989e-05,0.0139193741262583,0.0458255819589478,6.290009171740507e-15,1.043713254363023,0.0001351383186351,8.21639488761569,14487,-2.350138361846128,0.6481982604747301,0.8366359284717229,61.669278465546405,0.0003524242191704,3.486,566595457
1645920000,2022-02-27,18879,81414,1,0.0004568715557759,9275,10,0.0272244169179711,0.1127180478560481,-0.2056325316314236,88,202,93.0064259065586,132.12904594123034,-287.27746868194,-306.74809063548,,0.9180904298212014,,1123.5833135434289,,0.6187556800353673,3.273564325464742,0.4112516998616156,7.661213587998517,0.9968598501542528,0.983834595870089,0.9992000000000002,0.9977193224056258,0.0030594117081556,0.0024685313163295,0.9693017964965472,0.2978707717186011,4.655729640422889e-05,0.0139794096728233,0.0103967354811909,0.2679973761321845,0.4587576594521521,0.0001298687579368,8.624821229938027,15123,-2.34710672945016,0.6477618291821102,0.8420548362216373,67.3600840618287,0.0003530171786235,3.4781,612613480
1646697600,2022-03-08,18991,82682,1,0.0004585304382838,9315,10,0.0277638144714065,0.1126176265776542,-0.20537999594196,102,184,130.43635168117612,160.5742694568998,-282.7889646359481,-300.6294284461737,,0.9179313014752232,,1131.5314968593607,,0.6178466609217519,3.28261538421527,0.4148440910433922,7.722040724996397,0.9909952857672546,0.9777585351684503,0.9978,0.9930299914780032,0.0048124837662063,0.0080998152980529,0.969027098891611,0.2982091296281476,4.640724470515721e-05,0.0140301019588557,0.0020822266824397,0.999999999998226,0.1015504739116816,0.0001288191479338,8.7074930230109,15194,-2.3275438390419385,0.6503422138125001,0.8496922137193139,68.55944168868496,0.0003541403053836,3.4796,618871872
1647129600,2022-03-13,19016,82245,1,0.00045490844805,9330,10,0.0270206411958609,0.1113574681937491,-0.2043202780036521,106,196,160.51517775137495,235.062836927678,-274.1781241747577,-289.17062065705585,,0.9188392875455016,,1131.5297657602894,,0.6184386820455879,3.2769921019355164,0.4119828043037235,7.681188403458793,0.9912590174293088,0.9789433624053157,0.9947,0.990150737758396,0.0063960925571789,0.0099043909516607,0.9687926597419856,0.2978149005983741,4.628993320107302e-05,0.0139537818443602,0.0016129354898686,1.0,0.0743785439450261,0.0001288260377369,8.650084139671856,15208,-2.3337377640627466,0.6532302754095747,0.8484807555880921,67.71395751397766,0.00035152401345,3.4864,621073869
1647907200,2022-03-22,19152,82477,1,0.000449735595145,9432,9,0.0273921288347434,0.1112852654484681,-0.2041605753214602,105,194,145.53392794539113,159.68119229859911,-278.7275763631241,-302.3019644316501,,0.919198190772558,,1135.440061856719,,0.6206960416453582,3.2647642839483133,0.4107465330709704,7.648199235444998,0.9893247791333614,0.9689929045155744,0.9963,0.986044595970222,0.0062697687357668,0.0082688711318606,0.9689570364239436,0.2967204300769075,4.587952514806692e-05,0.0140130545930071,0.0029800565429841,0.9999951890209114,0.0805275353578348,0.0001278990146788,8.612886382623225,15340,-2.343227220517022,0.6473802080676179,0.8455567379196968,67.17001072607509,0.0003473025174961,3.4975,629566370
1648339200,2022-03-27,19154,82718,1,0.0004509555426733,9409,9,0.027923571386448,0.1121006370614046,-0.2047794310736128,85,193,147.78131425302288,147.4114689648937,-266.4475729950024,-304.75671102846854,,0.9187088714310396,,1135.252700232394,,0.6204201084782832,3.2655046528810368,0.4114468466343352,7.661337950165366,0.9920112781954888,0.9763009728610836,0.9978,0.9948787543008456,0.0043772137256478,0.005178168478155,0.9689617383411098,0.2966413820901304,4.588909140587467e-05,0.0140311987476665,0.0010954171827536,1.0,0.0514073526547486,0.000127805476675,8.637151508823223,15334,-2.3311087221700446,0.6502027194042018,0.855751802361993,67.49777920723393,0.0003479529719992,3.4935,629340522
1649116800,2022-04-05,19112,81984,1,0.0004489206159805,9427,9,0.0279058344860722,0.1075264399136718,-0.1989024919420773,102,206,96.20143922803268,182.84089184783065,-292.67709196866195,-299.78846491293365,,0.9217883900068664,,1127.985113070427,,0.6209389086120719,3.2603591610172904,0.4095927600070593,7.625473609321397,0.9811005534092097,0.955514100015136,0.993,0.980818132141954,0.0074161984870956,0.0135215960060566,0.9668976270428388,0.2953907297432503,4.566844880500369e-05,0.0140701185844181,0.0018047415731485,0.9999999999999998,0.0905913266370854,0.0001294701701889,8.579321892005023,15283,-2.3453262941908477,0.6500633856251384,0.8408649263828474,66.70095716547071,0.0003468394776225,3.4967,631671626
1649548800,2022-04-10,18666,81087,1,0.0004654810152752,8974,8,0.0279765720186256,0.1096498846367866,-0.1948408703938885,113,214,176.8831358656759,109.42468629418838,-271.0607176082461,-311.8470193482081,,0.920315301440586,,1104.5429152593429,,0.6117823780788061,3.310434512908436,0.4164923960425051,7.718768604577914,0.9658853076601088,0.9699813830035432,0.9908,0.9858664234276632,0.0193742096612997,0.0158037653840362,0.9648792470996636,0.29617223956123,4.757243002386677e-05,0.0137930623477135,0.0126029773143694,0.0987494738267821,0.1602006177012585,0.0001318221419139,8.688203150112503,14819,-2.328804490614654,0.6555126889180988,0.8464893332937005,68.35898396202448,0.0003601338076753,3.4911,599909612
1650326400,2022-04-19,18726,81229,1,0.0004633127555028,8981,9,0.027985167600728,0.10994573848462,-0.1952785681238875,115,211,178.89127576093637,170.34013757334844,-271.6568415747981,-301.7870472683801,,0.9200421565042262,,1107.3778583677704,,0.6110484882842112,3.31224271419956,0.419869503886078,7.700675867895816,0.9836065573770492,0.9653297148697706,0.9922,0.988436440635216,0.0086694867206773,0.0098399795127347,0.9645202200907184,0.2959798154573765,4.734291784967732e-05,0.013638952273425,0.0014243539777631,1.0,0.0717512007998156,0.0001316720227884,8.675531346790558,14845,-2.329328585134131,0.6480556646305842,0.8466287441719687,68.13258850474364,0.0003580123800011,3.5009,604694316
1650758400,2022-04-24,18812,81717,1,0.0004618442665677,9000,9,0.0280270521586233,0.11089686560437,-0.1955771049806169,111,215,211.6599250812677,168.35729483386504,-260.57188738478715,-303.7123143889307,,0.919377475836656,,1112.1771331386788,,0.6105382144430888,3.3139753760520505,0.4184913006772179,7.706107839744861,0.992096550250988,0.976703893359266,0.9978,0.9938170556288743,0.0052115256883181,0.006929086995457,0.964576134069524,0.2959027461255349,4.7240642228132927e-05,0.013543146419277,0.0010775320512886,1.0,0.0566537741844231,0.0001308280195383,8.687752498405274,14918,-2.319442813465045,0.6564901342166255,0.8521420982096517,68.28299062298929,0.0003566639970377,3.5264,609301311
1651536000,2022-05-03,16052,79924,1,0.0006204059596169,6169,10,0.0297079143643351,0.1383155310084345,-0.1867676891729555,109,223,149.3188546373653,192.49956295904707,-279.14883117559685,-302.9071711122686,,0.8997898890331834,,986.7591007186304,,0.5401397791905318,3.6933862955054586,0.468911108877404,8.757170317013308,0.8352115670848395,0.9671079624184334,0.932,0.9911383877975828,0.1692099287866997,0.0081630364976004,0.9508187770052418,0.3077522987017039,6.350513923362168e-05,0.0134242286466305,0.0940282906833887,4.2878049895287844e-67,1.2880859405528593,0.0001445647225281,9.95813605781211,12114,-2.2512217165226667,0.6714003568853792,0.8385724944849227,88.93916786247637,0.0004835826988551,3.372,425003873
1651968000,2022-05-08,15845,79229,1,0.0006311856154464,6048,10,0.0299348819309942,0.1388167202911346,-0.1811338977201894,95,221,149.89440697405598,145.1214733636266,-271.2062738237418,-307.9546028053656,,0.8994331772883509,,971.3961201863184,,0.5374350204827743,3.7106784281646488,0.4703763718869772,8.794461524267085,0.9756416645900824,0.9611349438123172,0.9943999999999998,0.9906214656391502,0.0094148818367518,0.0076040274017047,0.949519307299945,0.3069270035924338,6.472226886191901e-05,0.0129345735084265,0.0033584090896759,0.9999891728318416,0.1289059295063614,0.0001461032504682,10.000504891132849,11906,-2.24503051814576,0.6739408232163415,0.8455878115276568,89.66161887651978,0.0004922610693953,3.3717,413068362
1652745600,2022-05-17,15845,78866,1,0.0006282937402692,6018,10,0.0296908867757022,0.1369851071294627,-0.1801567778878641,92,230,199.7778285394667,133.03165182193194,-253.27081109555556,-310.34375880404946,,0.9006980193068305,,968.4267483846972,,0.5377229743986879,3.705510017358229,0.4690004410168331,8.761408044845924,0.98295992426633,0.9596397914703704,0.9952,0.988748700244497,0.0076785415281809,0.0076540209336709,0.9490349350281214,0.305988803485816,6.476065177094304e-05,0.0129400412634412,0.0018933417481855,1.0,0.0921426317450309,0.0001460465434543,9.95468602082676,11901,-2.24539722486294,0.6776785159042494,0.8431232769570088,88.85611732017793,0.0004901721506375,3.3744,412705259
1653177600,2022-05-22,15888,79127,1,0.0006269653927337,6066,10,0.0294030982589083,0.1365530333031274,-0.1804341877424562,103,231,117.7294263529906,166.72686066702212,-283.97053746562614,-306.5950865207409,,0.9005523966917152,,972.69573363483,,0.5386330934033015,3.70177456906745,0.4688866393182455,8.762598754540214,0.9906595140422846,0.9672624144273464,0.9951000000000002,0.9923845355511776,0.0065566759871142,0.0082162646228152,0.949663618701982,0.3065037178656082,6.444881034564777e-05,0.0130496175303361,0.0018098724838463,1.0,0.0582715169010661,0.000145271300772,9.960599194360524,11940,-2.2504774161427834,0.6749373265402515,0.8366904602660163,88.88040870739691,0.0004889197890474,3.3695,414179771
1653955200,2022-05-31,15947,79552,1,0.0006256772215432,6063,9,0.0294361288730707,0.1411262739334417,-0.1806350645881085,105,225,149.31569516427734,144.06155125127492,-276.83213727145164,-309.28466930455227,,0.8977018042205447,,977.5801933738944,,0.5379245049738216,3.7024991830738743,0.4693395470299993,8.761815053396969,0.9857124874118832,0.9610528402585984,0.9966000000000002,0.9893827991677772,0.0058685603004484,0.0077185606151588,0.9500755728026148,0.3069011503062513,6.437812205883663e-05,0.0132172454258862,0.0020513846817987,0.9999999999999972,0.0834172672683439,0.0001443489700391,9.977048974728788,11982,-2.2518096416404423,0.6722210494520684,0.8375632079272746,89.02706629054995,0.0004870609861224,3.3512,416430787
1654387200,2022-06-05,15855,78577,1,0.000625201972095,6032,9,0.0292259031204661,0.1401007131841743,-0.1822215362666487,100,217,98.77584733920447,96.31258589612858,-287.18661234422814,-312.56523061641354,,0.8985119763905552,,972.0625273128916,,0.5387765146629243,3.695003267538093,0.4691163991146502,8.711142897251193,0.992161535084969,0.966696026702028,0.9982,0.9939067685055905,0.0047707441767506,0.0058224872560822,0.9501768237526462,0.3069392688387905,6.464007278121763e-05,0.0133125954799492,0.0017731749665801,1.0,0.0849740182203257,0.0001453094142039,9.91195206559445,11945,-2.242923968825636,0.6758613648101747,0.8469926960821674,87.89194886997555,0.0004866889702911,3.3783,411943278
1685836800,2023-06-04,14910,62245,1,0.0005600261528479,6523,9,0.0271226361628379,0.1173835217819524,-0.2089871908573221,74,148,37.62967920698212,74.70686598071333,-267.8280642511978,-272.07555818867763,,0.9157757089364904,,909.0257645813005,,0.5885013507989328,3.3537199403606843,0.4313584300960548,7.419693890852009,0.6475559760327972,0.7549488277257881,0.7793999999999999,0.7897346152556033,0.0475777258809203,0.0410683497543927,0.9586693735567292,0.305190150408724,6.208452531514e-05,0.0155044875267323,0.0614152908621707,1.226509657542743e-25,1.5983823470625345,0.0001616193759154,8.349429912810194,12044,-2.3389115711831425,0.6395872640613868,0.8442714204974389,62.4943321448971,0.0004308331277655,3.4319,378008294
1687046400,2023-06-18,15197,63524,1,0.0005501494516094,6725,9,0.0269421869396928,0.1144805717403842,-0.2033872722417857,86,167,105.8446189963611,140.722186075487,-248.9521933775245,-265.2010871879952,,0.9172021192487624,,925.9620960950662,,0.5904322646399514,3.34717393295069,0.4294323000394477,7.4265860864630815,0.956338028169014,0.9553438137340392,0.9885,0.976283770717896,0.0116081867662439,0.0129421346978079,0.957934555962644,0.304998862794228,6.043726541570677e-05,0.0156929507631838,0.0036949472051099,0.9999454002944658,0.1181919090159038,0.0001592582922145,8.360071066657893,12231,-2.328797058090927,0.6466757553879147,0.8528714849714003,62.55689230744755,0.000423145802543,3.4401,394008649
1688256000,2023-07-02,13061,57692,1,0.0006764348651216,5643,10,0.0316240858117263,0.1206132498577088,-0.1920077448456504,87,152,59.625274984350426,126.58474770516972,-253.9202265292243,-254.08803170952848,,0.9122962038075084,,804.054043845739,,0.5763222259402709,3.468103661104085,0.4483818826288172,7.808187722254483,0.8370731065341844,0.935791174302483,0.9725,0.9708304501576736,0.0235531314266277,0.0174353784378828,0.9559479759384208,0.3082288834700051,7.223775646241954e-05,0.0141516149032791,0.0231438354286143,0.0010620306940208,0.7024110981974063,0.0001837297909919,8.834239338488631,10262,-2.2906461164846403,0.6531408052510665,0.8434111275726583,69.48981625598063,0.0005216536091186,3.4019,289440397
1689465600,2023-07-16,15100,64212,1,0.000563275757484,6679,9,0.0277357989607844,0.115598531805947,-0.2051627402780638,77,152,156.56627573549338,106.90180113437674,-225.7633080512781,-270.29609034744334,,0.9161481609536908,,926.7540507762068,,0.5889291815338459,3.3633025581814664,0.4307864304566646,7.5445707039421,0.9693744736237654,0.97209155555123,0.9903,0.9844447040219596,0.0099453506725504,0.0082729066319459,0.9593560232699994,0.3072248177956668,6.104539176471303e-05,0.0156892561928988,0.0203032434156386,0.006131519644908,0.6139615791616397,0.0001600309389039,8.504900662251655,12224,-2.3322594305875306,0.6440979479860178,0.8421355945684327,64.61937705132193,0.0004336882693947,3.4239,388994595
=======
timestamp,datetime,nodes,edges,components,density,bridges,diameter,transitivity,average_clustering,degree_assortativity,label_communities,lpa_communities,label_non_randomness,lpa_non_randomness,label_relative_non_randomness,lpa_relative_non_randomness,average_node_connectivity,burt_effective_size,closeness_vitality,common_neighbor_centrality,communicability_betweenness_centrality,constraint,effective_size,nodes_intersect_rate,edges_intersect_rate,sampled_nodes_intersect_rate_mean,sampled_edges_intersect_rate_mean,sampled_nodes_intersect_rate_std,sampled_edges_intersect_rate_std,gini_betweenness_centrality,global_efficiency,information_centrality,jaccard_coefficient,ks_stat,ks_p,wasserstein_distance,mean_betweenness_centrality,mean_degree,min_edge_cover,powlaw_alpha,powlaw_k,powlaw_rsq,preferential_attachment,resource_allocation_index,shortest_path_length,wiener_index
1547942400,2019-01-20,1137,3240,1,0.0050169088409082,505,6,0.0244725377978986,0.1287069453321813,-0.1754008368733401,11,19,-5.212119748276381,-4.315611702630369,-72.74007025575855,-71.13188183401762,1.7588415276177736,0.9183548923129118,0.0017743910159257,80.05696976811193,0.0172452606492492,0.6055224387079383,5.248517960320563,,,,,,,0.932285668184844,0.354184385112184,0.0007575890907212,0.0689878149222592,,,,0.0017726152029554,5.699208443271768,906,-2.0665257709758107,0.620451037016141,0.8749006262088419,26.95643161275865,0.0037587498761893,3.0315,1940607
1548028800,2019-01-21,1222,3760,1,0.005040005040005,522,6,0.0280355791067373,0.1550525206031091,-0.1728022470055653,11,14,-6.388070142921947,-14.85181515784032,-78.36300406622252,-83.6850452116543,1.8528707252111507,0.9006126783995079,0.0016478896460672,87.6816404443737,0.0178788515445132,0.5892018301773754,5.599451883717966,0.9973614775725592,0.9920627137455617,0.9995,0.9984844361987218,0.0021794494717703,0.005735072786943,0.9391417129854,0.3608679704396285,0.0007312779201678,0.0654294089157932,0.0263118120301076,0.7955045213561729,0.5041909754759837,0.0016095593179653,6.153846153846154,982,-2.0736726917273063,0.6139765083411237,0.8380065119884617,30.932245770075887,0.0037860365027755,2.9656,2208543
1548201600,2019-01-23,1204,3686,1,0.0050897120432584,512,7,0.0274938315121607,0.1582217144712632,-0.173992484327887,9,14,-7.075949599548871,-14.589810335689434,-79.49872893300888,-82.78535040274578,1.8506502293546312,0.8989398097499811,0.0016722035989855,86.75977297877458,0.0179065518583724,0.5886308746166512,5.56724351492652,0.9852700490998364,0.9928238650328772,0.9963,0.994645935793874,0.006878226515607,0.0048899893191706,0.9395412390924212,0.3623895358338576,0.0007434913830722,0.0680325729295427,0.0021423405886542,1.0,0.0649526129486515,0.0016239243259964,6.122923588039867,969,-2.0507438988575792,0.6185765010212501,0.8636644133810046,30.56720979292733,0.0038159670737602,2.9545,2135420
1548633600,2019-01-28,1148,3353,1,0.0050928190188615,509,7,0.02517569394541,0.1615099456894517,-0.1794619456828901,9,21,-6.807718999085218,42.395527491283104,-76.26282987896852,-49.07481462238966,1.7685615254458684,0.8968610985832227,0.0017553000137534,83.44721226416291,0.0177851413460742,0.6030889797015615,5.298434190388972,0.95265780730897,0.967150058350869,0.9838,0.9648319726905908,0.0123109707172099,0.0154906097647031,0.9428102212559109,0.365417181818824,0.0007612532956911,0.0787205471314955,0.0186168057693865,0.9838667773388554,0.3236771736488201,0.0016593320460086,5.841463414634147,932,-2.0828927521808507,0.607388093190297,0.862225667269663,27.58790733178123,0.0037667283314121,2.9182,1904620
1548720000,2019-01-29,1139,3205,1,0.0049452931764212,517,7,0.0247263039587062,0.1612940713879198,-0.1825322885485687,12,16,21.75373172017532,-12.881487879934216,-49.08830547903337,-76.49703334738709,1.7164750011958196,0.8967006468811957,0.0017718353793019,82.92068270907387,0.0174454419601251,0.6119363608549333,5.089051214075972,0.9921602787456446,0.9816908427983108,0.9974,0.9829772991858412,0.0052191953402799,0.0111698879555871,0.9452737133523762,0.3658821207547509,0.0007522046514518,0.0819681669354034,0.0116720150018507,0.9999967529854784,0.2252281327529198,0.0016678684303738,5.62774363476734,930,-2.090987378787614,0.5877473894152676,0.8556611871828114,25.4719407771296,0.0036110485673689,2.9035,1871428
1548806400,2019-01-30,1076,2793,1,0.0048292556410478,497,7,0.0218511757757972,0.1670648665983627,-0.192029787773887,10,17,21.20629223568327,11.253805797626423,-41.80916438800512,-57.42900942292469,1.6348439526238436,0.8937358588903441,0.0018740347940317,79.54875864928192,0.0171970356953726,0.6244646060847612,4.672690413345063,0.9446883230904302,0.9663698452494164,0.9791,0.9503793048259568,0.0146352314638341,0.0187266592010563,0.9483743627239892,0.3712892053317075,0.0007732398578565,0.0973494775018978,0.0197688574403295,0.97794698871402,0.4869545776474814,0.0017350231724199,5.191449814126394,881,-2.1202797099591844,0.6022825772795853,0.8610556987657985,21.238508088686263,0.0034330352030809,2.8864,1651762
1550620800,2019-02-20,2588,12684,1,0.0037890080529863,824,7,0.0760667497021005,0.29095881801142,-0.3315267828211252,3,10,59.8871686589164,30.80316878953711,105.15829883869988,-89.90990523692234,2.496565277941246,0.7848319143646337,0.0007786644375753,191.469487581343,0.0190880174776536,0.4932508747261961,7.566728492826733,0.8187732342007435,0.856428645134661,0.9027,0.8482813061575791,0.0250541413742319,0.0261119632475386,0.9659860458640754,0.3715459469807198,0.0004440825190986,0.042580884433722,0.1562602345397401,1.151644962959057e-16,4.667079399918412,0.0006995148694908,9.802163833075737,2099,-2.107862151361768,0.5997109051444149,0.8354054640461182,71.1890090059834,0.0025480110221547,2.8247,9377337
1551052800,2019-02-25,3014,18836,1,0.0041483586607998,789,7,0.0809728640079593,0.2985260251752412,-0.3402934602092942,4,8,39.748653951003405,38.2406111869532,-39.52127909907105,-96.99033406308568,3.198677000416906,0.7715571457302185,0.0006672930559423,227.64375175167717,0.0199373477639162,0.4297783180946297,9.65636808756092,0.9934312210200928,0.9912396121359612,0.9966,0.9996083800343004,0.0058685603004484,0.0013509201899659,0.9631627436267994,0.3794200290592373,0.0004525732892945,0.0365087480554258,0.0915765069551777,1.2910821583068852e-10,2.717484813272214,0.0005828899820838,12.499004644990046,2333,-2.048481359035654,0.6319523705847266,0.8370459951787924,117.5107764573711,0.0028849742429552,2.7652,12482259
1551139200,2019-02-26,3071,19292,1,0.0040925034763581,804,7,0.0800877211071986,0.2970517533315622,-0.335216104191224,5,7,15.07241591658136,17.075918207074402,-117.56878306530356,-124.36097029521088,3.215300642662206,0.7725165955797988,0.0006549527108972,231.8188182384623,0.0197171451820174,0.4291531681135765,9.723338286568842,0.9993364299933644,0.9933715817566664,0.9998,1.0,0.0014,0.0,0.962966017182688,0.3791911625754173,0.0004450451170368,0.0361173688707903,0.0031369942547499,1.0,0.1621310471895262,0.0005729424879177,12.563985672419408,2378,-2.0523795707854093,0.6259090995048535,0.8175800516759064,119.05525387922064,0.0028531548152406,2.7696,12972213
1551225600,2019-02-27,3127,20154,1,0.0041235797189606,804,7,0.0788910122942542,0.2990616941961061,-0.3370598670173582,4,7,40.90569029223762,63.32071782117619,-40.77191573237509,-54.01523920468664,3.313130370715013,0.7712423819526733,0.0006433488624125,236.8646417515977,0.0196988938823371,0.4225697395298062,10.009995196817991,0.999348746336698,0.9928784841305344,0.9999,0.9997696969696968,0.0009949874371066,0.0013612084633762,0.962351342247816,0.3805078578722137,0.0004459084200555,0.0358508050406771,0.0113907952052985,0.9860155633587948,0.3645237741430708,0.000560063721726,12.890310201471058,2399,-2.033328319562961,0.6356987895014057,0.8373640962540513,125.98847503578438,0.0028942106429282,2.7528,13410384
1551312000,2019-02-28,3165,21279,1,0.0042498247464065,784,7,0.0798396193356388,0.289541010234277,-0.3252977169243417,5,7,16.4687811684976,64.8281278062512,-122.02988450291662,-56.97642889156226,3.4965135020161653,0.7774017185447637,0.0006353807241843,240.25514635751827,0.0198453735729881,0.4110207792308286,10.528659954517408,0.9987208186760472,0.9935524142241552,0.9999,0.9999151515151514,0.0009949874371066,0.0003759747390281,0.9606292507216896,0.3813874697247044,0.0004554819094051,0.0343656877717394,0.0185422688089417,0.6417320609125016,0.5873048831686111,0.0005510393392265,13.446445497630332,2370,-2.0196437322188165,0.6454155050163767,0.8321649996047338,138.56275032587868,0.0030244399245016,2.7445,13702373
1551571200,2019-03-03,3333,23596,1,0.0042494045322899,782,7,0.0795677262255675,0.2920532601550822,-0.3130955498542275,7,11,68.3094646353624,65.56731525677586,-59.53227659574024,-101.78057383581324,3.723120031090744,0.7771951084639575,0.0006043766584172,250.86035188336015,0.0195859127002399,0.3964183170847697,11.174245085769217,0.9873617693522908,0.9900642253521128,0.9991,0.9992089466089468,0.0028618176042508,0.0018868210196807,0.9580209123575962,0.378214700684588,0.0004518726452625,0.0306504681448653,0.0258230562392732,0.223807212511553,0.7739881097114374,0.0005259376280527,14.15901590159016,2436,-2.0091421497146986,0.6588957879606891,0.8315480660792699,156.05506094753255,0.0030665258324711,2.7715,15224166
1551657600,2019-03-04,3374,24137,1,0.0042418163979058,778,7,0.0793034296783014,0.2913542384162753,-0.3129752252002532,8,12,44.77494062025932,44.9760485174152,-106.95576044223132,-128.1661569598782,3.782242119020761,0.7776470467673737,0.0005956821880733,254.6869359905806,0.0194900812303124,0.3922958332833108,11.312402100168288,0.9981998199819982,0.9892323978397198,0.9998,0.9995917955060816,0.0014,0.0007210971560334,0.9577863603859926,0.3793090795472811,0.000450407146219,0.0303422421524045,0.0078294136467588,0.9999285393799858,0.1994601949821519,0.000520479232517,14.307646710136336,2458,-2.0034464167208856,0.660605803887617,0.8323579132447945,159.76297864815285,0.0030703622170298,2.7725,15633186
1551830400,2019-03-06,3520,25445,1,0.0041083791883024,814,8,0.0806761027857835,0.2996322022705184,-0.3146742596606164,9,13,22.70767096324746,67.88596856306644,-144.88613824973862,-115.44940974359952,3.7862527125474696,0.7710098545786968,0.0005712029693041,265.6133314480251,0.0191880615309361,0.3928925678832352,11.352087628305476,0.9967397747480736,0.9866435010382608,0.9997,0.9968817975675118,0.0017058722109231,0.0062070697923816,0.9598079670275766,0.3791232714926179,0.0004309440963958,0.0300761421462581,0.0055060085143072,0.9999999982548702,0.3018843967236118,0.0004973507629286,14.457386363636363,2565,-2.0037457662318032,0.6616254301994907,0.8354604881170087,162.0717631904695,0.0029539054791415,2.7611,16977290
1552262400,2019-03-11,3461,24264,1,0.0040524222843142,825,8,0.0827584395770676,0.3039101068668353,-0.3156754418275838,6,14,45.86470033583713,45.7165697858764,-82.95007848896611,-133.68280619767623,3.639219344203704,0.7691202473085705,0.0005823110858415,259.3799099683594,0.0191734028390859,0.401873937437389,10.97013490146761,0.9795454545454544,0.9660973225986886,0.9917,0.9829234457450586,0.0081308056181414,0.0121561763727468,0.9601336139763128,0.3765441734133596,0.0004268040040994,0.0297619320836937,0.0162877419820861,0.7343393575549819,0.4880243492422188,0.0005093382315581,14.021381103727249,2534,-2.0403238522665625,0.6498389262407878,0.8217446487687913,151.86641934134752,0.0028932666171506,2.778,16477674
1552348800,2019-03-12,3441,24050,1,0.0040635158789697,818,8,0.0828257195055833,0.3049418371670576,-0.3167736876396684,8,10,-1.1170965142106937,-0.371123154279843,-169.88697375738138,-169.31861870438453,3.626837114684077,0.7685886201810275,0.0005855534206436,258.0222017730184,0.0192170014146285,0.4022185016612169,10.931995670908169,0.9939323894828084,0.9866928257944102,0.9987,0.9972033395176252,0.00336303434416,0.0080871512858501,0.9606057556063032,0.3767515795260144,0.0004288010633387,0.0299181527333712,0.0032497289303545,0.999999999999999,0.0866774632701025,0.0005115270353468,13.978494623655914,2522,-2.0336812168302902,0.6497449229132265,0.819254176493622,150.80485183570363,0.0028989881281603,2.766,16271682
1552435200,2019-03-13,3423,23651,1,0.004038244399243,816,8,0.0835634004166447,0.3059880824798208,-0.3117479296457745,9,14,-22.73386144654945,44.98983197096364,-195.80165554617125,-132.16343042717477,3.580776583885303,0.7682640136524016,0.0005882509411844,256.2420554852289,0.019168999202945,0.4043880513118829,10.796671933211933,0.993606509735542,0.9819731781455334,0.9976,0.994739270253556,0.0042708313008125,0.004228315802763,0.9602090497195324,0.3761185976487415,0.000426649767211,0.0297232529532922,0.0067253649284126,0.999997924847899,0.1804058447636431,0.0005170342788442,13.818872334209756,2515,-2.0112697758197604,0.6586664625835716,0.8439393117171679,147.14758030975628,0.0028744575379776,2.7833,16164794
1552521600,2019-03-14,3416,23283,1,0.003991722700169,826,8,0.0834231121210506,0.3056430444119403,-0.3133993273199811,6,12,45.20793163087204,43.877870829738825,-80.35235339802367,-125.25997956155048,3.5226744524946767,0.7686895778052221,0.0005893973690724,255.31342835524856,0.0190719817691019,0.4081761792490015,10.640357086256506,0.9964943032427696,0.9856577520889376,0.9993,0.9932407338693052,0.0025514701644346,0.0095582618825868,0.960474375084398,0.3755080461613886,0.0004226574857888,0.0298314815668524,0.0079416962399965,0.9998813104437152,0.1963202157057185,0.0005193672207603,13.631733021077284,2521,-2.024986439616215,0.6542832072480819,0.8340241260984986,142.97293329915965,0.0028342585481986,2.7976,16123980
1552780800,2019-03-17,3360,22177,1,0.0039299182012787,858,7,0.0845968313703273,0.3098867983861654,-0.3143334288492339,7,13,21.467334462258805,64.28852075952597,-126.99100826682243,-106.55031348629974,3.373060824508428,0.7664142091880738,0.0005989211912242,250.42819825783664,0.0190695180519908,0.4204491862940633,10.245519324466173,0.9803864168618268,0.9721350869551104,0.9951,0.9885023856277908,0.0068549252366455,0.0063424399991039,0.9610248426355146,0.3744391898713637,0.0004136408941903,0.0304371011521393,0.0195403981264637,0.5282250212853705,0.4497072599531643,0.0005317142111923,13.200595238095238,2497,-2.0143907340253344,0.6554090471883266,0.8506042734479838,132.96513787811048,0.0027633214684979,2.796,15675293
1552867200,2019-03-18,3344,21968,1,0.003930229129782,861,7,0.0846828233904613,0.3108909129554321,-0.3157076950425172,10,11,-0.4982263480166757,21.33339508378845,-162.5637150045567,-140.00088188668042,3.3490348682600364,0.7658691254271132,0.0006016223411449,249.480794216204,0.0190999918265182,0.4228347668331425,10.185139538716438,0.993452380952381,0.9888145209233294,0.9993,0.997990244545178,0.0029171904291629,0.0026167833916796,0.9614673751089536,0.3748010520367836,0.0004129504567602,0.0307780326537057,0.0044471975393028,0.99999999999999,0.0996126680337369,0.0005340658418744,13.138755980861244,2492,-2.0155642407615293,0.6515860250889427,0.8459001899710126,131.4710058036529,0.0027584151006935,2.8005,15525840
1556409600,2019-04-28,4136,33168,1,0.0038787629309639,910,6,0.0777365500077207,0.3392837801755295,-0.3593565818745171,5,9,84.61717150373853,80.72854532159607,-1.539017005134091,-92.9814088038637,4.069124261213072,0.7328796401471163,0.000488185560782,316.2171188394664,0.0189898975194604,0.3779184437171153,12.213039983592628,0.868122009569378,0.9375400765338644,0.9398999999999998,0.9364736712969146,0.0251592925178749,0.0135406568343885,0.9650421328326554,0.3839351586094452,0.0003846218057401,0.0289718161620167,0.0649559706810546,3.138975277353925e-07,2.9021683803318767,0.0004167166078584,16.038684719535784,3022,-2.0253808599612726,0.647102463130893,0.817737273371524,194.06179188289477,0.0027222979594381,2.7307,23236912
1556496000,2019-04-29,4137,33157,1,0.0038756020233501,912,6,0.0776942875178245,0.3398138775115753,-0.3594997159833824,6,9,54.34549517016623,80.69558395488787,-91.51520125474784,-92.95421183695127,4.066112227765754,0.7325385780558321,0.0004880649977032,316.29625504523017,0.0189819869584369,0.3782315243772495,12.203921535882165,1.0,0.9946017976466406,1.0,0.9987979797979796,0.0,0.0113322844722529,0.9650954134956244,0.3839368800556274,0.0003842085495837,0.0289920829826079,0.0010254442968558,1.0,0.0188743466635534,0.0004166138197434,16.029489968576264,3022,-2.0289023764667284,0.6476201698958711,0.8198754476392565,193.817076752499,0.0027194178959782,2.7276,23248091
1556668800,2019-05-01,4143,33195,1,0.0038688121295739,914,6,0.0777601814660326,0.3417021725904988,-0.3590273607823957,8,11,55.23216599168112,79.30190796245662,-116.58241009234494,-113.58179121839632,4.062975683533848,0.730841118524115,0.0004873795547094,316.7426328923107,0.0189655094980506,0.378279474856309,12.185045792156313,0.9970993473531544,0.9937569291361726,0.9998,0.9996502164502163,0.0014,0.0007956713620477,0.965085315348382,0.3839188609176272,0.0003834344088564,0.0290914235537402,0.0013479318147089,1.0,0.0597528844182948,0.0004161271292162,16.02461984069515,3030,-2.03085377693601,0.642249351342363,0.8085756931931481,193.52957344589737,0.0027108852481142,2.7386,23319804
1557100800,2019-05-06,4095,32734,1,0.0039050565674893,912,6,0.0778776948630631,0.3435467756505814,-0.3601938544759515,3,8,92.97934125706678,54.61970032916668,158.89811387994052,-116.45977966532108,4.04958744235735,0.7294086630252006,0.000492871160584,314.18394300367265,0.0191091341544455,0.3803410484982877,12.120796660118504,0.9860004827419744,0.988504202446302,0.9986,0.996705368857946,0.003746998799039,0.0030960142512077,0.9651573583917334,0.3852733453654193,0.0003854474167174,0.0297934537713832,0.0044833113623844,0.9999999999941628,0.1411555216044661,0.0004202481742566,15.987301587301587,3001,-2.0415288781950323,0.6412103104715045,0.8062950923864788,191.7212971292129,0.0027270137399148,2.7286,22768206
1557187200,2019-05-07,4090,32604,1,0.0038990648773828,911,6,0.0778505514840154,0.344809133625423,-0.3611796650176881,6,8,54.00520223133725,54.58360131478061,-90.84661946719385,-116.09254105433676,4.034778022734978,0.728562170860561,0.0004934411693717,313.83644438937785,0.0191089196089475,0.3807158494296997,12.07763148712062,0.9987789987789988,0.9950367166726162,0.9998,0.9982925582354154,0.0014,0.0113225310179675,0.9652944966959373,0.3853132432110044,0.0003852221291758,0.0299082530597259,0.0025906720283248,0.9999999999999984,0.0601980469951156,0.0004206884501598,15.943276283618582,3001,-2.0241880128706176,0.6457104609846213,0.8153328820859139,190.4893267835226,0.0027197341550925,2.7347,22710073
1557273600,2019-05-08,4082,32448,1,0.0038956356706627,908,6,0.0778011411812779,0.3463401096804983,-0.3618734598732765,5,11,84.16241581816337,78.43927837276084,-0.848208084976249,-112.59848230358492,4.019016796207038,0.7276706543580049,0.0004943030753076,313.28395869544244,0.0191128602971276,0.3809939039091063,12.038174027375875,0.997799511002445,0.9947898198730608,0.9995,0.9989549783549784,0.0021794494717703,0.001296758102275,0.965564851614619,0.3853852652536474,0.0003853450085775,0.0300661078261914,0.0032872567141328,0.9999999999999958,0.0699997244746762,0.00042134116146,15.898089171974522,3003,-2.038735373486792,0.6391833004893958,0.8044329874778277,189.2871904873077,0.0027153498902386,2.7239,22615393
1557360000,2019-05-09,4070,32231,1,0.0038924377582524,906,6,0.0776948571066452,0.3472681292803729,-0.3635578411083675,7,9,81.43711959825595,79.68743284313493,-59.66445031848414,-91.78458448650706,4.001390510016708,0.7267701637290697,0.0004956317696616,312.58596380326475,0.019128911669276,0.3813550190580866,11.978837056249407,0.9968152866242038,0.9944689359289716,0.9998,0.9991574108431251,0.0014,0.000866119966522,0.9660816470058916,0.385653323693087,0.0003859047203582,0.0303685464043885,0.0026386593265574,0.9999999999999988,0.0908659940507296,0.0004220084219518,15.83832923832924,3003,-2.041320048822876,0.6389345154188966,0.802979782311084,187.5927151964602,0.0027087093849346,2.7268,22463120
1560729600,2019-06-17,4305,30663,1,0.0033097807080035,1049,6,0.0679432114341952,0.3183627818229558,-0.3135357453982868,8,13,53.38312429954853,76.05001674838368,-106.63238947416866,-117.5758740528983,3.618541269985191,0.7528941720776343,0.0004695507794282,323.3156902971794,0.0169261490170961,0.4038404357830442,11.101549211655518,0.9051597051597052,0.9081360407282572,0.9635,0.9063895238202372,0.0188878267675241,0.0255238777311417,0.9639343923247474,0.3769940376680706,0.0003419025553017,0.0282385924390883,0.029339919583822,0.053093523532439,1.6792073670122578,0.0004092688780051,14.245296167247387,3178,-2.0771364308362315,0.6422529355319964,0.81873836320089,156.1565450978086,0.0023548081205272,2.7752,25502347
1560816000,2019-06-18,4301,30650,1,0.0033145347485441,1044,6,0.0679955113848286,0.3188544106669815,-0.3133786334623642,6,14,52.543363182685496,54.097212110182205,-80.64729209361374,-142.58285345759683,3.621678679376889,0.7526347060646548,0.0004699027972659,323.03638956906985,0.0169412204179951,0.4032748128455883,11.106505828011496,0.9981416957026712,0.9911612796420698,0.9997,0.999979797979798,0.0017058722109231,8.805856451597376e-05,0.9638520286934044,0.3770203773936038,0.0003425959328432,0.0282557081717834,0.0009359031378867,1.0,0.0167034595579344,0.0004096255142489,14.252499418739829,3174,-2.0752855519326143,0.6430809269098813,0.8198077767969211,156.3141722996799,0.0023581664170931,2.7728,25453940
1560902400,2019-06-19,4302,30633,1,0.0033111562715945,1041,6,0.0679880660190744,0.3199155220184371,-0.313653846556349,6,10,52.53698197127393,53.45361711182535,-80.56173896299815,-123.33056744822164,3.6169890539332696,0.7520067931209633,0.000469765556106,323.0854383222833,0.0169357083112035,0.4031310119355334,11.09498345357682,0.9995349918623576,0.9913943214688103,0.9999,0.9998525252525252,0.0009949874371066,0.0006867825257902,0.9638891484723272,0.3769885988133968,0.000342531738611,0.0282766417247555,0.0012478042633528,1.0,0.0172719933338019,0.0004095877425316,14.241283124128312,3180,-2.069211224808315,0.6439099060249311,0.823158453785169,156.03413655925104,0.002354922243194,2.7733,25468084
1560988800,2019-06-20,4346,30990,1,0.0032822531147777,1049,6,0.0674999271150506,0.3195028712257272,-0.31188117239653,5,16,81.97485788736458,53.95522490163628,13.661175768883172,-149.94243745091282,3.6217337265541056,0.7522283329615349,0.0004646398256044,326.7756334680907,0.0168320886394236,0.4025931434520065,11.113257091087055,1.0,0.9909565537341116,1.0,0.9980242424242424,0.0,0.0120362537759336,0.9641248257049668,0.3774182256074034,0.0003388975291584,0.0283393501140471,0.0013488091776788,1.0,0.104956373634181,0.000405821480165,14.261389783709156,3217,-2.064317222618256,0.6456857255598707,0.8210564766271662,156.50098265856028,0.0023352268518884,2.7835,26016913
1561248000,2019-06-23,4333,30774,1,0.0032789652048666,1047,6,0.0674920036478157,0.3226675672497072,-0.3129004864151835,9,15,28.740867781034066,32.940669131373966,-150.1235553117416,-163.90527208801166,3.602702338705364,0.7502940495122461,0.00046587759735,326.3398172263682,0.0168405759142437,0.4033668053502039,11.056636687429195,0.9965485503911644,0.9900361697691544,0.9999,0.9987490826633684,0.0009949874371066,0.0016876833857794,0.9646947838175076,0.3780374556958492,0.0003385570078309,0.0286209712528219,0.002770346559633,0.9999999999999974,0.090709692809041,0.0004067291089816,14.204477267482114,3214,-2.0637309034502374,0.6435186774770664,0.8268465268771066,155.02874422844866,0.0023291136957464,2.784,25857289
1561334400,2019-06-24,4323,30695,1,0.003285697938654,1041,6,0.067527283403523,0.3226602925616333,-0.3129575869979645,8,14,53.59886069098131,54.31645586956357,-106.06180711548886,-142.3008333240104,3.604496915704266,0.7501279377744915,0.0004669163151598,325.8452505641528,0.0168661591001902,0.4029774638629945,11.049958727485585,0.9972305561966304,0.9925697712292252,0.9998,0.9991130900845184,0.0014,0.0040687717305796,0.965055503030427,0.3783372330454108,0.000340013717258,0.0287343569031427,0.0009976745662227,1.0,0.0353924625280743,0.0004069788799199,14.200786490862829,3209,-2.0738433921380435,0.6403431901528834,0.8229657276135941,154.8850382781882,0.0023329682349096,2.7801,25710009
1561507200,2019-06-26,4290,30409,1,0.0033053602183935,1037,7,0.0673130446029518,0.3221716925443617,-0.3134311681686867,4,13,50.537080140216325,32.46288121305949,-31.55178104277484,-158.6897672352033,3.605739298394929,0.7500209643722364,0.0004697866641721,324.5019120602238,0.0169118938703225,0.402563461598051,11.029380162464552,0.9921350913717326,0.9922055248936016,0.9989,0.9977069119047548,0.006307931515164,0.0025283396551959,0.9652293580978288,0.3796706223183693,0.0003414602221451,0.0291651201980889,0.0022989732913397,1.0,0.0960622075125791,0.0004108953546381,14.176689976689977,3189,-2.0709090865145385,0.6414069011758607,0.83097430941877,154.23910147297082,0.0023461508079055,2.7688,25375111
1563148800,2019-07-15,4359,29087,1,0.0030623500449187,1116,7,0.0771976107629527,0.3174547332920265,-0.3284562460153401,8,11,53.574696744401614,31.617297281379063,-98.70506583594894,-148.5514585906856,3.340879135664939,0.7569886608414506,0.0004629475841074,320.1220678866579,0.0162574027145223,0.4203222754484673,10.395889487264608,0.9398601398601398,0.9130686829846468,0.9734,0.9372687489093208,0.0168653490921474,0.01798398918629,0.9653033118604596,0.3686647423842363,0.0003184973551417,0.0236989937903581,0.0322655321278858,0.0215034507177472,0.8703827945397005,0.0004205072082115,13.345721495755908,3266,-2.05137213856863,0.6514489632823469,0.8514550164967832,137.30043644778308,0.0021626322567832,2.8345,26856954
1563235200,2019-07-16,4380,29199,1,0.0030447309231168,1122,7,0.0773475548529348,0.3165656505882955,-0.3281388505453071,6,14,53.73861738195569,53.556767248654296,-69.46454182261004,-136.93085237649666,3.334120610927413,0.7577146400890907,0.0004607720431743,321.4105775007699,0.0162141211455704,0.4209924766519896,10.387458473781638,1.0,0.9951946993244344,1.0,0.9999737373737376,0.0,0.0001389540710223,0.9652128339580576,0.3683695743578841,0.0003165132300372,0.0234827119952252,0.0017952150644077,1.0,0.0543655544975228,0.0004189455110076,13.332876712328767,3281,-2.0408665252507068,0.6577990113324987,0.85407434096528,137.06266884681645,0.0021502918588791,2.8283,27135709
1563321600,2019-07-17,4390,29421,1,0.0030539176684722,1125,7,0.0772154643260338,0.3170314284958963,-0.3286179504341291,5,11,81.01502492395655,31.95027793410525,23.069480413672203,-149.10180403526306,3.3531909085200056,0.7571996067297704,0.0004595541808974,322.6116498751664,0.0162202051194231,0.4202410593713872,10.443760760981522,0.9986301369863012,0.996005333053945,1.0,0.9998969696969696,0.0,0.0008277874843047,0.9652813671721664,0.3689040872122354,0.0003164734068391,0.0234647371053592,0.0026450733818038,0.9999999999999976,0.0868755265703621,0.0004180094929932,13.40364464692483,3291,-2.059698990660282,0.6534470695836299,0.8463643018126646,138.56963950192173,0.0021582796935617,2.8375,27269425
1563408000,2019-07-18,4405,29524,1,0.0030437709604621,1130,6,0.0770406475584633,0.316676118339205,-0.3279426139947584,3,8,85.0022697258008,53.961837649762565,178.69403997027115,-99.139035128344,3.3504172762146887,0.7575381649125459,0.0004582301154154,323.4089666772348,0.0161898928589497,0.4207067287467237,10.449101486537693,0.9995444191343964,0.9961274080064598,0.9999,0.998781818181818,0.0009949874371066,0.0113354921511122,0.9653623841190224,0.3685547723152125,0.0003156479515127,0.0234315730789849,0.0009527897217647,1.0,0.0427341057350824,0.0004162143709995,13.404767309875142,3305,-2.0651015053554334,0.6486401398645794,0.835565993760514,138.64310517806817,0.0021521231144662,2.8388,27431598
1563667200,2019-07-21,4412,29974,1,0.0030803646944618,1114,6,0.0781635205905092,0.31843981703549,-0.3275635635499829,5,15,81.84496368866395,33.90262619879712,22.576036079659996,-160.0043737772055,3.393781679486276,0.7559288332003226,0.0004578099661709,323.82497192433914,0.0163525555777735,0.4166659900641889,10.58061166711174,0.993416572077185,0.9936110733873074,0.9995,0.9993290455576171,0.0021794494717703,0.0017477294343912,0.964852435233493,0.3684609682469977,0.000318216939051,0.023293652521026,0.0053770904446957,0.999999917424778,0.2035065855889998,0.0004150139731727,13.58748866727108,3298,-2.0625480391665763,0.6467707152238774,0.8380020549419098,142.35716544757838,0.0021786929569198,2.8358,27486968
1563753600,2019-07-22,4421,30107,1,0.0030814469403024,1114,6,0.0781664747989011,0.3192649736404951,-0.3278777493089721,7,13,79.86049808807516,33.5138495507033,-41.37394472447026,-155.88024197735726,3.3989753756495378,0.7551858807924211,0.0004568401252776,324.5881469313638,0.0163573620961184,0.4162483011903214,10.60350115362253,0.99909338168631,0.9942587419700633,0.9998,0.9994159554730984,0.0014,0.0039885680388698,0.9650321722866256,0.3685771220831142,0.0003179931402329,0.023273559665824,0.001343880675003,1.0,0.054139324738552,0.0004139629441878,13.61999547613662,3304,-2.0469268316254503,0.6533540788925689,0.8551818302967555,143.02286735843845,0.0021794536884614,2.8461,27590459
1563926400,2019-07-24,4436,30290,1,0.0030792440247518,1108,6,0.0780145190862213,0.3208418307236949,-0.3273968036219943,11,14,32.94213340648906,54.88553454609212,-150.6114544964898,-139.14407884809896,3.415269248324918,0.7542744413032114,0.0004546454887294,326.69311284510167,0.0163187099994081,0.4148236966626393,10.632882362254282,0.9966071024655055,0.9966549586957832,0.9998,0.999721212121212,0.0014,0.0006283964949632,0.9652415664134524,0.3697037510407131,0.0003172006533198,0.0232705399980404,0.0019746010974345,0.9999999999999996,0.0750338218955987,0.0004133547225394,13.65644724977457,3314,-2.0496995031125103,0.6531809501898996,0.8450419459012224,143.78938616474312,0.0021787228807999,2.8428,27839323
1564358400,2019-07-29,4475,30667,1,0.0030634603906369,1117,6,0.0777236763950511,0.323402327097802,-0.3291184584468846,6,13,55.0607846159761,33.80088395224712,-71.14836603402665,-157.13616975430674,3.4253105341101784,0.7522322441269741,0.0004507420232991,329.49702212017803,0.016258664057651,0.4141819738676939,10.665105619304338,0.995942290351668,0.9951088191401734,0.9992,0.9990013579939944,0.0030594117081556,0.0025147494885708,0.9653628257621474,0.3696212288153159,0.0003150211237105,0.0230963810456369,0.0039867312138873,0.9999999999999412,0.1210592863871685,0.000409964629183,13.705921787709498,3346,-2.0708380472248917,0.6451161295502267,0.8362560168519344,144.88124640026743,0.0021669211603146,2.833,28340856
1564444800,2019-07-30,4473,30367,1,0.0030362057057111,1121,6,0.0778776227955348,0.3206941385550399,-0.3238353077845963,6,12,55.0716989998938,55.82804109023917,-69.78259181676951,-129.1858895198596,3.383942994080564,0.7553300743468686,0.0004504767626752,328.92963221101144,0.0161907092559235,0.4167825414412328,10.588053792951062,0.9970949720670392,0.991519610517608,0.9994,0.9966630734018068,0.002764054992217,0.0029135309286439,0.9650814185969024,0.3691425218627523,0.0003125528776387,0.0231550313783365,0.00630948946316,0.9999874487584826,0.1554977537478232,0.0004109754327209,13.577911915940083,3343,-2.065105085412779,0.6564361302103275,0.8371892738714625,142.3044098434491,0.0021505486926814,2.835,28352514
1564531200,2019-07-31,4469,30050,1,0.0030098922789101,1136,6,0.0785557270968767,0.3149899660019685,-0.3184199693180367,7,12,80.34861763579703,55.86034002264683,-38.66734646446147,-128.03489648497106,3.33260521651893,0.760697788996486,0.0004512004373699,327.2509602968924,0.0161582910349718,0.4216417890194944,10.506970316018489,0.9950816007154036,0.9894728870421746,0.999,0.9962349618635332,0.003,0.0038588425782247,0.9643992817369136,0.3675895783673858,0.0003090841436861,0.0230164066618516,0.0080421866371396,0.9983865193925908,0.1516843784168922,0.0004122749920048,13.448198702170508,3338,-2.071561892784496,0.6483230989783181,0.8381348349029657,139.74651636939686,0.0021342147852559,2.8472,28325501
1564617600,2019-08-01,4469,30157,1,0.0030206096990047,1130,6,0.0787847711599144,0.3158420359561963,-0.319745806212903,9,14,79.7136315936364,55.39121279409631,-73.36656501894464,-137.89878821175856,3.347918106089638,0.7598734745359574,0.0004511985309968,327.26355391541034,0.0162011015923093,0.4205357837143489,10.53495840828088,0.9984336540613112,0.9944225018641062,0.9997,0.999272067614925,0.0017058722109231,0.0016767636035744,0.9643754370524252,0.3676081335269512,0.0003106665534278,0.0230017812839849,0.0033564555829044,1.0,0.0666815842470358,0.0004117580335404,13.49608413515328,3335,-2.0538184043295846,0.655484130463166,0.838334205766774,140.6872578323256,0.002140520827543,2.8471,28297987
1564876800,2019-08-04,4610,30049,1,0.0028284752693141,1271,6,0.0779246697319981,0.303414465870789,-0.3161370674142982,6,9,55.487168099986114,79.40253078106406,-64.08315450631548,-69.94439185042141,3.191904079022981,0.769814336328464,0.0004371227606058,330.5700765562209,0.0155824058922076,0.4384009023012307,10.21992830312613,0.993510852539718,0.9885570973090684,0.9986000000000002,0.9934331478045764,0.0034698703145794,0.0048628309646733,0.967196474176632,0.3599404289809824,0.000273717188584,0.0225438506390585,0.0224386943266435,0.1991301669301767,0.4714432370696449,0.0004216846735975,13.03644251626898,3485,-2.0785228300985814,0.6487349556092609,0.8405308879574314,131.9439124928637,0.0020060925609632,2.9471,31239349
1564963200,2019-08-05,4622,30034,1,0.0028124011214021,1279,6,0.0777892676888649,0.3026398797987668,-0.3160034033693765,5,12,82.43556072848307,55.78124023151959,33.37470004293925,-126.2493250627128,3.178443264718824,0.7704731030546363,0.0004351470051045,331.42066178819425,0.0155381717809137,0.4398258659125756,10.187435737106624,0.9986984815618222,0.9961571732106116,0.9988,0.9987667285095856,0.0032496153618543,0.0055465102116411,0.9675028685112304,0.3599220728729965,0.0002780540037781,0.022646815448805,0.0030446670690304,0.9999999999999964,0.0605565572931792,0.0004199129103627,12.996105581999135,3497,-2.090526985448012,0.6392752653451469,0.8269430581559691,131.08714457197638,0.001993799473181,2.9492,31368909
1565136000,2019-08-07,4637,29816,1,0.0027739514275671,1312,6,0.0775120411090291,0.2972702031247811,-0.3150179009076593,8,13,55.08437250411672,33.57586977034062,-94.41504569670356,-153.54927659557086,3.137159412706774,0.7741825303416062,0.0004319230135463,332.4117908981928,0.0154110175770947,0.4447351966575316,10.095465781399328,0.991129381220251,0.9923605093756344,0.9983,0.9967325241155506,0.0049101934788763,0.003732653887845,0.9672656874021388,0.3598148673321625,0.0002762665805039,0.0230063700786589,0.0062243219482597,0.9999862829433042,0.1574439299644853,0.0004167124701725,12.860038818201422,3512,-2.101452819902193,0.6401890077772638,0.8320064482003074,128.4693371895044,0.0019673784176489,2.9346,31481215
1565568000,2019-08-12,4659,29680,1,0.0027352794182849,1351,6,0.0772374150140927,0.2950211607572198,-0.3148988827455758,9,16,79.12029938218707,54.32475499955021,-67.4505906330036,-142.24042589421123,3.1014869764112563,0.7757967872937768,0.0004303706354281,333.50218275705123,0.015272320060966,0.4488541538223168,10.01103421717989,0.989001509596722,0.9923275094985876,0.9963,0.994965543930787,0.0061081912216301,0.00442076660164,0.9680920158139934,0.3592777841782064,0.0002725334658781,0.0231681329140986,0.0059657144306624,0.9999952831670448,0.1464785125827211,0.0004162585407528,12.740931530371324,3541,-2.0906909304180625,0.6427729006389523,0.8400910266243429,126.21931663150552,0.0019398345892791,2.9422,31866656
1565654400,2019-08-13,4676,29721,1,0.0027191758576048,1361,6,0.0773182496775089,0.2945396757371948,-0.3147642846827382,10,16,55.68444844125637,54.45942829300394,-111.54180482117542,-142.13574227786816,3.08981111878611,0.776308698822435,0.0004288954636764,334.10612275535203,0.015223743279757,0.4499684514473359,9.988476579940976,0.999141446662374,0.9967650109373132,0.9998,0.9990178519892804,0.0014,0.0030915099506724,0.9681240876948792,0.3586176355564621,0.0002707034217376,0.0231078895763112,0.0019361057114911,0.9999999999999996,0.0502614493210249,0.0004155864982848,12.712147134302825,3557,-2.078294311161872,0.6476243539117736,0.8496390999907594,125.66930741900158,0.0019279111165167,2.9471,32138068
1565740800,2019-08-14,4664,29577,1,0.0027199452350885,1360,6,0.0773052606375649,0.2946053999108592,-0.314844214000692,9,17,78.95661199376525,-6.0959736294465365,-67.0520959778534,-193.97278563914648,3.084779581163195,0.7763163521775516,0.0004297446080288,333.43697348130735,0.0152170076984279,0.4504243177573758,9.965629865915476,0.9957228400342172,0.9974426124220712,0.9994,0.9981473098330242,0.0023748684174075,0.0047484107274971,0.9680746033905518,0.3588192317691738,0.000270636432984,0.0232389478875936,0.0015459769018688,1.0,0.0500453393629212,0.0004177699022502,12.68310463121784,3549,-2.0769781022731224,0.6481165368161017,0.8518598540922242,125.10439641555996,0.0019279610546206,2.9533,32043690
1565827200,2019-08-15,4652,28262,1,0.0026124431122071,1355,6,0.0753505732567356,0.2827313584677396,-0.2947664404136039,8,15,54.51940042385195,33.61983904677798,-88.28381734602422,-153.2053925370441,2.98862123974855,0.7877081894757977,0.0004323567385749,330.89500718260035,0.0147372328401918,0.4542279751074017,9.667002476715618,0.9961406518010292,0.9826547553898928,0.9995,0.984620449391878,0.0021794494717703,0.0075346491442809,0.9676302894665568,0.3569717160004802,0.0002690005901573,0.0229345508314906,0.0128121363540497,0.8319856750342135,0.5503514598933039,0.0004204427538473,12.150472914875325,3542,-2.1120309901654664,0.6418816695360068,0.8323258248516512,115.9820202365828,0.0018683517165433,2.9656,31949896
1566086400,2019-08-18,4629,28318,1,0.0026436992146575,1332,8,0.075666803883643,0.2826524574482121,-0.2937360835452853,9,16,77.96477009669104,53.45526114992567,-63.2981559887339,-138.24179849838953,3.013095264101985,0.7882219600035554,0.0004345367557818,329.80185934619897,0.0148367173945573,0.4514974831327631,9.745638519896806,0.9868873602751504,0.9927732055091212,0.997,0.9980064972255692,0.0053851648071345,0.0021914768474928,0.9668214736894344,0.3575720996639097,0.0002728647669716,0.0227697128700715,0.0041770014341898,0.9999999999970308,0.1160164145178421,0.0004223081718015,12.235039965435298,3511,-2.1200919333634016,0.6396520501949874,0.8291215194768189,117.70475854211308,0.0018947322048719,2.9554,31632747
1566172800,2019-08-19,4626,28315,1,0.0026468491838141,1336,8,0.0759649831682913,0.2821518147438055,-0.2941679189740827,10,15,54.7375713393909,33.439719083473285,-107.75799361186732,-153.678040432728,3.009848915062922,0.7885635051340553,0.000434883400563,329.68694355854024,0.0148718784716666,0.452301600567796,9.748285557905586,0.9974076474400518,0.99787969935537,0.9997,0.9992928880643166,0.0017058722109231,0.0011819301287758,0.966816759578492,0.3576800518612077,0.0002729998848133,0.0227619361327324,0.0012660554520239,1.0,0.0349460444908459,0.0004222116977829,12.24167747514051,3507,-2.116789386396945,0.6414485752879834,0.8344495178948892,117.76564998111404,0.0018965410598656,2.9532,31573423
1566345600,2019-08-21,4609,28080,1,0.0026442829247125,1333,7,0.0766979950874968,0.2824927061264056,-0.2936263765492091,8,13,54.77313888533044,33.0682167876745,-87.7959661330536,-148.25402263135032,2.9906897321966683,0.7886580883480844,0.0004368882521677,328.1400510469357,0.0149009666139978,0.4537819364661434,9.697803723802156,0.993731085170774,0.9940415978710904,0.9967,0.9962505528140652,0.0061733297336202,0.004483706539287,0.9671421761546184,0.3573165170694717,0.0002733369104775,0.0227689086234402,0.0032797820238734,0.9999999999999964,0.0908552478716667,0.0004232489231839,12.184855717075289,3502,-2.1123590011276647,0.6443440102710145,0.8457102981569486,116.58695431314877,0.0018925486449606,2.9523,31307046
1566777600,2019-08-26,4640,28338,1,0.0026330362518675,1353,7,0.0763444861229963,0.2828200074347575,-0.2960378642386328,10,14,55.18184049447974,54.50617739490339,-107.06218772590124,-130.22170527257558,2.996471538158491,0.7877317489526328,0.0004345431087086,330.7877890193742,0.014860011001504,0.4542851729887538,9.71335228828746,0.991104361032762,0.9946680231325234,0.9975,0.9967225290739457,0.006062177826491,0.0044899961149168,0.9678515411458722,0.3577833779292445,0.0002711328315407,0.0229121432001603,0.0033513422015397,0.9999999999999968,0.1087624662392067,0.000419454456842,12.214655172413794,3530,-2.1024192903178025,0.6448126053763298,0.8486466608775206,117.05105606018628,0.001883241092658,2.9583,31681579
1566864000,2019-08-27,4657,28561,1,0.0026344150290697,1353,7,0.0761231032246013,0.2805909327979511,-0.2948516117946899,7,14,30.78675124045547,54.44382519184677,-123.0269183438483,-130.98458427522843,3.012363238431301,0.7892497422574278,0.000432580404291,331.96522256295896,0.0148542167143525,0.4531056511202767,9.7666233278013,0.9959051724137932,0.9963244214488534,0.9994,0.9988479488765204,0.0023748684174075,0.0017216968195031,0.967193108883962,0.357747549366702,0.0002715650122517,0.0227871666495146,0.0034747469511969,0.9999999999999938,0.0964044671351281,0.0004170295372659,12.265836375348938,3530,-2.1115440482958308,0.6416491456333479,0.8407434311797121,118.17280719804567,0.0018878391869353,2.9439,31859873
1566950400,2019-08-28,4666,28603,1,0.0026281200483854,1365,7,0.0761575858935792,0.2796717912682969,-0.2948790836345777,7,14,30.86915357703285,54.54479875599175,-122.92977869417832,-130.95632359776548,3.007701329863844,0.7896710457802618,0.0004317340910233,332.4565034640979,0.0148358841498877,0.4540444789356031,9.76201060736406,0.9984968864075584,0.9964833690676916,0.9999,0.9991552257266544,0.0009949874371066,0.0040018378461272,0.9671879938821774,0.3575842959944553,0.0002704860964311,0.02273709610452,0.0020138924107167,0.9999999999999992,0.0357880200254441,0.0004165610439504,12.26018002571796,3539,-2.110105562748356,0.6421827259646863,0.8457802205303256,118.06629364112348,0.0018831937624684,2.9541,32000270
1567036800,2019-08-29,4670,28612,1,0.0026244448898218,1369,7,0.0762543348506903,0.2795524463061246,-0.2945985550169522,10,16,55.46154726137353,54.048901523301126,-107.41094511020935,-138.4957255669344,3.005433441125873,0.7897517235551721,0.0004320337630963,332.6498389056851,0.0148209189700011,0.4543515158730248,9.757884759529308,0.997428204029147,0.996768884799314,0.9991,0.9993486678270184,0.0031921779399024,0.0010132396924325,0.9672237170325096,0.3574852098253734,0.0002699815102345,0.0227084773188819,0.0009681407530534,1.0,0.0414396917516091,0.0004163929708251,12.25353319057816,3542,-2.124708890464141,0.6372965403352284,0.8303492175746671,117.9539755495538,0.0018806874761059,2.9527,32064801
1567296000,2019-09-01,4655,28445,1,0.0026259706605823,1371,7,0.0762103575598211,0.2797734209253399,-0.2959918651387117,7,16,30.866799369464424,54.09976513946771,-122.45970173732016,-137.97039469206916,2.9940265052710973,0.7897586074970302,0.0004331033039317,331.40102685736537,0.0148381005160758,0.4554575607820295,9.731350127096691,0.9944325481798716,0.99459236144619,0.999,0.9979866381041638,0.0033166247903554,0.0022354870147089,0.9673556931990072,0.3572923639133133,0.0002703685705093,0.0227036697097712,0.0024122711182974,0.999999999999999,0.0679359763741024,0.0004170632832505,12.22126745435016,3538,-2.0928138365027573,0.649587534799393,0.854003955190455,117.3055672387525,0.0018810354026307,2.9486,31815870
1567382400,2019-09-02,4651,28378,1,0.0026242940008276,1371,7,0.0760924359735027,0.2794531343587967,-0.2968062682300776,12,15,54.92330965798713,33.733815721066634,-120.4896318211835,-153.51673807420093,,0.789943789939468,0.0004335314853154,330.9292002602313,0.0148351024899589,0.4557130220462947,9.71980753709551,0.9967776584317938,0.9952638239513568,0.9992,0.9991430220573078,0.0027129319932501,0.0012852325531224,0.9673617731577948,0.3570912495460888,0.0002705961578087,0.0226648864640754,0.0019137748231499,0.9999999999999988,0.0354726851529867,0.0004172784168258,12.202967103848636,3540,-2.112893728643091,0.6436264175142326,0.8394505148543262,116.9850612835352,0.0018801615239402,2.9495,31749310
1567555200,2019-09-04,4720,29002,1,0.0026041498306521,1363,7,0.0752484663810377,0.2856907896916493,-0.2964774109370855,10,14,55.78202683595728,54.7918674135416,-107.91296322136262,-131.72560025839056,,0.7862289328899479,0.0004262597560506,335.8672074842667,0.0147269663394107,0.4518157417363211,9.786861738923028,0.9961298645452592,0.9920277934037078,0.9982,0.997283347253303,0.0047707441767506,0.0026048704009934,0.9672738097016332,0.3571122150985324,0.0002695906762144,0.0221497541631447,0.005978985747552,0.9999944924026516,0.1634151030031863,0.0004106316360846,12.288983050847458,3587,-2.1060510397734333,0.6484096571403208,0.8466903862769922,118.7940812604577,0.0018668793786746,2.9453,32665761
1567987200,2019-09-09,4746,29387,1,0.0026098845592117,1347,6,0.0736335700191891,0.2872757007752076,-0.2958641573078375,11,16,77.31979414332889,54.61077441332638,-88.81831707353047,-140.20320042083063,,0.7847233402321224,0.0004234619161394,338.92841820193576,0.0146319297366148,0.4479861135979853,9.87270161806425,0.9889830508474576,0.9909633704092748,0.995,0.9969427360072424,0.0060827625302982,0.0022431270909976,0.9670640359136096,0.3583873288854458,0.0002698734434701,0.0219909897301872,0.0056957866392394,0.9999983760939608,0.1631323790953351,0.0004087268125353,12.383902233459755,3596,-2.089269278160249,0.6500131027604106,0.8501959271133452,120.87389428322768,0.001874798512022,2.9406,33073828
1568073600,2019-09-10,4748,29407,1,0.0026094607883416,1352,6,0.0736221726910922,0.2879999558011665,-0.2959446949920902,8,17,54.85907267284395,34.41559737016533,-91.0177884159052,-160.01257904139237,,0.7842472011431075,0.0004230658329867,339.37166454373687,0.0146226499658416,0.4482386897977904,9.872943120577558,0.997260851243152,0.9980730965957444,0.9995,0.999438260152546,0.0021794494717703,0.0011447512231245,0.9669588148021228,0.3587025106897782,0.000269462235018,0.0219365950844529,0.0013007894556529,1.0,0.0311907229286685,0.00040884862134,12.387110362257792,3599,-2.1020728980154217,0.6445513111298725,0.8380096955868952,120.91799471724616,0.0018740588359392,2.9463,33126936
1568160000,2019-09-11,4766,29477,1,0.0025959500642668,1357,6,0.0736131361254243,0.2881495171194635,-0.2960208714250483,10,18,55.16389596434587,14.853085524499845,-109.99022829603072,-177.3437927874388,,0.7843219632375007,0.0004214897670676,340.5218188630895,0.0145806391649387,0.4486031594186652,9.86125596103718,0.9989469250210616,0.9985209396021734,0.9998,0.9996,0.0019899748742132,0.0011834935892553,0.9669961231246864,0.3585540298193792,0.0002682000231075,0.0218618252598713,0.0011645250459499,1.0,0.04894876337266,0.0004074863307021,12.36970205623164,3614,-2.0988997254994297,0.6470662293421752,0.8469171015716801,120.60115334239016,0.0018644951122899,2.9409,33388519
1568246400,2019-09-12,4736,29042,1,0.0025901495476469,1352,6,0.0740388717897485,0.2883643459628824,-0.2966100123967957,10,19,54.9904442389748,34.741550745564346,-108.89623120798822,-161.96115453296198,,0.7846230909565675,0.0004244532528133,337.92440138950707,0.014587181081092,0.4498701100524402,9.776515635398775,0.9897188417960554,0.9920246782117196,0.998,0.9950831032819252,0.0042426406871192,0.0053557573959593,0.9671593222525062,0.3580742142553869,0.0002689419738609,0.0217516533469998,0.0047798631352712,0.9999999964360714,0.1489188976534066,0.0004098075554967,12.264358108108109,3598,-2.090957597855009,0.6518325764511006,0.8518092102909398,118.5434902039963,0.0018583542041923,2.9449,32946082
1568505600,2019-09-15,4716,29040,1,0.0026119876200421,1354,7,0.0754132631334443,0.2880810478264038,-0.2906310949110905,12,16,56.15865753166628,55.38741888658723,-120.85778764850502,-138.4979748553924,,0.7849411895197662,0.0004264472356433,336.390529753804,0.0146889937972203,0.4504882336417237,9.808910773432938,0.9883868243243245,0.9887324097962852,0.9986,0.9958440419341744,0.0040049968789001,0.0044067316789695,0.9666167345662704,0.3579732803801121,0.0002699017544054,0.0217873683028685,0.0038046156843866,0.999999999999978,0.1493832811819441,0.0004117742122878,12.315521628498727,3567,-2.0980783716117357,0.6488570672995373,0.8430587016191782,119.43220220526236,0.0018731664465151,2.9353,32680248
1568592000,2019-09-16,4729,29104,1,0.0026033699973415,1355,7,0.075321780924678,0.2877178813576173,-0.2909057675493267,9,17,79.48606288767935,35.03553608257556,-62.48709479766461,-158.57190953086774,,0.7851446847962916,0.0004253554306397,337.3285654525376,0.0146608768234876,0.4503417095097803,9.8049914513486,0.9993638676844784,0.998137849397523,1.0,0.9998909090909092,0.0,0.0004910545571566,0.9667410115749966,0.3579807049755792,0.0002692930138892,0.0217523083351932,0.0009974009463919,1.0,0.03727958667677,0.0004105342722203,12.308733347430746,3575,-2.1034779360095968,0.6449995994489685,0.8380109021353164,119.2995299119697,0.0018671687677295,2.9482,32855058
1568764800,2019-09-18,4741,29187,1,0.00259759330804,1364,7,0.0752548717699888,0.2879541405946952,-0.2925939514616193,12,16,56.21756224869128,55.255047539837165,-121.0739977863926,-138.9441939601626,,0.7850303955161717,0.000424258532372,338.3385233727764,0.0146559808713192,0.4511737910965833,9.80454955065848,0.996616620850074,0.99616843848806,0.9994,0.9974619253762111,0.0023748684174075,0.0049913489988219,0.9669162720749036,0.358139141306359,0.0002681601285868,0.0217885908627262,0.0018712598720733,0.9999999999999992,0.0644435245394271,0.0004091467328457,12.312592280109682,3590,-2.094860025541448,0.6522020713343064,0.8519701656746395,119.29161193516578,0.0018623375006311,2.9415,33003547
1569196800,2019-09-23,4759,29222,1,0.0025810700391046,1381,7,0.0751746829608897,0.2825641420911687,-0.2903512310359451,9,18,79.48304814068243,54.223210664539664,-62.405201019075854,-145.4783873896208,,0.7886332444837085,0.0004227960181535,338.7206700962855,0.014607278144444,0.4529907415966332,9.798661944525756,0.9917738873655348,0.9904510936476858,0.9976,0.9939496845161055,0.0047159304490206,0.0055620385432148,0.9661776707038272,0.3571877387981613,0.0002660088488527,0.021494880073015,0.0029636893100868,0.9999999999999972,0.1168127406905992,0.0004084734621543,12.280731246060096,3606,-2.102923376059568,0.6525898265918852,0.8451182669194911,118.88955813708624,0.0018540207387437,2.9494,33292341
1569283200,2019-09-24,4762,29307,1,0.0025853169136995,1378,7,0.0751452508902252,0.2834258468953711,-0.2901236938813664,7,17,79.59973482853403,34.27911632460855,-27.08520308478412,-159.74124968434228,,0.7882627446717825,0.0004226756956028,338.9010290601664,0.0146199941713084,0.4523173303468065,9.82688562328948,0.997268333683547,0.9958115913261992,0.999,0.9991479694908268,0.003,0.0017505966270993,0.9659241059760482,0.3571558093415607,0.0002663256332575,0.0214004137602959,0.0014876210145475,0.9999999999999996,0.0605965186852973,0.0004082591909079,12.308693826123475,3608,-2.1222331180130847,0.6390457480479269,0.8265386328112196,119.51415920954015,0.0018588038375569,2.9547,33336680
1569369600,2019-09-25,4763,29294,1,0.0025830850168635,1377,7,0.0742080097983025,0.2852734593862225,-0.2925921774929754,10,14,55.891350883498745,54.861369403383776,-108.33385184336872,-132.3297405692795,,0.7871190569261807,0.0004233014351624,339.0669059999513,0.014577595717109,0.4519227732159211,9.822435191747353,0.996640067198656,0.9943247200126822,0.9986,0.9984437350572845,0.004247352116319,0.0018902222435201,0.9661700134491996,0.3572527690005848,0.0002670879953407,0.0214400192250938,0.0026821529494247,0.9999999999999958,0.0875742888249514,0.0004069997888233,12.30065085030443,3609,-2.097383277946237,0.6462315359592414,0.8511496369222336,119.4104215487213,0.0018574723457657,2.9517,33277810
1569456000,2019-09-26,4754,29222,1,0.0025865027255996,1374,7,0.0740417690562526,0.2873072763693394,-0.2940060899727587,7,15,78.9541660172697,33.888041300376315,-28.215252120903475,-155.73800902380913,,0.7857947203822622,0.0004241807301045,338.6664100493234,0.0145895275274548,0.4515984111711692,9.811951136466082,0.9960109174889776,0.9948894243367078,0.9988,0.9984195011337867,0.0032496153618543,0.002302096186981,0.9663435654887907,0.3575052701625693,0.0002677826364268,0.0215422031603316,0.001424085586104,1.0,0.0574559311181754,0.0004072826556086,12.293647454774929,3603,-2.1027194399060605,0.6456848448087108,0.8462843061962195,119.21082801422956,0.0018587844260244,2.9379,33125885
1569715200,2019-09-29,4767,29255,1,0.0025753182659388,1390,7,0.0736110732314041,0.2858750655061446,-0.2937091697240392,9,16,78.59409971901158,53.81939392299312,-63.76822174191695,-140.26157560621584,,0.787060454598893,0.0004229714218208,339.72648542704104,0.0145294502376775,0.4531825000177036,9.805163925758844,0.9955826672275978,0.9932128850525054,0.9987,0.9975008983162148,0.0039127995093027,0.0025426644704512,0.9663024824781972,0.357640435653896,0.0002656790089336,0.021477954564917,0.0023630415917736,0.999999999999999,0.0707855215869774,0.0004067075464579,12.273966855464652,3605,-2.1082497949855745,0.6485743693097554,0.8466519299496418,118.8701468407501,0.0018522657520366,2.9474,33345959
1569801600,2019-09-30,4762,29270,1,0.0025820529588147,1386,7,0.0737894615408158,0.286915813356787,-0.2938948715469005,9,17,78.72996775671503,33.39868380642972,-63.74402812837817,-160.35251342310534,,0.7863676854656292,0.0004233589447666,339.4351614331212,0.014556299463164,0.4528367854701037,9.817811780557088,0.998112020138452,0.9959553421991864,0.9994,0.999183055040198,0.0023748684174075,0.0020267335484796,0.966262517469311,0.3577117879290159,0.0002662008781416,0.0215056808883288,0.0009871168215402,1.0,0.0339642546356073,0.0004070288326247,12.29315413691726,3597,-2.10815710112555,0.6454702177678591,0.8411922340537927,119.22796913432786,0.0018568869519159,2.9345,33270291
1569974400,2019-10-02,4735,29212,1,0.0026064119053386,1378,7,0.0743333239428129,0.2869027858773649,-0.2943550142772159,10,17,55.7521643225907,33.62097937967922,-108.5387499367158,-160.0839828351863,,0.7860635555545651,0.0004256392902034,337.9348667856761,0.0146474338642792,0.4521703984373665,9.848364288894604,0.991390172196556,0.9949746714104668,0.9979999999999998,0.998359229577492,0.0044721359549995,0.0029051674299127,0.9661932235985148,0.3581699580357379,0.0002681179772558,0.0216136633244048,0.0028600674026646,0.9999999999999984,0.0779499087948462,0.0004094760911254,12.338753959873284,3577,-2.0966224081299987,0.6511433211914778,0.8539460607818947,120.04193054670054,0.0018739938821988,2.9394,32909989
1570406400,2019-10-07,4712,28822,1,0.0025967833834694,1380,7,0.074215915781636,0.2832592952604899,-0.290294827795673,13,19,33.120382526620446,33.76457450826648,-150.18912151799708,-162.0479225973424,,0.7892811569309365,0.0004275808982252,335.9187440983949,0.0145889325925768,0.4546323569787083,9.790432241647885,0.987117212249208,0.9860318853900918,0.9973,0.9917827417877492,0.0048692915295759,0.0043992071277538,0.9658706965043452,0.3577714837115325,0.0002671339449164,0.0215917083283527,0.0065681904970212,0.999938594702916,0.1518907890702941,0.0004130774833291,12.233446519524618,3568,-2.1220426356679507,0.6411065822191709,0.8276645347655119,118.23317935368291,0.0018707956953376,2.9428,32684079
1570492800,2019-10-08,4690,28482,1,0.0025902841154796,1378,7,0.0739343493277076,0.2829732497947999,-0.2894349775080219,15,19,33.332884708792974,33.56272015199514,-154.0376947240847,-161.14594515863453,,0.7897959654907595,0.0004295976335183,334.2342866922652,0.0145418231312835,0.4559325786532907,9.724987651135896,0.99490662139219,0.995058312477108,0.9991,0.9966178604900254,0.0034914180500192,0.0033685894029422,0.9659289108648048,0.3576448621734486,0.0002672725339859,0.0216945107960239,0.0036698028171053,0.9999999999999826,0.1036555037087137,0.0004152200480735,12.145842217484008,3549,-2.127815263834117,0.641419695139057,0.8248419977200478,116.58346401819313,0.0018655676137809,2.9466,32390035
1570579200,2019-10-09,4687,28294,1,0.002576481966584,1385,6,0.0735063971953904,0.2821309343238079,-0.2882208605904641,9,17,77.54238328025596,32.838051751233,-62.49145511158782,-157.84792384154406,,0.7905015722670105,0.000430004720344,333.9334220669419,0.0144631835319032,0.4572326203048351,9.673749623289876,0.998720682302772,0.9973505564487938,0.9994,0.9967430161067864,0.002764054992217,0.0040479231785211,0.9659316229746886,0.3575454963935692,0.0002668461256862,0.0217446066783003,0.0018934102082473,0.9999999999999988,0.0769625007335643,0.0004155902146155,12.073394495412844,3554,-2.139552885843327,0.6358060338520812,0.8164677748248401,115.26032663805869,0.0018557736043768,2.9454,32353966
1570665600,2019-10-10,4680,28160,1,0.0025719572631305,1389,6,0.0735462433081041,0.2826938195947897,-0.2887642687694569,13,17,32.30414212569169,32.73111059774666,-148.9568818908618,-157.51244760413962,,0.7900560674232832,0.0004306023481036,333.4352105634256,0.0144593496356874,0.4584955450944867,9.634487312869492,0.9974397269042032,0.997511595605683,0.9993,0.998921459492888,0.0025514701644346,0.0015532889530706,0.966189472501237,0.3575432236080499,0.000266500179089,0.0218097873084252,0.0017171518238298,0.9999999999999992,0.05206836877414,0.0004161546287654,12.034188034188034,3552,-2.1300166058010013,0.6385924183592754,0.8322006193032818,114.41084976237786,0.0018501286833366,2.9479,32254430
1570924800,2019-10-13,4526,27555,1,0.0026908982600225,1248,7,0.073260938092242,0.292036319798871,-0.2905823143851122,12,19,54.0199013159038,32.80799666709372,-119.61392385654374,-159.2031320214311,,0.7836359171247432,0.0004452021963776,327.9195707723275,0.0148091946901531,0.443024892528178,9.72833959158985,0.9626068376068376,0.994114394308278,0.9808,0.9901925192517284,0.0823004252722912,0.0090379744731323,0.9640050843482504,0.3636020622285022,0.0002856483500756,0.0223256735159623,0.0220111908026181,0.2105654754882369,0.2012186002243374,0.0004180806994902,12.176314626601856,3404,-2.1212466023776915,0.641167330314757,0.8236353708824886,116.68076958478416,0.0019341193452514,2.8915,29608123
1571011200,2019-10-14,4545,27625,1,0.0026752235082663,1260,8,0.0730277481695419,0.2923287747849736,-0.2904422107897595,19,22,32.75269638351811,51.63368543995472,-159.40841567364564,-151.1633270100965,,0.7832813063165726,0.0004432980282963,329.07929222382967,0.0147663178294948,0.4434183488206086,9.708449749334523,0.997348652231551,0.9982038792869437,0.9998,0.9988079571222428,0.0014,0.0025117740179073,0.963862274307288,0.3633562180960076,0.0002834624717018,0.0223137120609628,0.0016829301136034,1.0,0.0690856447553572,0.0004170784835875,12.156215621562156,3422,-2.110981262004461,0.6429622009405145,0.8354686597060108,116.24803772157712,0.0019216129601274,2.8996,29892271
1571184000,2019-10-16,4615,28121,1,0.0026412618621267,1286,7,0.0722085603553768,0.2901223842024485,-0.291550107187057,14,18,53.08696663785119,52.00023519352609,-131.0671328957081,-144.28514453426533,,0.7845229243189861,0.0004370232253788,333.4096275330311,0.0146590100201144,0.4448132390073751,9.741156231510235,0.994939493949395,0.9961916383918148,0.9987,0.997685405283638,0.0036482872693909,0.0029613519828007,0.9643365684109712,0.3625431167622717,0.0002795935449044,0.0221258722114951,0.0037298854479164,0.9999999999999932,0.1251107559293249,0.0004093406382925,12.186782231852654,3464,-2.0903068798762385,0.6518039365683167,0.8551019581446715,116.94793667463878,0.0018995026129612,2.8966,30723374
1571616000,2019-10-21,4628,27906,1,0.002606362003938,1305,7,0.0724651213587882,0.2930732098810453,-0.2924147572514669,12,20,54.388892491002935,51.90235771226076,-119.47632356262608,-147.86708440548384,,0.7821761679572223,0.0004361090281307,332.9783343042664,0.0145463259007932,0.4485652041309395,9.597862545065706,0.9859154929577464,0.9896065069245988,0.9959,0.993478966690838,0.0072242646684628,0.0047146009462218,0.9645307058410084,0.3610527294145228,0.0002763735348059,0.0219732739592863,0.0050878303529039,0.9999999749568652,0.1431239120114117,0.000411264400368,12.059636992221265,3485,-2.104107100405144,0.649922262805956,0.8315407704853239,114.71491675415947,0.0018630495453384,2.908,31049064
1571702400,2019-10-22,4635,28009,1,0.0026080855400657,1300,7,0.0724916012439406,0.2937540238410216,-0.2925495758376943,13,20,32.330715692723395,52.01830023542953,-148.6626786222063,-148.1110056810803,,0.781757255148135,0.0004353787001968,333.6023176655515,0.0145473050204416,0.4478077905833714,9.61655941959374,0.999351771823682,0.9972295894510428,0.9999,0.9998937538651824,0.0009949874371066,0.0007162514478063,0.9645829683930196,0.3611830998902134,0.0002765230183698,0.021978250202589,0.001501344007071,0.9999999999999996,0.040659500493673,0.0004103819698508,12.085868392664509,3492,-2.1128707123252277,0.6447459809698086,0.8289510868818462,115.21693445586271,0.0018642837521945,2.9075,31130124
1571788800,2019-10-23,4642,28110,1,0.0026096011599217,1302,7,0.0727132563228313,0.2940329569984827,-0.2933880755963104,7,17,77.74834534328807,32.301535915661475,-27.892732793287703,-157.86860973495703,,0.7813414657196304,0.0004347197702787,334.1923587042026,0.0145667830183699,0.4477942682784008,9.630297988743884,0.9993527508090616,0.9972411275070868,1.0,0.999909090909091,0.0,0.0003761863525158,0.9647279147773684,0.3612763709678342,0.0002763190134922,0.0219463031967663,0.0009841199460672,1.0,0.0396190311526512,0.0004095456845689,12.111158983196898,3499,-2.103389158855191,0.6484104043551422,0.8439875626422252,115.64447411778362,0.001864442695679,2.9087,31213421
1571875200,2019-10-24,4651,28182,1,0.002606168635257,1297,7,0.0727081632094896,0.2938453904269774,-0.292963386125219,13,19,32.61719290002459,71.5629270167625,-148.86843508595788,-131.96752467910247,,0.7814778352412208,0.0004336964430695,334.7959633221828,0.0145510284208545,0.4467920660370815,9.638731836094845,0.999569151227919,0.9973411332703986,0.9999,0.9999353535353536,0.0009949874371066,0.0002192268277373,0.9646484160142602,0.3612277822886051,0.0002763479552146,0.0218753005005959,0.0013990310858639,1.0,0.0299775701111202,0.0004088455041841,12.118684153945388,3499,-2.112755476297116,0.643607429298699,0.8346250835013475,115.83582165248868,0.0018626461627164,2.9054,31339298
1572134400,2019-10-27,4676,28424,1,0.0026005132591958,1302,7,0.0727700782219544,0.293816751848428,-0.2925561363997276,12,18,54.91014128770318,52.50367131968203,-120.39231988249324,-144.56624086772675,,0.7811360335262311,0.0004316097434124,336.4218661106204,0.0145427135916206,0.4465648216666838,9.663059000311527,0.9987099548484196,0.9961431303885055,0.9999,0.9997474747474748,0.0009949874371066,0.0013143351125503,0.9647641797778788,0.3610396336327174,0.0002758012997186,0.0217672404873919,0.002606943253279,0.999999999999999,0.0761986485608973,0.0004059790444598,12.157399486740804,3520,-2.108566098743199,0.645898850705254,0.84149524176039,116.49271693308012,0.0018578922220874,2.9051,31633241
1572220800,2019-10-28,4682,28434,1,0.0025947642413855,1308,7,0.0727022641993794,0.294082310843757,-0.292438581839037,11,17,77.39282880067525,32.48926566181762,-85.69694174485784,-158.64777224403932,,0.781195523486449,0.0004310181824992,336.7924781520273,0.0145274667025962,0.4472009293958576,9.65464863399566,0.9993584260051326,0.9956924286706788,1.0,0.9993313131313132,0.0,0.0016374095672149,0.9647467331281768,0.3609717380328235,0.0002748648167441,0.0217918219434184,0.0012609491458286,1.0,0.0394414076588485,0.0004056314175401,12.146091413925673,3527,-2.0853896631491877,0.6498269347704123,0.8550938289358792,116.25705953830574,0.0018536987456556,2.9065,31723395
1572393600,2019-10-30,4685,28319,1,0.0025809609132841,1320,7,0.07151388939592,0.28781264860078,-0.2935173920398257,10,14,99.9091570702596,52.94736604079161,-43.43367001973928,-131.30469218894257,,0.7858602506555691,0.0004304597837634,336.8381616076577,0.0144541735356204,0.4486262270682793,9.654511570270438,0.9957283212302436,0.9920134680915628,0.9994,0.9949729952587094,0.0023748684174075,0.0038986193164981,0.9643617240316996,0.3607866316521295,0.0002736747957024,0.021705043076752,0.0025967430386908,0.999999999999996,0.0827462928256344,0.0004065428822239,12.08922091782284,3534,-2.094148804899368,0.647692349836691,0.8455935495491396,115.68317009094795,0.0018524565171534,2.9216,31833631
1572825600,2019-11-04,4689,28352,1,0.0025795613435555,1323,7,0.0708571753042956,0.2851682208940975,-0.2924918661690243,10,16,99.88654441584066,11.417446220929952,-43.53010152169258,-175.1573953262636,,0.787736368717234,,337.2885175919438,0.0144075842126403,0.448631744500639,9.682285975387844,0.9910352187833512,0.9912663808137092,0.9985,0.995211805834486,0.0038405728739343,0.0034095099075834,0.9644263863980572,0.3609606008790146,0.0002738129017312,0.0216757872339961,0.0021341530724398,0.9999999999999988,0.0747741540921046,0.0004057168168623,12.092983578588186,3541,-2.125944374279721,0.6379323453780924,0.8284763237024468,116.00157689773216,0.0018568132225248,2.9018,31863361
1572912000,2019-11-05,4651,27988,1,0.0025882282223963,1307,7,0.0705660704285832,0.2862592580507987,-0.2930467567661559,9,14,76.58771276175042,52.49186897699907,-63.346329784264974,-130.80653118280296,,0.7877521943397882,,335.0479132233206,0.0144291521185474,0.448852153858134,9.64531495405011,0.9895500106632544,0.9913399142205144,0.9983999999999998,0.996026841048822,0.004630334761116,0.0030986308958155,0.9644308890566674,0.3614918529227126,0.0002749180482886,0.0219732118450676,0.0031312505619931,0.9999999999999984,0.0967830077934108,0.000409104175408,12.035261234143196,3520,-2.108709743995602,0.6467293371157407,0.8391609822243344,114.87273274973352,0.0018640320573783,2.9079,31361593
1572998400,2019-11-06,4652,27937,1,0.0025824012180925,1310,7,0.0703773534232641,0.2864541071614647,-0.2926532255973592,10,16,99.2618271496581,11.391409020392588,-43.17864557772917,-173.92050185919766,,0.7878094278608945,,335.0626010259692,0.0144005249444516,0.4496271442993156,9.62769964518798,0.9976349172221028,0.9963927459098646,0.9999,0.9990807256235829,0.0009949874371066,0.0012454252146672,0.9644070265859308,0.3614277302239574,0.0002741995033879,0.0220052992879844,0.0011983018287841,1.0,0.0338085930170032,0.0004090929113417,12.010748065348237,3522,-2.121510969064312,0.6478914049792339,0.8391475035597998,114.4444908750822,0.0018598231590189,2.9131,31378945
1573084800,2019-11-07,4658,27989,1,0.0025805463006099,1315,7,0.0703418863043736,0.2866031865925675,-0.2925886848845717,9,17,76.64695906784459,31.5213589350884,-63.13914507302403,-158.0432750910311,,0.78771414416479,,335.17978932883256,0.0143937891677248,0.4500303878755864,9.63429393071719,0.9987102321582116,0.9975697696132696,0.9999,0.9992503401360544,0.0009949874371066,0.0040712280762502,0.9644574448822304,0.3610901273683122,0.0002739991665341,0.02193959282842,0.0014272913915426,1.0,0.0322728083268778,0.0004082589549812,12.017604121940748,3526,-2.112197223235813,0.6471640715347318,0.839972916117242,114.61743730266984,0.0018588431978513,2.9056,31435176
1573344000,2019-11-10,4655,27884,1,0.0025741805554465,1322,7,0.070425501622158,0.2862916747885852,-0.2928779467590038,7,13,76.29763213487495,31.67936081173312,-29.20694935693001,-148.83126375211438,,0.7880775176074297,,334.6499918658937,0.0143893086774885,0.4517932838683756,9.60414912809208,0.9963503649635036,0.9946097006441834,0.9993,0.9984139764996908,0.0025514701644346,0.0030756010997213,0.964680364036577,0.3607509573282345,0.0002733239059547,0.0219741457057065,0.0023147176657831,0.9999999999999984,0.0536888132125851,0.0004081131107063,11.980236305048336,3524,-2.107023951235316,0.6462259493900112,0.8446932134153705,113.87305277777804,0.0018535356517403,2.914,31364762
1573430400,2019-11-11,4650,27828,1,0.0025745390961635,1321,7,0.0705058613344589,0.2859653209154754,-0.2932179272739146,6,14,51.63028314918053,10.96106131476412,-61.20689416949744,-172.2170177622234,,0.788359229959576,,334.2950546736704,0.0143947594824762,0.4521465404560951,9.594591210245442,0.9989258861439312,0.9959705521131842,0.9999,0.999771634714492,0.0009949874371066,0.0005052050954199,0.9647973258619456,0.3607559902619787,0.00027340922623,0.0219888107421647,0.0013212755390781,1.0,0.0223568136932211,0.0004085045109798,11.969032258064516,3522,-2.107244570257332,0.64440420589715,0.8431704272384596,113.64185434933012,0.0018534685815201,2.9128,31294980
1573603200,2019-11-13,4614,27464,1,0.0025806715929078,1312,7,0.070487534794428,0.2852307384250815,-0.2940639927059227,6,13,51.42367141378614,31.540651146292664,-60.7562232932321,-147.73659914720204,,0.7890111239635362,,331.63232358482423,0.0144226019089069,0.4527131361658217,9.549653962335814,0.9922580645161292,0.9891803295016977,0.9979,0.9972248557529853,0.0051565492337414,0.0027027858592896,0.9652236681329937,0.3606781387469348,0.0002748238837138,0.022207046101932,0.0024917152565124,0.9999999999999992,0.1051464686717856,0.0004108218567105,11.904638058084092,3509,-2.1083302828242,0.6483774512124832,0.8446992419949381,112.4382399095144,0.0018581779532444,2.9097,30759976
1574035200,2019-11-18,4389,24510,1,0.002545312481502,1305,9,0.0677854359738184,0.2688274769379545,-0.2906982418222558,8,13,47.71862941580648,27.00102275406393,-87.57916269695211,-143.1972252017397,,0.8031005207266013,,312.1939564328383,0.0141874164979361,0.4667803325153248,9.060076593638398,0.9512353706111834,0.93035449733142,0.9908,0.9569540172925808,0.0099679486355016,0.0150476158109628,0.9624332427878696,0.3569543359444702,0.0002749116482677,0.0226157549147333,0.0198468745453893,0.3323052265051698,0.76019164828965,0.0004437103644425,11.168831168831169,3370,-2.1014480188193847,0.646493293423781,0.8528712661196294,99.89508541215598,0.0018415324427034,2.9595,28347461
1580083200,2020-01-27,4084,24595,1,0.0029499299908869,1227,6,0.0795830778305159,0.2250960445585837,-0.2700162225212822,14,23,51.71539647272505,33.85726638556673,-123.65359958579428,-154.75956824994222,,0.8288731907367589,,282.21714880040804,0.0156125820504713,0.4580973572968537,9.86049542018985,0.746639325586694,0.8163576158693644,0.9329,0.8968185342784974,0.0234646542697734,0.0232564608925058,0.9503183578664316,0.3470761826887051,0.0003036093053899,0.0141518578971551,0.0313755740968483,0.0301781554018994,1.3671614482738876,0.0004960327189842,12.04456415279138,2962,-2.0729583693176656,0.6647526003182723,0.8445914044539635,117.42941246312505,0.0021765149630889,3.0354,25186638
1580169600,2020-01-28,4082,24619,1,0.0029557031119343,1227,6,0.0802962743084994,0.2256380084519795,-0.2705410504869792,15,21,32.90398434471274,69.14661333293083,-143.80285988533512,-130.12511702333344,,0.8284841978061308,,282.06493336758155,0.0156605205620255,0.4582675340084737,9.8676468964442,0.9982859941234083,0.9939087193699884,0.9996,0.9989262007833436,0.0019595917942265,0.0025587586679092,0.9503096603235632,0.3470626182587715,0.0003038797700169,0.0140931200136896,0.0011383916681582,1.0,0.039167679610117,0.0004962005871292,12.062224399804018,2964,-2.079818393805383,0.6610877433715949,0.8409403070127399,117.72153148902876,0.0021793518076437,3.0374,25159398
1580256000,2020-01-29,4088,24647,1,0.0029503839437441,1234,7,0.0804955699579299,0.224949789108339,-0.271116608554297,13,22,32.8890237813925,51.495631513347625,-139.09141430595255,-143.0976051580844,,0.8288211014594887,,282.4509003450242,0.0156589430700859,0.4591587036489169,9.862314176227551,0.998530132288094,0.9949017742644358,1.0,0.9994040404040404,0.0,0.001829231295918,0.950442092771734,0.3470251527690288,0.0003029060100102,0.0140731671501412,0.0014292378069535,0.9999999999999998,0.0358664980425665,0.0004954744602105,12.058219178082192,2970,-2.0787479187822946,0.6619824041072118,0.8419430690402281,117.5949844288412,0.0021748320964821,3.0319,25233557
1580342400,2020-01-30,4064,24604,1,0.0029801298834692,1198,7,0.0797792105743191,0.2254435114543799,-0.2722900172213128,18,20,14.429541374391302,51.14655445983824,-162.81889981623428,-139.8839190766349,,0.8287828526600173,,280.77874127757684,0.0157294748175589,0.454844312410967,9.91766957713138,0.987279843444227,0.9910293111685046,0.9982,0.9970018247652906,0.0082921649766511,0.004617074869282,0.9492549917065576,0.3470216592672355,0.0003081197170222,0.0141524715338501,0.0065921768340601,0.9999880623270072,0.0904385025502245,0.0004961741788806,12.108267716535432,2944,-2.0887698590785466,0.6603961446069044,0.836841655944888,118.7269876662716,0.0022014090147268,3.0305,24846992
1580601600,2020-02-02,4747,27394,1,0.0024318595078702,1467,7,0.0744283107346782,0.2708738183246072,-0.2925436410194769,11,18,77.69836678258429,54.01918120524443,-79.31709188106886,-139.0693106487681,,0.8011260828331146,,333.4170364794002,0.0142093946203568,0.4755548649499567,9.27134315197443,0.9904035433070866,0.9810665201338552,0.9975000000000002,0.992670938716005,0.0049749371855331,0.0054168216980118,0.9631326010941365,0.352450131967372,0.000252602792216,0.0192591473270724,0.0332917992963645,0.0151451255271253,1.2399464062673389,0.0004147226461653,11.541605224352224,3626,-2.137632549300855,0.630951459016178,0.8278145034522714,105.49343499652096,0.0017470516080786,2.9768,33384421
1580688000,2020-02-03,4915,28582,1,0.0023668129466705,1502,6,0.0727882256483836,0.2790184790663971,-0.2984616947629243,9,15,78.71382655159887,-6.599916679592027,-56.87919666301767,-192.6122956669604,,0.7936492933301095,,347.2073727769941,0.0140002313973961,0.4717037641131048,9.291144440705487,0.9978934063619128,0.9953032909413532,0.9983,0.999209523809524,0.0037563279941985,0.0015278681773374,0.9657262287092064,0.3544306316350343,0.0002464951042097,0.0198189022185661,0.0094889721001709,0.979556876620222,0.2500296487517587,0.0003978669562265,11.630518819938962,3787,-2.161796729661331,0.6236070843474448,0.822052980556243,106.50850133881735,0.0016912524591495,2.9598,35642377
1580860800,2020-02-05,4945,28874,1,0.0023620668780534,1504,7,0.0731230859315688,0.2796027598790733,-0.2977814612211508,12,16,57.11483339183698,14.48679940168592,-116.38954725814725,-173.79395741224357,,0.7930300566967724,,349.9507663766517,0.014006095515507,0.470438979191367,9.320153859024536,0.9934893184130212,0.995543904338162,0.9983,0.9991950113378688,0.0037563279941985,0.0021082384317935,0.9659036565004644,0.3550570592408129,0.0002457844437387,0.019802884601503,0.002888744655092,0.9999999999999986,0.0954515952177815,0.000395014932297,11.678058645096057,3809,-2.1273837842910823,0.6370063835757518,0.8550079330723634,107.24121188674266,0.0016868635011969,2.9636,36062548
1581292800,2020-02-10,4967,28739,1,0.0023302406434217,1535,7,0.0725034776377355,0.2760429243556941,-0.298433104225889,12,16,56.91893580067812,-26.245355061828366,-115.83203411246332,-211.2661122467524,,0.7951114824280379,,350.77925609937296,0.0138670912926409,0.4737488841936411,9.244678833453076,0.9793731041456016,0.9853671284103588,0.9932,0.9897192040327534,0.0081092539730853,0.0081144889608465,0.9657089436487108,0.3543111657893726,0.0002426025829544,0.0197215567763189,0.0046963141771078,0.999999995970712,0.1488572403953165,0.0003946280654922,11.571975035232535,3835,-2.1516054844358687,0.6299470797797446,0.8358907628026391,105.44710606565724,0.0016641030593055,2.9706,36467796
1581379200,2020-02-11,4967,28745,1,0.0023307271406506,1537,7,0.0724961606727752,0.2752310276543043,-0.2978036223734655,11,20,79.37081976808703,54.47028562584581,-79.18923127740132,-146.83539129329878,,0.7955873869028071,,350.4066812125501,0.0138721180874813,0.4739492738887217,9.247811940059616,0.996376082142138,0.996251825205618,0.9995,0.9990967635539064,0.0021794494717703,0.0020374833891712,0.965495805864244,0.3539374615909802,0.0002424946481256,0.0197000200721444,0.0008053150795248,0.9999999999999996,0.0314072881014703,0.0003945234988002,11.57439098047111,3824,-2.173583167316424,0.6209959029160977,0.8121742987547914,105.52574600652324,0.0016647362562159,2.9676,36451474
1581465600,2020-02-12,4997,28916,1,0.0023165220188958,1542,7,0.0724356050763915,0.2761525367309197,-0.2984225150738906,15,16,-6.356954739463856,14.605002460962854,-193.5362335479977,-173.7638901990333,,0.7951007958084539,,352.49884758737977,0.0138223428467663,0.4737720597901226,9.244671320081832,0.9995973424602376,0.9967615370445658,0.9997,0.9999777777777776,0.0017058722109231,0.000221108319357,0.9656915297501304,0.353906833348924,0.0002411661434964,0.0195968779760298,0.0013152646973728,1.0,0.0558690761064336,0.0003920939525376,11.573344006403842,3849,-2.148106157044043,0.634006414204159,0.8365814979010839,105.51779551117389,0.0016540861946815,2.9565,36889670
1581552000,2020-02-13,5015,29155,1,0.0023189307227897,1548,7,0.0724265541345995,0.2754200922885135,-0.2982645121328025,11,17,79.82144305880537,35.084005441909724,-79.5622507064559,-157.4489975291479,,0.7954269106111365,,353.8355245203865,0.0138299164117367,0.473124188059365,9.28804486822172,0.9997998799279568,0.9965622948809498,0.9999,0.999967511853226,0.0009949874371066,0.0002176513716715,0.9656067250082452,0.3539745685383037,0.0002407278962712,0.0195439724916256,0.0018106177764485,0.9999999999999996,0.0756902396672143,0.0003906268024111,11.627118644067796,3859,-2.153731731615012,0.6308268357922416,0.8291721310637401,106.51665690061348,0.0016568226849125,2.9679,37152349
1581811200,2020-02-16,5047,29418,1,0.0023102692007849,1551,7,0.0725018189083029,0.2753965276897007,-0.2987071873971288,7,16,79.09084825342673,14.915293417629435,-20.123517900433672,-174.9655993853185,,0.7953845891073987,,356.1529881215576,0.013806750974248,0.4723202721403073,9.312023457200125,0.9980059820538384,0.9963520093016496,0.9999,0.999743393114822,0.0009949874371066,0.0007294298514182,0.965710125399405,0.3540297800237404,0.0002398262148493,0.0194634078740306,0.0017119633767609,1.0,0.0705858647556647,0.0003879904194351,11.657618387160689,3887,-2.1280121919652104,0.6362766690399962,0.8409231295772754,107.0626227796353,0.0016510643947377,2.9676,37618101
1581897600,2020-02-17,5069,29746,1,0.0023157926533334,1535,7,0.0727624864438492,0.2777528046594753,-0.298680297813292,7,16,79.46658496822955,15.051065972096724,-20.47195378236989,-175.81658476212465,,0.7938332511142636,,358.05536079007965,0.0138359893612543,0.4694502670610782,9.370129778918464,0.9984148999405588,0.9962292530331692,0.9999,0.9992860441146156,0.0009949874371066,0.0039972707671682,0.9658006034570352,0.3543769102047461,0.000240537716357,0.0194668439581669,0.0042894874586462,0.9999999998918132,0.1002370966026197,0.0003856944728007,11.7364371670941,3900,-2.147937342869776,0.6349694672190498,0.8378502968482386,108.49573495329729,0.001655398235259,2.9596,37907191
1582070400,2020-02-19,5070,29841,1,0.0023222721706719,1527,7,0.0730683449356751,0.2788533229314949,-0.2990370626857092,11,14,80.59906781726517,57.46317843182168,-80.60279655283135,-128.71180787307665,,0.7929098374103236,,358.34009678660453,0.0138677981454224,0.4683465037720729,9.390625333309483,0.9986190570132176,0.996365635181251,0.9998,0.999846299732014,0.0014,0.0003015286543128,0.9658434446418332,0.3545903399373189,0.0002411755871019,0.0195167390527136,0.0016375205594745,0.9999999999999988,0.0448424756117197,0.000385250138322,11.771597633136096,3904,-2.140880196744241,0.6330341436993991,0.8360272187750267,109.069598194207,0.0016591351360327,2.9656,37898178
1582502400,2020-02-24,5032,29362,1,0.0023196404865351,1524,7,0.0725205741321361,0.2834620592468005,-0.3017337561966706,13,15,35.62784069836697,35.74758551516138,-147.4681538634422,-153.0472463376416,,0.7897778896711536,,355.56199876505866,0.0138755629712284,0.4697932292184433,9.288852107097092,0.9773175542406312,0.9882323226356546,0.9927,0.9931460683523644,0.0082286086308682,0.007182486556856,0.9662350841699556,0.3544944084453059,0.000242930478678,0.0198787079762337,0.003072485991038,0.9999999999999974,0.1563589869019891,0.000385819225313,11.670111287758347,3875,-2.146601868554939,0.6313130473441713,0.8409851694050283,106.98870962607674,0.0016513861991293,2.9615,37152655
1582588800,2020-02-25,5036,29383,1,0.0023176130864725,1520,7,0.0724845209158069,0.2848376698013679,-0.3021027670198173,8,13,104.49344022977787,35.75698076569213,5.636386030251919,-147.3696533402564,,0.7890113082790052,,356.0026600011771,0.013873080754331,0.4696785330744768,9.284055116205838,0.998012718600954,0.9946544703404602,0.9998,0.999482168625026,0.0014,0.0011732095616947,0.9664158135802324,0.3546495340392931,0.0002429399935762,0.0199270876257,0.001103343683823,1.0,0.0318347011217198,0.0003852166352025,11.669181890389195,3881,-2.1436113352393917,0.6330313996256642,0.8456955521739383,106.9322030079343,0.0016491159782551,2.9549,37192914
1582675200,2020-02-26,5044,29407,1,0.0023121535445446,1528,7,0.0724967736894254,0.284364937589837,-0.302548508951834,10,14,103.45482957015903,14.441982816659966,-34.41445021850797,-173.13302057688318,,0.7892346659654584,,356.471530296195,0.013859087377316,0.4704471136287469,9.275783855154485,0.9986100079428116,0.9935006239862892,0.9996,0.9985710987425276,0.0019595917942265,0.0050356716673917,0.9664231950175626,0.3545514048654463,0.0002421324981856,0.0199195504299297,0.0011262289784763,1.0,0.0339065469303183,0.0003847719999759,11.660190325138778,3887,-2.1486729290136704,0.6291567230080398,0.8367131371410392,106.75879954344848,0.0016448469330655,2.9551,37321980
1582761600,2020-02-27,5049,29289,1,0.0022983164355402,1536,7,0.0717856225075428,0.2837174874809536,-0.3024063544844588,10,13,103.05481656580224,35.31562466340189,-34.24285038106443,-147.47184342141844,,0.7897772582274161,,356.6341293131725,0.013779508154096,0.4714483001312329,9.238277913160507,0.9988104678826328,0.993205893695112,0.9998,0.9968572665429808,0.0014,0.0047274717773481,0.9664138385952552,0.3543565056904829,0.0002411180715153,0.0199070490108506,0.0017282652212912,0.9999999999999992,0.0649036743639507,0.0003847225923953,11.60190136660725,3893,-2.161142589940018,0.6293549576174791,0.8291333186793378,105.79407933705338,0.0016357479595181,2.9568,37417426
1583020800,2020-03-01,5053,29194,1,0.0022872359011892,1555,7,0.0723363439713296,0.2815708292402681,-0.3046225747103326,8,16,54.28538170303007,14.93712890006141,-85.94355155296213,-174.25169387638243,,0.7912391537457647,,356.5730271623322,0.0137802542859592,0.4737483743235118,9.202490326952477,0.9902951079421668,0.98811650330066,0.9978,0.9963931505248148,0.0050159744815937,0.0032485327481794,0.966726669343738,0.3540128886236988,0.000238990919674,0.0198500663044241,0.0050564824898068,0.9999999007651516,0.1022645401407003,0.0003858777850193,11.555115772808232,3905,-2.1699667488779784,0.6268484787525589,0.8216933916181544,104.92000194115536,0.0016273345935435,2.9717,37580995
1583107200,2020-03-02,5099,29257,1,0.0022509971454952,1595,7,0.0725077751780673,0.2784129778211832,-0.304090175989243,8,15,54.177019674947246,35.683128023329985,-85.6306608964912,-152.41007766364967,,0.793529123753479,,358.47553802094467,0.0136639265366836,0.4777244124512134,9.144883847920728,0.997823075400752,0.9898500679985404,0.9995,0.9971588126159556,0.0021794494717703,0.0056559630813682,0.9667804278636256,0.3526831355265205,0.000234802565646,0.0195737955551457,0.0052699281322628,0.9999995759488134,0.0956908350228419,0.0003848042228238,11.47558344773485,3950,-2.14345131568963,0.6301908615775382,0.8406439481681646,103.58316542122536,0.0016012670304729,2.961,38428558
1583280000,2020-03-04,5098,29243,1,0.0022508028438177,1596,7,0.0725641979259464,0.2774880891781873,-0.304437150927558,10,16,103.1672271988197,56.475993978815566,-32.427551502255454,-135.08959451599785,,0.794249502340375,,357.9301045843964,0.0136598205090402,0.4780068958954644,9.146406076252488,0.9978427142576975,0.990036571208148,0.9997,0.9986423005565862,0.0017058722109231,0.0030954309875133,0.966502834035397,0.3522187853693161,0.0002345076289564,0.0195023620362349,0.0016595689383167,0.9999999999999988,0.0295724875014707,0.0003859328452428,11.472342094939192,3945,-2.133581554333555,0.6340585851299254,0.8498597857186776,103.58703256419612,0.0016018802028516,2.9722,38483198
1583712000,2020-03-09,5108,29153,1,0.0022350976495325,1612,7,0.0725138624540888,0.2769729287081446,-0.30777229327429,10,19,103.47167099307184,36.24759682032043,-31.209232471917105,-159.70161456842723,,0.7950835772202027,,358.5396961264343,0.0136339647331805,0.4806585723686694,9.102044884361344,0.9886229894076108,0.9888175406432996,0.9973,0.9954736675082404,0.0056311632901204,0.0036897564934198,0.967074355249348,0.3521206571606811,0.0002329035322438,0.0195755076781917,0.0036201953074477,0.9999999999999796,0.1020184493557982,0.0003851984366025,11.414643696162882,3976,-2.1404742420128,0.6309504803228747,0.8486799004250742,102.53391887660524,0.0015900125928296,2.985,38635882
1583798400,2020-03-10,5106,29060,1,0.0022297134250462,1618,7,0.072516042533554,0.2765525848652046,-0.3079306197480111,11,16,80.24792929586937,15.353036238158012,-76.88870927265206,-173.3961009448042,,0.7953721935800748,,358.27261526297906,0.0136210294649292,0.4815952053888943,9.07594894805233,0.9988253719655442,0.9936647805278108,1.0,0.9990646464646464,0.0,0.0018284011346286,0.9670663254776728,0.3519941257780941,0.0002324040562635,0.0195881918385354,0.0016153244252389,0.9999999999999988,0.0376666203502051,0.0003855847941334,11.382687034860949,3975,-2.158999053890299,0.6251033812497526,0.8318210948583403,101.92974049148704,0.0015855036709365,2.9777,38621266
1583884800,2020-03-11,5099,28859,1,0.002220375521135,1621,7,0.0724834786725747,0.2761821059571613,-0.309019604561796,9,16,79.30112044079043,15.08488678466179,-53.08544602174931,-173.0392692499768,,0.795757556734617,,357.5736783857515,0.0135916665842671,0.4826058568930527,9.026624550506506,0.9978456717587152,0.9934750536816582,0.9997,0.9959094619666048,0.0017058722109231,0.0061654445357622,0.967104281281294,0.3517864143395359,0.0002321188236052,0.0195893120727899,0.0016725628482409,0.9999999999999992,0.0706246633922254,0.0003864132949117,11.31947440674642,3970,-2.14405411889222,0.6325106380949227,0.8475287522817057,100.78226412137973,0.0015779690723883,2.9944,38535155
1583971200,2020-03-12,5088,28728,1,0.0022198649164907,1624,7,0.0724628449354807,0.2759994564622008,-0.3091227292894933,10,17,102.69735841711582,35.52853963922039,-30.63548434810464,-155.31003514366938,,0.7958719287678307,,356.7043215995008,0.0135934857304337,0.4834332986899028,9.005292534552966,0.9970582467150422,0.9930718909532136,0.9987,0.9990691816120386,0.00336303434416,0.0015740524784509,0.9671588641751446,0.3516900329584966,0.000232166197882,0.019617175408927,0.0012815051292582,1.0,0.0435799626514449,0.0003874065664917,11.29245283018868,3967,-2.1571914146766384,0.6281978340255397,0.8389602624614063,100.2836803587194,0.0015771776565449,2.9856,38379293
1584230400,2020-03-15,5046,28252,1,0.0022195798652397,1604,7,0.071999177440875,0.2776355766170992,-0.3104882869242613,12,20,56.77809194236441,54.68902132419189,-113.13517223014868,-144.3888011312106,,0.7953090227425745,,354.63109582946146,0.0135746667666391,0.4837880837475189,8.926343654455552,0.9884040880503144,0.9897761638028472,0.9985,0.9941383231111875,0.0047696960070847,0.0052959051882227,0.9677211102639824,0.3525495035043904,0.0002334319078828,0.0200111856632343,0.0043138503129697,0.9999999998541222,0.1287232928753631,0.0003905162099667,11.19778042013476,3948,-2.1642652051498947,0.6253796191372477,0.8398720207735751,98.49275988574428,0.0015746235765133,2.9651,37760410
1584316800,2020-03-16,5065,28381,1,0.0022130159428222,1601,6,0.0718148412197745,0.2795685269097707,-0.3114731266853077,14,21,56.58647196228359,73.97046313449741,-124.12337107297854,-132.77866681609518,,0.7940244070808387,,355.5669962027677,0.0135457617746593,0.4821473344001749,8.93010000293638,0.9972255251684504,0.9947114061341148,0.9987,0.9971567035811512,0.0036482872693909,0.0039167674299314,0.9676604152000552,0.3521533280584795,0.0002332588282821,0.0198834818711682,0.0026894524960687,0.999999999999998,0.0642507489829924,0.0003889967953281,11.206712734452122,3959,-2.157819298373524,0.624658508302215,0.8470320677750531,98.69129973674214,0.0015694487290668,2.9669,38031877
1584489600,2020-03-18,5081,28441,1,0.0022037480996827,1612,7,0.0719205469414838,0.2776584834414291,-0.3106955383990242,16,21,56.283467224590055,74.43466385317586,-132.43165211645015,-132.5556286564743,,0.7953282140909107,,355.92205028328897,0.0135236166875016,0.4832102949769495,8.924048626274475,0.9966436327739387,0.9927968694901838,0.9986,0.997631993403422,0.0034698703145794,0.0043352716270483,0.9674766930956812,0.3513951268689831,0.0002324269921504,0.0198092369899506,0.0023653535333714,0.9999999999999984,0.0624027768900195,0.0003875795106501,11.195040346388506,3965,-2.182378120786293,0.6206680195992939,0.8310724195061258,98.51690909716392,0.0015632972050311,2.9816,38239871
1584921600,2020-03-23,4857,26363,1,0.0022355173446568,1626,7,0.0696329504834187,0.2507702512061858,-0.3011930451097654,14,20,52.86310881978439,50.57041544591304,-122.23933952504494,-141.82355068091283,,0.8149712975492858,,336.9383941568601,0.0134786269976281,0.4965091879853762,8.786228413908573,0.9372170832513284,0.9481292289718164,0.988,0.9673499330828718,0.0101980390271855,0.0126064595554823,0.9653015918346698,0.348035472479314,0.0002358504854007,0.0200013203153123,0.0172992052123926,0.4403805003886923,0.5173566845880004,0.0004120930742088,10.855672225653697,3782,-2.164479387969508,0.6289353703534275,0.8429237768342563,93.89307328737604,0.0016070168166662,3.0236,35318890
1585008000,2020-03-24,4867,26431,1,0.0022320819706367,1633,7,0.069634148488731,0.250527534846922,-0.3013731461334289,16,22,11.947198550177689,50.59915813319152,-168.58870837858703,-145.74608599598025,,0.8150655326439334,,337.53065188978445,0.0134677962350811,0.4968619058280071,8.79067059763354,1.0,0.993942742671034,1.0,0.9996888888888888,0.0,0.001636094253921,0.9652372345831955,0.3479300308359686,0.0002351623081951,0.0199354616992989,0.0012105409281155,1.0,0.0283261331614672,0.0004114538757377,10.861310869118553,3789,-2.1588627018054902,0.6297272868387129,0.8427223395862069,94.00060905731536,0.0016046236979953,3.0096,35476604
1585094400,2020-03-25,4876,26470,1,0.0022271302665068,1634,7,0.0695929065884899,0.2508092492343509,-0.3015005236907735,16,21,11.88416140100739,69.30236561500803,-168.76888464849438,-130.43717421733953,,0.8149222799285761,,338.0756524428472,0.0134491686902174,0.4966816080764909,8.787362682433356,0.9997945346209164,0.993925338855215,1.0,0.999662626262626,0.0,0.0011342152531083,0.9652063962031496,0.3478467928199285,0.0002347856899316,0.0198747272602755,0.0005639342018613,1.0,0.0247011018101872,0.000410833119126,10.857260049220672,3795,-2.167048422505452,0.6261240661829008,0.8323953830431028,93.94221117180687,0.0016009733058352,3.0153,35616123
1585180800,2020-03-26,5124,28335,1,0.0021588364180275,1705,7,0.0727567429195023,0.271728387800705,-0.3094738893210569,10,18,102.23728024086137,15.691077170544151,-28.34063272384865,-172.77926553791585,,0.7994910337560717,,355.782652180981,0.0134140012355926,0.4946400408093916,8.82760270698422,1.0,0.9941973454491912,1.0,0.9998767676767676,0.0,0.0001956469441687,0.9683426066946204,0.3483093720130999,0.0002253327121384,0.0195173281048125,0.0040695429316847,0.9999999999951502,0.366863715859803,0.0003884039989577,11.059718969555036,4024,-2.1635732798653784,0.6238581068829561,0.833629187293096,96.33287215165912,0.0015312390749225,3.0141,39144260
1585440000,2020-03-29,5194,28890,1,0.0021421864583117,1728,7,0.0728423100610706,0.273357572040921,-0.3114644414415811,11,23,80.32649817420048,74.48155305703385,-74.38376167024398,-138.27448683850665,,0.798095176961889,,360.69363805943385,0.0133626716066372,0.4940899652568442,8.86582461628502,1.0,0.992964105639824,1.0,0.9999858585858584,0.0,0.0001407052941362,0.968476106312519,0.3483495423830089,0.0002221585976696,0.0195817208102847,0.0018411323700528,1.0,0.1144332152904403,0.000384094794838,11.124374278013091,4081,-2.1567349003735248,0.6265348608540379,0.8361707955831782,97.3888321540133,0.0015179493265412,3.0156,40297747
1585526400,2020-03-30,5219,29046,1,0.002133167493747,1734,7,0.0727308077624079,0.2741794592169181,-0.3117540096539564,11,20,80.53644660104376,56.0055790328104,-74.34357833061927,-145.15047344445944,,0.7976976146897802,,362.4722468814203,0.0133308951602764,0.4938068905191965,8.86921327715363,0.9998074701578744,0.9936470720185434,1.0,0.9997696969696968,0.0,0.0005869164952101,0.9685543759147855,0.3483855779589196,0.0002212380153598,0.0195652443394401,0.0007857608042295,1.0,0.0508316411193576,0.0003821923787298,11.130867982372102,4098,-2.1585391504907374,0.6272225798166774,0.8449741978096283,97.4910446316696,0.0015113138198087,3.0056,40682653
1585699200,2020-04-01,5218,29040,1,0.0021335444543162,1729,7,0.0728795281439773,0.2735764263476274,-0.3118762693526697,15,23,36.1190883879391,74.77439297031938,-150.63964366641608,-138.4438288865531,,0.79785928997009,,362.2684891534852,0.013347509050751,0.4934829312076417,8.865784813585654,0.996742671009772,0.9912714564621404,0.9998,0.9981601319315604,0.0014,0.0031603295786804,0.96840464039676,0.3482571778108225,0.0002211586980853,0.0195125690014422,0.0020625172448664,0.9999999999999986,0.0464697238346662,0.0003825067247191,11.13070141816788,4096,-2.175047039310684,0.6206099087197455,0.8280512880764033,97.43455786297758,0.0015109455044767,3.0153,40684162
1586131200,2020-04-06,5216,28564,1,0.0021001829314918,1721,7,0.0722326163398423,0.2755716285465649,-0.3134681890834583,14,24,56.41818694676836,55.13336096730397,-123.57785646148506,-151.8093201141893,,0.7968511684493863,,362.0523096453256,0.0132046951687088,0.4937558995344753,8.717459224972966,0.9885013415101572,0.986444487602654,0.9968,0.9872704605491056,0.0056356011214421,0.0079380469692693,0.9685319309458356,0.3481655505181149,0.0002205444422954,0.0196508776838346,0.0055019111522878,0.9999975707707908,0.1971170464672513,0.00038349016995,10.952453987730062,4100,-2.1935173885790085,0.6124283323382017,0.8296049763934987,94.2584873029753,0.0014829724664769,3.0148,40722682
1586217600,2020-04-07,5220,28630,1,0.0021018104347583,1723,7,0.0724593586676007,0.2753639859635356,-0.3131427552934858,11,24,80.06660720864161,55.33521387471375,-73.00030069141802,-151.8876438907259,,0.7968274467992488,,362.37161873499264,0.0132190942561564,0.493489363338512,8.72796439827381,0.9994248466257668,0.9944089389843768,0.9999,0.9999050505050504,0.0009949874371066,0.0003225434578721,0.9685264909393936,0.348206216473022,0.0002204572610769,0.0196387857473669,0.0011961427261829,1.0,0.0279111722257419,0.0003831274400487,10.969348659003831,4100,-2.2014868464610435,0.6134647835073181,0.825633797483365,94.519416447926,0.0014838553986397,3.0229,40780339
1586304000,2020-04-08,5223,28655,1,0.0021012296244705,1722,7,0.0724962146047858,0.2752673817964471,-0.3128975763913839,11,21,80.15270737601868,74.76437509047452,-72.93944433302686,-131.88481245762827,,0.7968994500027097,,362.5361865963599,0.0132159845845365,0.4932719093516604,8.730897925378224,0.999616858237548,0.9942544176823228,0.9999,0.9997131313131312,0.0009949874371066,0.0014436121074385,0.9684096053619649,0.3481643906245489,0.000220418600732,0.0196019277538799,0.0005189249143377,1.0,0.0141498368181305,0.0003829691924485,10.972621098985258,4102,-2.2085893402071446,0.6114839050018702,0.817094730065593,94.59150582594916,0.0014835650176546,3.0146,40831680
1586390400,2020-04-09,5230,28792,1,0.0021056272801302,1730,7,0.0729286576744535,0.2749474530117256,-0.3132660358862162,13,23,35.87503770960212,37.06375512292179,-144.01131987693333,-163.19742995116442,,0.7970635784228638,,362.8556588579106,0.0132463975229028,0.4938410010267219,8.756675056126596,0.9982768523836876,0.9919031902996044,0.9999,0.9985304061018349,0.0009949874371066,0.0031136770545071,0.9682082455255476,0.3480082944701669,0.0002199318219824,0.0195240408380783,0.0012828242781139,1.0,0.0619561441176785,0.0003827856528683,11.010325047801148,4105,-2.182023206293948,0.6190136284523859,0.8362518849846683,95.23840196033096,0.0014865255662273,3.0041,40964845
1586649600,2020-04-12,5253,29049,1,0.0021058579081999,1724,7,0.0729794591843815,0.2755387973080138,-0.3130444362550514,10,21,103.88064987480983,75.47647228088789,-26.139656500147478,-132.61556120264564,,0.7967047209686111,,364.29824663814,0.0132626018473363,0.4928823918624596,8.79186690053647,0.9967495219885276,0.9924998590365104,0.9995,0.9993389404246544,0.0021794494717703,0.0012060024218997,0.9684501865576316,0.3478627424554785,0.0002200669760712,0.0194613596394471,0.001902290924352,0.9999999999999996,0.0825392318838679,0.0003797677070318,11.059965733866362,4114,-2.177697729066596,0.6212586329255774,0.8399804736476697,96.05818386178782,0.0014867307867657,3.0129,41208195
1586736000,2020-04-13,5257,29085,1,0.0021052599578035,1725,7,0.0731446066147872,0.2765155949614302,-0.3130960732325225,13,21,36.522941706785865,75.77385258624275,-144.1225929100446,-132.4947845626972,,0.7960957620518027,,364.6853834449745,0.0132668617372463,0.4928567273076646,8.790305398790593,0.9984770607272035,0.9924397141151464,0.9996,0.9996441146155434,0.0019595917942265,0.0007201962185881,0.9685554545962878,0.3479663312984988,0.0002199621806619,0.0195005462868338,0.0010575041749922,1.0,0.0329328737428943,0.0003792942928546,11.065246338215712,4120,-2.1797353722585653,0.6186396822037374,0.8300763781288425,96.09859969066416,0.0014853007262581,3.0003,41257671
1586908800,2020-04-15,5239,28949,1,0.0021098407171927,1721,7,0.0730684695599297,0.2772172198600869,-0.3141297983585427,11,25,81.120964545654,74.26427160526744,-72.68455863328104,-142.5706935657578,,0.7955151145865189,,363.7547210476865,0.0132784675172582,0.4932230350533261,8.776491805394645,0.9941031006277344,0.9905191744626152,0.9987,0.9979209702750204,0.0036482872693909,0.0027487199808715,0.9686548337447368,0.3482711556151158,0.000220310726002,0.0196200867861586,0.0017652319562427,0.9999999999999994,0.0537013646680378,0.0003808369332852,11.05134567665585,4112,-2.176911213355353,0.6176730158911753,0.8322193595721744,95.84042300053927,0.0014877689297679,3.0018,41002888
1587340800,2020-04-20,5273,29060,1,0.002090703434653,1747,7,0.0730496572798477,0.2748159414215948,-0.313731972105671,8,23,55.71756955328256,37.52545500780914,-78.77954661354083,-163.62794875615762,,0.7971621302527084,,365.98780016565297,,0.4949047661494203,8.75843711221785,0.9944645924794808,0.9915692941015642,0.9994,0.998478169449598,0.0023748684174075,0.0025268664735033,0.9685908627655678,0.3481420614230767,0.0002177448060838,0.0194612259932503,0.0022437084453941,0.9999999999999996,0.0768837288585975,0.0003792260159897,11.022188507490991,4142,-2.1926694725795106,0.6194248032540011,0.8277889500060184,95.39516752306034,0.0014747139011439,3.0198,41609882
1587427200,2020-04-21,5339,29171,1,0.0020471177436918,1805,7,0.072796089216895,0.2719078254277106,-0.3150004251238107,12,22,58.829135475710345,56.513942887098345,-110.80305614066336,-148.72464332086582,,0.7993296148798473,,369.0932367802132,,0.5000046575255574,8.687911697880642,0.9975346102787788,0.9935679338768882,0.9997,0.9989594310451454,0.0017058722109231,0.0041254961646215,0.9692950810449976,0.3467427221362377,0.0002126119779319,0.0198297902357511,0.0067748754668627,0.9996339133230356,0.1219871864524375,0.0003771256558274,10.927514515826934,4207,-2.2018974746466613,0.6181219218860795,0.8301298823159063,93.84582078699805,0.0014431776024879,3.0242,42855984
1587513600,2020-04-22,5366,29348,1,0.0020388633135558,1813,7,0.0726994137975091,0.270443113512736,-0.3148194681175691,15,23,36.78351287151676,37.70351705957033,-150.25545624753494,-164.1546046339671,,0.8001246543354591,,370.6283435176974,,0.4998973076203454,8.700528521870925,0.9994380970219142,0.9945841512233574,0.9998,0.9999111111111112,0.0014,0.0005857331805873,0.9694696735000048,0.3464309780415176,0.0002119295241661,0.0198179122828078,0.0009164345067488,1.0,0.0465291129479299,0.0003750138659973,10.938501677226984,4224,-2.19354598466463,0.6208876584947415,0.8358209917890298,94.08939009660112,0.0014382592587483,3.0358,43263770
1587600000,2020-04-23,5364,29307,1,0.0020375336686326,1814,7,0.0727102456851632,0.2708511869323206,-0.315081575696744,14,23,58.2438761926806,37.69439773567201,-122.97279952679524,-164.03268540148267,,0.7999063611083176,,370.49272212319903,,0.5002807511806611,8.68955885811665,0.9992545657845696,0.9934426325317312,1.0,0.9997171717171718,0.0,0.000489039128764,0.969573128169055,0.3464324559753159,0.000211853815566,0.0198605160920792,0.0015197046724161,0.999999999999999,0.0161487121803918,0.0003751416883074,10.927293064876958,4226,-2.1892017483980477,0.6214595157085132,0.8412511283646107,93.87007284736886,0.0014367440950779,3.0309,43230561
1587859200,2020-04-26,5408,29007,2,0.001983991275828,1886,7,0.0722041233332864,0.2680579879797339,-0.3154748336652822,13,23,36.48769286055082,37.45192855561977,-142.9979137242841,-163.06588254485249,,0.8020978469879491,,369.1777336777592,,0.5084594905737744,8.532850161647112,0.9869500372856076,0.9884086094706632,0.9971,0.995821646721794,0.0047528938553264,0.0041314642041641,0.970476510500276,0.3423889283641332,0.000205715009825,0.0198043118967067,0.0096391017919154,0.9607931355791324,0.2058711594720825,0.0003763614189382,10.727440828402369,4297,-2.192218839307239,0.6175537446701675,0.8340357071386983,90.50133820867612,0.0013959358203366,3.0586,44216454
1587945600,2020-04-27,5426,28996,2,0.001970101287367,1893,7,0.0719724245803583,0.2667729478676136,-0.3148700029854789,15,22,36.35338313233679,56.19015822429658,-149.21510035851654,-147.86778601808305,,0.8030820745257125,,370.4656699990828,,0.5090348498345212,8.50693348269221,0.9990754437869822,0.9881830976428346,0.9997,0.9983979797979796,0.0017058722109231,0.0046040448362498,0.9706285148805408,0.3424369226108235,0.0002050852016665,0.0197028599220166,0.0010190906374523,1.0,0.0561419976575784,0.0003743063202271,10.687799483966089,4315,-2.201749368514777,0.6099088571655557,0.8231004973495792,89.89312023279415,0.0013864980822451,3.0506,44447463
1588118400,2020-04-29,5439,29073,2,0.001965900720695,1903,7,0.072114998527719,0.2665311677818513,-0.3152375400942388,16,25,15.83011273830256,74.39105635787551,-172.6270989092934,-141.53454980066255,,0.8033542763510313,,371.39108313265024,,0.5094332884855582,8.509314282449898,0.9972355326207152,0.98769713642129,0.9993,0.9987224902082044,0.0025514701644346,0.0021389667303822,0.9705287946838626,0.3424699677935395,0.0002040852213372,0.0196443917980043,0.0008604292475599,1.0,0.0520574434533639,0.0003740755967745,10.690568119139549,4323,-2.199501065771358,0.6133271801062248,0.8223104862313713,89.95545127066049,0.0013836163897969,3.053,44725315
1588550400,2020-05-04,5484,28981,2,0.0019276477270172,1955,7,0.071515209902222,0.2638676472309553,-0.3159943986359938,19,27,35.85434442366972,37.45555300651291,-158.04378243666332,-167.18443447415015,,0.8055538795424433,,372.2457329586052,,0.5152182555734895,8.422606629873293,0.990623276337562,0.9837620166451474,0.9973,0.9950210963516928,0.0056311632901204,0.0051311979102019,0.9709721681228272,0.3404331017823267,0.0001995876348439,0.0196039130189316,0.0069863772583372,0.9991876593415852,0.1469168896489939,0.0003740253642622,10.569292487235597,4365,-2.214409226246485,0.6114308984030977,0.8229165554034439,88.03632077907928,0.0013563637488699,3.0702,45702256
1588636800,2020-05-05,5481,28987,2,0.0019301581974625,1955,7,0.071551909458287,0.2641985301904889,-0.3160665688905836,16,30,15.417648658682538,54.14027202553133,-172.73968233315375,-160.7192446995414,,0.8052463233321981,,372.1562406226773,,0.5150956518306827,8.427060459532212,0.99945295404814,0.9893374857004356,1.0,0.999939393939394,0.0,0.0001948212274948,0.9709712808023682,0.3405381536596473,0.0001998004310861,0.0195896236156254,0.0010020692130403,1.0,0.0119110497892733,0.000374032489229,10.577266922094507,4365,-2.214035901817329,0.6141965575659198,0.8282292284531534,88.14876702862435,0.001357924011727,3.0784,45635911
1588723200,2020-05-06,5436,28596,2,0.0019357812883952,1939,7,0.0710112759220309,0.2654824613268118,-0.3160283321443216,17,26,35.40076998287499,55.03598064876485,-153.52952483709768,-153.97400599333045,,0.804786730343204,,369.1270867362563,,0.515556343705217,8.385319249709049,0.990330231709542,0.98489043089365,0.9985,0.9959644609358896,0.0035707142142714,0.003623044107814,0.970869213033695,0.3405647242261371,0.0002010264935992,0.0196474128030925,0.0024962815554274,0.9999999999999996,0.092172719484883,0.0003774085797831,10.520971302428256,4336,-2.1981605647720923,0.6154437841042336,0.8375735454274592,87.25899856847661,0.0013614799155159,3.0668,44916064
1588809600,2020-05-07,5465,28762,2,0.0019264077672503,1953,7,0.070984470049969,0.2650344414472557,-0.3161205235855452,17,27,35.52127027137167,36.99865348009117,-153.86875911226812,-166.79965092439514,,0.8051125726003162,,370.2537197745594,,0.5163914538116992,8.390272283923283,1.0,0.9897102894397836,1.0,0.9972363636363636,0.0,0.0270108320202068,0.9710618034665184,0.3397910407726128,0.0002000195189519,0.0195425314619875,0.0012237551560637,1.0,0.0494046332706463,0.0003750627388396,10.525892040256176,4358,-2.202243483678557,0.6149777060761148,0.8272605420840655,87.37051157800448,0.0013551494217487,3.0821,45342323
1589068800,2020-05-10,5546,29056,2,0.0018896632053841,2004,7,0.0705663202034548,0.2610364530569,-0.3171106700034887,18,29,14.83015230932751,36.54132597458964,-175.44140781604125,-169.63114415881495,,0.8078538093970258,,375.3021650776113,,0.519454671699532,8.364440146422806,0.9937785910338518,0.9833419971902654,0.999,0.9936905044554531,0.0033166247903554,0.0262492590182958,0.9712421331512392,0.3393777043489169,0.0001961335463066,0.0194868552176892,0.0039844745221616,0.9999999999793956,0.1162749939044441,0.0003694183677515,10.47818247385503,4429,-2.2082796166025367,0.6167257468073347,0.8365362804769977,86.64415680511446,0.0013306371154056,3.079,46674171
1589155200,2020-05-11,5545,28869,2,0.0018781789295765,2020,7,0.0702997659608701,0.2604819084814326,-0.3183054729852386,15,26,35.01902426324128,54.572952592462926,-149.659174635909,-154.7191326903907,,0.8082921751049512,,374.9699535030021,,0.5221244916598355,8.315132681752832,0.995672556797692,0.9847803792322763,0.9991,0.9964119562976708,0.0028618176042508,0.0050569485593591,0.9717858521518996,0.3391339776203045,0.0001949057457614,0.0195660202115292,0.0033656699261232,0.9999999999999812,0.0770351876282352,0.0003706346316795,10.412623985572589,4439,-2.199011690200474,0.6154825504184861,0.8372023998156011,85.5990173558362,0.0013219512379004,3.0708,46766274
1589328000,2020-05-13,5507,28585,1,0.001885458199982,1999,7,0.07024837225077,0.2616931274120037,-0.319230976155152,20,31,54.175429040807536,35.746236848259386,-143.17101288221843,-170.23976234502467,,0.807604012682098,,374.23840758484073,,0.5211894420062252,8.28992186238048,0.9902614968440036,0.9817065779770772,0.9982,0.9882132794386106,0.0043312815655415,0.0397235219666491,0.9714056885231276,0.3408031885380293,0.0001944783233758,0.019447912779398,0.0018468502175196,1.0,0.0841583537502806,0.0003762983382373,10.381332849101144,4407,-2.2139816950363285,0.608972770743909,0.8249754512887764,85.06631982979854,0.0013264970340745,3.0942,46478671
1589760000,2020-05-18,5517,28597,1,0.0018794173405347,1994,8,0.0700555844230796,0.2621196682083562,-0.3190629814436741,20,30,54.2427956717592,18.72237382629911,-143.0898034731245,-178.97203290726895,,0.8075391250417618,,374.68548069164007,,0.5202818801849781,8.281303195972583,0.99001271109497,0.9884875768417972,0.9976,0.9963472456524002,0.0051224993899462,0.0039746124050828,0.9712873078375616,0.3405905954148462,0.0001938737930899,0.0192967383416573,0.0021063705266903,0.999999999999998,0.0714854023183904,0.0003768250092431,10.366866050389705,4408,-2.1931614335287164,0.6226317283195316,0.8416046192745668,84.93163618602372,0.0013225187764643,3.0998,46760254
1589846400,2020-05-19,5518,28613,1,0.001879787296874,1993,8,0.0700310677955527,0.2619666872756542,-0.3191555790018938,21,32,73.84601526360828,52.60528343696846,-129.90781822619982,-162.21532709107157,,0.8075975418064533,,374.8036533405456,,0.5200638837656836,8.284503376439474,1.0,0.9948856083700942,1.0,0.9999919191919192,0.0,4.88203877720996e-05,0.9713111740783598,0.3406361646935152,0.0001939371845713,0.0192991663555788,0.0004547544007605,1.0,0.0076452216658371,0.0003766775105121,10.370786516853933,4409,-2.188014992363852,0.6237092007231858,0.8418363009429608,84.99237941154982,0.0013228607000818,3.0876,46770574
1589932800,2020-05-20,5525,28651,1,0.001877516784021,1999,8,0.0698998685102275,0.2622943381054866,-0.3193395430072865,20,32,54.19150859641493,52.61391835660534,-143.2780888770768,-162.3146133852063,,0.8073885896319118,,375.2871032437351,,0.5203084195745086,8.284670550364895,0.9996375498368976,0.994905646608202,0.9999,0.9999555555555556,0.0009949874371066,0.0001327197390356,0.9713067465102176,0.3406420931589053,0.0001936223407702,0.0192950433458326,0.0007259499556367,1.0,0.0194353977685592,0.0003761896114074,10.371402714932128,4417,-2.1782177102534663,0.6238130338960981,0.8454602488067793,85.0018083696711,0.0013212116887872,3.0953,46888538
1590019200,2020-05-21,5567,28800,1,0.0018589087005382,2020,8,0.0697764485659573,0.2612518830122328,-0.3192871287138342,23,33,35.99567971384073,35.95492876003165,-162.9556962373811,-172.12886515179758,,0.8080886990022259,,377.5224545879702,,0.521356000376709,8.267117012568693,0.9994570135746608,0.9941983724058828,1.0,0.9997575757575756,0.0,0.0009834877935061,0.9714986205508092,0.3400797688955094,0.0001915965281279,0.0191322001346344,0.0014120378084494,1.0,0.0559350471061088,0.0003743785545586,10.346685827195977,4451,-2.191866759974465,0.6175842100645965,0.8389410663273729,84.64981410889347,0.0013080580449521,3.0911,47693421
1590278400,2020-05-24,5574,28184,1,0.0018145820830879,2090,8,0.0698959600219702,0.2512750735552405,-0.3179862013706205,20,32,53.66566279948975,18.895964138949186,-141.72660762579835,-178.48930605732485,,0.8156126520459324,,376.1919328963267,,0.530336223767079,8.112876855093893,0.9856296030177834,0.982382379828476,0.9958,0.987992607167828,0.0065084560381091,0.0091813963150241,0.9714562746246496,0.3384443382115285,0.0001880739688563,0.0189569742828282,0.0119252509904945,0.816362789908634,0.2373250823432987,0.0003777178579834,10.112665949049156,4470,-2.2229012114488014,0.6067236571914463,0.8314656510305319,81.14144407613969,0.0012786303996407,3.1069,48165492
1590364800,2020-05-25,5573,28144,1,0.0018126571438618,2097,7,0.0697957209418342,0.2485144295071578,-0.3171351942595091,20,31,53.69866577445957,35.80162592337199,-141.55995715762066,-168.62981041762254,,0.8173998493257008,,375.78709994137824,,0.531313029260408,8.109667625823299,0.9940796555435952,0.991662350303644,0.9984000000000002,0.9972796094757804,0.0039293765408777,0.0031628767229568,0.9711579179311955,0.3381416299555601,0.0001876868151566,0.0189377568590084,0.0026052103821342,0.9999999999999958,0.0573889912478155,0.0003783594927315,10.10012560559842,4477,-2.2134737529441373,0.612095436212494,0.8367304411806971,81.00619064081752,0.0012782804053259,3.1227,48197835
1590537600,2020-05-27,5582,28174,1,0.0018087421166057,2101,7,0.0697508608068289,0.2478798544969519,-0.3169460205018874,21,37,34.80331396512223,35.31837480561292,-159.06749699323726,-172.85550808480633,,0.8177732427132246,,376.0500138303951,,0.5313077405244202,8.106650961506158,0.9985645074466176,0.9920247154244686,0.9998,0.9994769325912184,0.0014,0.0013019115470272,0.9712070534607876,0.3378322489485599,0.0001872529588017,0.0188866702599821,0.0007005483969872,1.0,0.0275255439946991,0.0003785226623656,10.094589752776782,4479,-2.2217828179566026,0.6109108357513123,0.8332808999916438,80.93244686252866,0.0012756725232552,3.116,48420961
1590969600,2020-06-01,5502,27581,1,0.0018225429552447,2070,7,0.0695301378374726,0.2497174118167022,-0.3166610430182328,23,39,34.06922745766727,2.7205141934134485,-160.49669980154047,-186.434469724722,,0.8167616621438617,,370.6172027139483,,0.5313849746858287,8.05546922441307,0.9833393049086347,0.9838103851487762,0.9954,0.9923316249492612,0.0068439754529074,0.0065179628088417,0.9713220146387268,0.3377998909737695,0.0001900286217849,0.0189743841021426,0.002496144524365,1.0,0.1181826197594082,0.0003846145514572,10.025808796801163,4437,-2.209990754934636,0.6121750455890059,0.8438518442345629,79.87249489761129,0.001284921214111,3.1219,47096354
1591056000,2020-06-02,5509,27584,1,0.0018181115921355,2083,7,0.0695722736996232,0.2481298718065596,-0.3167334140109437,21,38,33.86331131976381,18.573182409726407,-158.0603081725551,-179.14206690614006,,0.8176082439945315,,370.728831636248,,0.5324621812564391,8.046281274621709,1.0,0.9941573690940564,1.0,0.9989636363636364,0.0,0.0049145876861943,0.971365500510742,0.3374715928549033,0.0001888758393234,0.0189972008801737,0.0018849562386231,0.999999999999999,0.0182611197868343,0.0003848517813731,10.014158649482663,4444,-2.207936592643676,0.6151221234231421,0.8504147531530342,79.6785254185067,0.0012816113896886,3.1224,47277010
1591142400,2020-06-03,5521,27620,1,0.0018125785866349,2094,7,0.0694809401938375,0.2472567840063673,-0.3160219613817275,23,40,34.124721347643,80.4278106954988,-160.53696699865554,-153.38633211123627,,0.818120538399882,,371.5260299734071,,0.5331131058123069,8.040323073395063,0.9998184788527864,0.996596264422952,1.0,0.9999818181818182,0.0,0.0001110008635783,0.971371381971915,0.337459383376624,0.00018839958646,0.0189703922190848,0.0011760900121317,1.0,0.0232523296172861,0.0003839050911131,10.00543379822496,4455,-2.2059817888454702,0.6167218622076672,0.8529090380670417,79.5378209165607,0.0012777368450742,3.1229,47474081
1591228800,2020-06-04,5016,24465,1,0.0019451215730798,1934,7,0.067478135732657,0.212945481836454,-0.2944851290117193,23,36,59.99914965374951,10.142609161393024,-132.66210537991245,-172.36433212879015,,0.8424786306021934,,332.2221030043846,,0.5372445146725647,8.015994286806242,0.9069009237456982,0.915866009719832,0.9887,0.9524184032204032,0.0115459949766141,0.0153831854771073,0.9659950805386436,0.3322449477145235,0.0002046988491711,0.0175842220728576,0.0058324139785831,0.9999876007413366,0.5292721685823675,0.0004323628740089,9.754784688995215,3971,-2.165014441753719,0.6367126674375022,0.8651771445605199,77.17827526227471,0.0014017283839249,3.1845,39784117
1591747200,2020-06-10,5266,25576,1,0.0018449448503885,2040,8,0.0694746680487988,0.2466350643644932,-0.3007170466552369,19,33,69.91528957477573,33.22556635567879,-117.15824006038152,-163.38769635067982,,0.8195828672192011,,355.5535060762091,,0.5421638380420489,7.816186874395061,0.922049441786284,0.9500425512017208,0.983,0.9696285619482892,0.0123693168768529,0.0119282709600743,0.9718691695340872,0.3386005896017521,0.0001941480232336,0.0187437470291268,0.012684589715493,0.7960018612052263,0.6276886239006649,0.0003982543678182,9.71363463729586,4271,-2.229004893694783,0.6054168563403372,0.8330935214795222,74.93142867590907,0.0012970153100162,3.1045,42877406
1592179200,2020-06-15,5710,28750,1,0.0017638907933796,2175,7,0.0669610154680334,0.2484952736300508,-0.3008947715128719,21,35,34.40958745038907,34.79091791377552,-160.9222898341677,-173.57176449009302,,0.81699573400777,,385.7845719995159,,0.5334716551156267,8.097792284302248,1.0,0.9965417383065188,1.0,0.999969696969697,0.0,0.000216406922077,0.972532956900381,0.3387785828460908,0.0001834352533206,0.0195864235887084,0.0152989504756748,0.5359673514333276,0.4609810947272304,0.0003662256373019,10.070052539404552,4609,-2.2048732881227973,0.619933420407508,0.85522085107761,80.76169908075654,0.0012454605249999,3.1083,50297152
1592265600,2020-06-16,5734,28923,1,0.001759680019683,2187,7,0.0668704184840342,0.2470830074441676,-0.3006630845934351,22,34,53.15217885461107,18.834478535307497,-148.21122128273635,-181.5808141767357,,0.8177869507041032,,387.3316374212548,,0.5333958225242392,8.117147567989392,0.9998248686514886,0.9954379314530972,1.0,1.0,0.0,0.0,0.972499103427854,0.3387121492519833,0.0001827391515559,0.0194574248470718,0.0016175979211475,0.9999999999999996,0.0468567679684158,0.0003647791881664,10.088245552842691,4618,-2.201142494661783,0.6217794247381765,0.8571704582945315,81.11107196255782,0.0012436235037974,3.0995,50729395
1592352000,2020-06-17,5741,28993,1,0.0017596395388145,2190,7,0.0667906303209997,0.2473582685424387,-0.3008877029242295,21,34,34.62906838458889,18.899001235982865,-161.4524010406182,-181.7601481057075,,0.817582915696023,,387.8670647810428,,0.5332107586095219,8.126387444502503,1.0,0.995456456665286,1.0,0.9994121212121212,0.0,0.0058493200848086,0.9725320339474988,0.3387664872227736,0.000182666127331,0.0194424106337587,0.0008367231292764,1.0,0.0231970733889082,0.0003642470534395,10.10033095279568,4623,-2.2046309307351497,0.6195171615834701,0.8530135622040066,81.31203604010463,0.0012437194115281,3.0968,50845186
1592438400,2020-06-18,5751,29052,1,0.0017570932843437,2191,7,0.0666887981832036,0.2476009396964547,-0.3010136839373278,18,31,53.82762077578074,68.93125717043321,-138.39043836975358,-152.75876665823577,,0.8174690177051741,,388.5843247957757,,0.5329293102585735,8.128185063829587,0.999651628636126,0.9954129290088404,1.0,0.9999353535353536,0.0,0.0003884675666011,0.9725515204126756,0.3388011894823016,0.0001823918086428,0.0194429024573638,0.0007152789192528,1.0,0.0239571794591815,0.0003635610926103,10.103286384976526,4628,-2.193697524104935,0.6217730041402266,0.857471671614847,81.35649693885026,0.0012418664340982,3.1127,51017637
1592697600,2020-06-21,5788,29549,1,0.0017643745262747,2183,7,0.0670182718627875,0.2502147562037281,-0.2992998728660029,23,37,72.47225491738034,35.42474603355803,-137.63033703302793,-176.8682675918249,,0.8156532004964744,,391.64631969269306,,0.5298289255751581,8.207036029606629,0.9979134063641106,0.9953249251709256,1.0,0.9999434343434344,0.0,0.0001513938908702,0.9722996205639088,0.3392894705067079,0.0001824586044926,0.0193406943653679,0.0039770133423507,0.9999999999384755,0.1305113007599271,0.0003605289901225,10.210435383552175,4647,-2.209121166614902,0.6156103354942866,0.8433598855641542,83.07054563668959,0.0012475850035719,3.101,51608219
1592784000,2020-06-22,5806,29639,1,0.0017587912115626,2179,7,0.0669263472029671,0.2508803985640447,-0.2990531317431538,24,34,90.98644097567689,19.500693195626475,-126.93132092570276,-183.3995442765176,,0.8152502713575499,,392.956931757572,,0.5292556108686204,8.205017196692836,0.998790601243953,0.9947885598269957,1.0,0.9996767676767676,0.0,0.0006265883805766,0.9722638353413278,0.3393661141790934,0.0001822916759148,0.0193288673514578,0.0015067938440823,0.9999999999999996,0.0439487687712479,0.0003592693756995,10.20978298312091,4657,-2.212271708137021,0.6172014190533457,0.8496717387053309,83.05360850101377,0.0012433611790699,3.09,51916131
1592956800,2020-06-24,5751,29409,1,0.001778684992402,2130,7,0.0670851934312296,0.2525289787085594,-0.2995364480743569,21,35,35.37239990908622,-29.156403620321623,-162.18160910000475,-207.08233779949185,,0.8141946767329122,,389.57182537593707,,0.5259912255176362,8.215653025052049,0.9872545642438856,0.9903925992048972,0.9989,0.9969659498413548,0.0037134889255254,0.0037041807567709,0.9719614310333856,0.339668373622389,0.0001851192100171,0.0195790086430965,0.0051230437960047,0.9999987214582494,0.0801873453930014,0.0003617006056633,10.227438706311943,4604,-2.182971906900678,0.6232186803606506,0.8538966338941,83.31565020567454,0.0012571322204839,3.0892,50829316
1593388800,2020-06-29,5805,29661,1,0.0017607032127891,2139,7,0.0666654823203588,0.2517453546795815,-0.299064844669236,20,31,55.28501802478061,37.13776765567515,-144.28241228073878,-172.31237186451023,,0.81433571405598,,393.4921024617028,,0.525323321631853,8.21082723219517,0.9939141018953226,0.990554609645103,0.9991,0.996509791795506,0.0028618176042508,0.0043296955549492,0.9720716402012342,0.3398849596247266,0.0001840326473095,0.0194749984836652,0.0013587121349977,1.0,0.0773802736026098,0.0003578650695663,10.219121447028424,4649,-2.1996751190016246,0.6221502979100236,0.8501135343992661,83.25202407476156,0.0012445805913868,3.0803,51743319
1593475200,2020-06-30,5783,29502,1,0.0017646158455468,2140,7,0.0668844768557297,0.2508078112493936,-0.2988175956764945,22,34,54.77827790005381,20.61500500681891,-148.72941419728076,-182.42318681589936,,0.8150694818016002,,391.358350715242,,0.5266519072046747,8.200452913075813,0.9943152454780362,0.9882344189223412,0.9991,0.9960481137909708,0.0028618176042508,0.0043016264744195,0.9719450219018696,0.339332968703012,0.0001841172325458,0.0194874751471307,0.0029670260764607,0.9999999999999885,0.0596262501558511,0.0003595759891206,10.2030088189521,4630,-2.215445174525868,0.6149018974653638,0.8352681542393975,83.01578468551216,0.0012475235917128,3.088,51373705
1593561600,2020-07-01,5794,29662,1,0.0017674551690436,2146,7,0.0673121764514352,0.250889386054361,-0.2992484458122861,22,30,54.9512881670861,54.57997958041678,-149.09398479205854,-161.53628090587443,,0.8149829667545332,,392.1145727542629,,0.5268347192592403,8.226185188944031,0.9998270793705688,0.9938006462205088,0.9999,0.9999535353535352,0.0009949874371066,0.0003166694859153,0.97181692106225,0.3393447898728516,0.0001838321219519,0.0194418104150194,0.00092996320557,1.0,0.0511180718412522,0.0003588689039057,10.238867794269934,4643,-2.205384241598657,0.6211582484379629,0.8479196325487508,83.55488445147722,0.0012496081065322,3.0785,51567182
1593648000,2020-07-02,5802,29760,1,0.001768407436795,2141,7,0.0673493737443144,0.2521814893304331,-0.2997146921504624,23,40,73.92462344932171,52.224435176026816,-137.24545493395675,-171.85120804301732,,0.8142372568514795,,392.73049159178754,,0.5261008755683136,8.238014444987476,0.9996548153261996,0.9940596524803682,0.9999,0.999969696969697,0.0009949874371066,0.0001381292356684,0.9717106350655974,0.3394093376553188,0.0001838597795499,0.0194039612103054,0.0013703272305492,0.9999999999999996,0.0335080198619972,0.0003582696362723,10.258531540847985,4649,-2.2159328077396685,0.6195237160421756,0.8447939261433218,83.85901432715312,0.0012499287844935,3.0908,51699652
1593907200,2020-07-05,5847,30023,1,0.0017566780593584,2172,7,0.067431671771636,0.2538649961929975,-0.2991173135958258,20,34,56.24222534442687,21.24462285493133,-144.5073082699633,-183.65111320260712,,0.813060373482639,,395.301277688164,,0.5275560816449397,8.239399332756074,0.9981041020337814,0.99264972238203,0.9995,0.9987087198515768,0.0021794494717703,0.0055829675555548,0.9719339607433608,0.3389980094330128,0.0001822937716246,0.019326154530678,0.0029868860351227,0.9999999999999938,0.0681672550060806,0.0003555686104896,10.269539935009409,4695,-2.2102662813854743,0.6149430284613613,0.8403086856720594,84.05531108289561,0.0012405301071214,3.0847,52499622
1593993600,2020-07-06,5850,29980,1,0.0017523632500551,2178,7,0.0674877653791087,0.2534388669364163,-0.2995052804267415,21,35,36.82813730480839,37.86166638851847,-162.55978560398378,-175.7244094727772,,0.8133061388816701,,395.359311002994,,0.5281680948940736,8.221652219163191,0.9979476654694716,0.992074765454642,1.0,0.9978,0.0,0.0045412681057795,0.972081906123035,0.3388724663962523,0.0001818411401294,0.01931477820742,0.0011497458701152,0.9999999999999996,0.0341966294352195,0.0003555612619317,10.249572649572649,4696,-2.221303355988016,0.6103803370406552,0.8396613450591329,83.74072522835205,0.0012368489300955,3.0906,52571085
1594166400,2020-07-08,5861,29954,1,0.0017442771184313,2195,7,0.067608806596028,0.2528135735117436,-0.3002979011342506,17,36,35.369341620770086,21.659140704692096,-156.43605505763304,-184.088285819538,,0.8138675868481103,,395.5471273272923,,0.5302616367118678,8.19757803297541,0.9974358974358974,0.9905284126176986,0.9996,0.9976923520923522,0.0019595917942265,0.0061839514804953,0.9719366241354352,0.3383954000716397,0.0001807374550402,0.0192546750991737,0.0032595878594854,0.9999999999999816,0.0625345285437811,0.0003550300362709,10.221463914007847,4712,-2.223217836000837,0.6139452259267661,0.8439569645398706,83.26710988932014,0.0012304017987305,3.0969,52771235
1594598400,2020-07-13,5886,30226,1,0.0017451949544893,2198,7,0.06759298414382,0.2520623882250006,-0.3010851496564414,19,34,76.5948500822121,21.247135447833426,-124.0012712185884,-184.24081559074,,0.8140534065839043,,397.63135415872455,,0.5282520883841497,8.23755265865602,0.9930046067224024,0.990003478355358,0.9985,0.9982866395917942,0.0038405728739343,0.0024788531235961,0.9717461152953444,0.3387327391148443,0.0001805807043446,0.0191661532176599,0.0035730636631632,0.9999999999997248,0.0852944847628824,0.000353618523436,10.270472307169555,4725,-2.2248008388378078,0.6109516059309634,0.8364216406416879,84.08671649431855,0.0012319805745164,3.0898,53244559
1594684800,2020-07-14,5882,30201,1,0.0017461241519075,2195,6,0.067702805613313,0.2513549825992073,-0.3008464645149644,24,32,93.6153872442161,21.58952301237677,-126.5568563484008,-183.0517172767876,,0.8144045589937926,,397.1883367858482,,0.5280253517271523,8.236122900949153,0.9981311586816174,0.9918508247669136,0.9995,0.9991910533910536,0.0021794494717703,0.0016188033780509,0.9716849824877956,0.3385866385193166,0.0001806489989971,0.0191498392633288,0.0011342100845452,1.0,0.0260922621038448,0.0003541155388235,10.268956137368242,4721,-2.2075629539112733,0.6163190906971773,0.8505783474691511,84.05714214558012,0.0012325761215911,3.0963,53198216
1594771200,2020-07-15,5880,30163,1,0.0017451137624636,2196,7,0.0677046504331983,0.2511919825301881,-0.3011347002288623,20,32,56.5592050202574,21.51956437090516,-144.5197535759072,-182.9776016067088,,0.814453192594933,,397.22218684640535,,0.5280598698722115,8.226688211282923,0.9991499489969398,0.992979925551176,0.9997,0.9985958771387344,0.0017058722109231,0.0031971741107541,0.9716149886224084,0.3387292760472752,0.0001804943870585,0.0191673706801193,0.0006474844272969,1.0,0.0228379212956789,0.0003546383304359,10.25952380952381,4718,-2.220537529262282,0.6095929303194402,0.8399496619631432,83.87203016187982,0.0012313865710371,3.0929,53214600
1594857600,2020-07-16,5881,30163,1,0.0017445202872851,2194,7,0.0676124752792538,0.2515882030185932,-0.3014088874772809,21,32,37.01658484734709,55.049735831766384,-162.89908728303345,-164.81334375643212,,0.814174220469642,,397.4260870296588,,0.5279242303849213,8.224251603951464,0.9989795918367348,0.9937732625790908,0.9998,0.9990054834054836,0.0014,0.0040655093461145,0.9716979795133334,0.3388444315750733,0.0001805640081306,0.0192023681173112,0.0010496733976705,1.0,0.0198624186964149,0.0003543710473866,10.257779289236524,4723,-2.2330737313772504,0.6092388288288779,0.8310468289717647,83.8282476853822,0.0012307613064269,3.099,53211683
1595116800,2020-07-19,5882,30048,1,0.0017372781866997,2196,7,0.0673470751277031,0.2504883431970719,-0.3005103459959681,25,36,74.39624073989222,-11.648246088800391,-141.9960245477132,-200.4888012789584,,0.8152626242617459,,397.30591524017416,,0.5286003182049424,8.199703692592935,0.995068865839143,0.9907800373667656,0.9986,0.9978962275819416,0.0034698703145794,0.0031188234128836,0.971540694819909,0.3386816073758665,0.0001797448336031,0.01922476314535,0.0029378433340246,0.9999999999999842,0.0509241981147118,0.0003545861751655,10.21693301598096,4720,-2.2128895692148194,0.6162342079996672,0.8415812390869081,83.2219999417351,0.0012263617324037,3.0963,53257807
1595203200,2020-07-20,5885,30080,1,0.0017373555115697,2200,7,0.0673261754399628,0.2511346881425281,-0.3001957986629172,27,41,38.17172202531107,36.790109590223935,-169.28490794570075,-179.92751517093478,,0.8149151659551579,,397.5739600815689,,0.5290628960535383,8.203681703128334,0.9984699081944916,0.9939995805865386,0.9997,0.9997811172954032,0.0017058722109231,0.0005651244587672,0.9715823124389048,0.3387370284189343,0.0001795949434608,0.019213277903862,0.000755209288768,1.0,0.0219976155238771,0.0003543074281877,10.222599830076463,4724,-2.2157670587734586,0.6149945612006122,0.8385649631876171,83.29955778863072,0.0012264138070536,3.1014,53302228
1595376000,2020-07-22,5883,30071,1,0.0017380169106253,2202,7,0.067384599779791,0.2509947404765069,-0.3006645891997727,22,32,55.6860188143023,21.10478363782051,-149.4657815213602,-182.92209520681055,,0.8150880579939839,,397.45223138840805,,0.5294499461025951,8.204430524466055,0.9966015293118096,0.9931162037150112,0.9987,0.999453267367553,0.0036482872693909,0.0011969991795201,0.9715651477758418,0.3387487074007171,0.0001795671830523,0.019219477789566,0.0012264360351117,0.9999999999999996,0.0341428169324509,0.0003544139357487,10.223015468298486,4731,-2.212110519688189,0.6174393034795941,0.8458067188633557,83.29906283247776,0.0012269591545191,3.0922,53264545
1595808000,2020-07-27,5884,29872,1,0.0017259284347518,2217,7,0.0670727867793476,0.2527192436421206,-0.3028149240650653,19,36,75.7825951214921,53.66657936601944,-123.37083882034942,-168.28397843305385,,0.8143042595329435,,397.4031552291063,,0.5318575363259871,8.147051297925664,0.990990990990991,0.9879044477147004,0.9982,0.992941253477336,0.0043312815655415,0.0069100343748219,0.971473247667434,0.3386433551966827,0.0001788935099509,0.0192571691463675,0.0031658584177086,0.9999999999999823,0.0872790430850009,0.0003547932503405,10.15363698164514,4743,-2.210920771326557,0.6185586546695448,0.8467391859785778,82.16190797106641,0.0012169654808154,3.1003,53333291
1595894400,2020-07-28,5889,29894,1,0.0017242676102091,2215,7,0.0670819388922965,0.2531685803540606,-0.3026725498274399,24,36,93.14635722458144,54.103812480666825,-125.62648019162022,-168.1284162128055,,0.8139590911902865,,397.84720484973286,,0.5314543191651043,8.143560490537753,0.9983004758667572,0.993449127865434,0.9998,0.998973531230674,0.0014,0.004110371659688,0.9714542380838306,0.3387324808299268,0.0001788500922654,0.0192752098723208,0.0008280310142808,1.0,0.0350660687481558,0.0003543165608843,10.15248768891153,4742,-2.223839293424174,0.6128226565552889,0.839807270423327,82.13399895142645,0.0012153361371787,3.0982,53406161
1595980800,2020-07-29,5891,29943,1,0.001725921299764,2213,7,0.0670751615741382,0.2532864772527398,-0.3025017221346037,24,37,93.09659209364116,37.66827927229407,-125.81838691041771,-176.87969156668424,,0.8139478639072888,,398.1938164559232,,0.5310938313112663,8.156055462142419,0.99830191883172,0.9948732465153998,0.9996,0.9998038342609772,0.0019595917942265,0.0007082718506842,0.971396410877098,0.3389127172131864,0.000178733907956,0.0192299763845455,0.0010106912239585,1.0,0.0230311806731695,0.0003545059794883,10.165676455610251,4748,-2.222668996801446,0.6138088375054771,0.8424984642935315,82.3648814034394,0.001217050527,3.1053,53485875
1596067200,2020-07-30,5891,29933,1,0.0017253448974998,2217,6,0.0672448737883227,0.2542921614285262,-0.302750074383518,24,36,93.19473346213196,-11.23289285335025,-125.72365181452132,-199.98767383445525,,0.8131134172577899,,398.0978794472378,,0.531683509844131,8.144022911754018,0.9988117467323036,0.994019916816628,0.9996,0.9998439497010924,0.0019595917942265,0.000561540174703,0.971545398662906,0.3388308402324823,0.0001787877213118,0.0192675634000463,0.0010185028008827,1.0,0.0142590392123581,0.0003539972107722,10.162281446273978,4753,-2.2195676064019416,0.6135647923635169,0.846630105038298,82.24292274027312,0.0012150034156914,3.0881,53422144
1596326400,2020-08-02,5907,29846,1,0.0017110224852753,2233,7,0.0671266735400495,0.2525470602231408,-0.3032392031906797,21,34,36.30797363537067,21.035240307322,-162.37609307130856,-183.1870302512801,,0.8143377736345455,,398.5896906489968,,0.5337635889339649,8.100872651563114,0.9972839925309794,0.990514622679098,0.9993,0.997612286126572,0.0025514701644346,0.0046720734293339,0.9717913974167957,0.3383252568833657,0.0001776123332031,0.0193082232617627,0.0031250523555327,0.9999999999999843,0.0723476087239861,0.0003532026411566,10.105298798036229,4776,-2.2200078937073813,0.6142053884201121,0.847543278471885,81.29011512602992,0.0012043757582908,3.1066,53718185
1596412800,2020-08-03,5912,29906,1,0.0017115631987242,2233,7,0.0671915387819619,0.2539493748990196,-0.3035604054412679,25,36,74.3801109001981,86.52366228738542,-141.29867214932,-152.29643233746344,,0.8134046157504432,,399.0405478698371,,0.5336523640406229,8.105397839485855,0.9984763839512444,0.9936304549450776,0.9997,0.9999494537208824,0.0017058722109231,0.0002145422440486,0.9720006085487248,0.3384210821571081,0.0001774947602447,0.0193440378493665,0.0004839617132765,1.0,0.0232034170600713,0.0003527650843723,10.117050067659,4781,-2.2180519158876204,0.6154602949329551,0.8461625169609536,81.43988273812833,0.0012041245182752,3.0957,53794934
1596585600,2020-08-05,5904,29657,1,0.0017019158417909,2240,7,0.0670793927628589,0.2534818584114047,-0.3043799382386676,18,33,55.49562171237082,37.67744326847562,-137.994312812894,-173.31261278062803,,0.8142171184083727,,398.1789895481142,,0.5355512585009842,8.057872525387475,0.9940798376184032,0.9893928900759188,0.9992,0.9956128220985364,0.0027129319932501,0.0047464083549942,0.9721888703840684,0.3381446347845345,0.0001769417091129,0.019358825905911,0.0042124144177842,0.9999999984113592,0.0860415268564099,0.0003535855998855,10.04640921409214,4785,-2.232784409488181,0.6070767121759991,0.8422481434343209,80.36283486794866,0.0011976799777318,3.1065,53684498
1597017600,2020-08-10,5943,29925,1,0.0016948285725499,2256,7,0.0673442336585796,0.2547902797373023,-0.3028866523691536,21,39,36.45973279446801,5.4226320147320095,-162.39784327724095,-192.499396902355,,0.8130305101506797,,401.1259487727957,,0.5354383704893203,8.062149625756021,0.9952574525745256,0.9917622930637428,0.999,0.9982573077715934,0.0033166247903554,0.00264712741956,0.9723570383757094,0.3384064422949195,0.0001756917533661,0.0193451174345069,0.0017730259962872,1.0,0.0818538309057771,0.0003508386474221,10.070671378091872,4809,-2.219142378269643,0.6105021901779973,0.8483517008412169,80.61791434008626,0.001190531652439,3.0958,54352184
1597104000,2020-08-11,5874,29774,1,0.0017261289508882,2197,7,0.0677938636797499,0.2556241377983073,-0.3012914820816075,23,35,74.49146579584145,37.70809232294684,-136.3476690149547,-175.10129417042904,,0.8123192429414262,,396.7085987443821,,0.5314593354272843,8.115272537872746,0.9865387851253576,0.9906106409089658,0.9988,0.9982388620052832,0.0035440090293338,0.0028905961987486,0.9719592243452938,0.338626111801399,0.0001792717941673,0.019526596135002,0.0052624550182814,0.9999961902256924,0.1015728755832528,0.0003547517574854,10.137555328566563,4746,-2.216750005266483,0.6155948764886927,0.8514664126652621,81.6872734763297,0.0012136175127798,3.0948,53074874
1597190400,2020-08-12,5861,29714,1,0.0017303014721596,2183,7,0.0678799781357703,0.257164154795582,-0.3012256861445541,22,36,55.67968170449401,-11.16134717200888,-148.3538070999418,-199.27491055101328,,0.8116177684465016,,396.10969712433473,,0.5309639868188425,8.114785143902818,0.9959141981613892,0.99304993329271,0.9994,0.9996274170274172,0.002764054992217,0.0007618297201263,0.9720986181698412,0.3388656998423262,0.0001800827796708,0.0195929205531101,0.0013910966676246,0.9999999999999996,0.0324961018097237,0.0003550642061177,10.139566626855483,4740,-2.210950882277401,0.6129014933944911,0.8442741577708132,81.69119068663296,0.0012162316049992,3.0857,52792197
1597276800,2020-08-13,5864,29715,1,0.0017285895151665,2189,7,0.0678420650601579,0.2578653460644943,-0.3014893781654377,21,32,36.598884094724745,54.705714569150686,-161.84193748267762,-163.57608430079367,,0.8113402090751449,,396.1090682242477,,0.5315941615388037,8.109661297041445,0.9974407097764888,0.992538631256133,0.9997,0.9995007215007214,0.0017058722109231,0.0013692335105718,0.972053055512135,0.3386916382862703,0.0001796751896035,0.0195995290331274,0.0010956706678804,1.0,0.0259578833238098,0.0003552593688219,10.134720327421554,4742,-2.199084814880231,0.6142265580197004,0.8481652345617262,81.60831896272164,0.001214731752281,3.0981,52884291
1597536000,2020-08-16,5873,29709,1,0.0017229472517979,2197,7,0.0682482550492859,0.2611583847652015,-0.3001257137563164,23,37,74.82152908245128,70.19369492581473,-135.86700181243927,-160.780809220378,,0.8094205157577842,,396.63273587077646,,0.5329481371543762,8.08178161684847,0.9947135061391542,0.9898300479016202,0.9981,0.9965542536664778,0.0046249324319388,0.0037730850004669,0.9722375778046312,0.3386167579700385,0.0001790032929325,0.0196442385946968,0.0026342600970194,0.999999999999996,0.072428186054585,0.0003548193243361,10.117146262557466,4755,-2.228292016185643,0.6094513990506458,0.8420586119328257,81.18501391269218,0.001208106984317,3.099,53057508
1597622400,2020-08-17,5874,29738,1,0.0017240418734974,2197,7,0.0681492164705256,0.2611900792433556,-0.2994994233241951,21,31,37.14563870878871,38.425457451535536,-161.4302942327031,-171.6929580990154,,0.8093706811501392,,397.16367185285503,,0.532580563653057,8.090794964508287,0.99761620977354,0.992783350584648,0.9992000000000002,0.9989351061636778,0.0027129319932501,0.0014829702497163,0.9719973590529618,0.3390112621961711,0.0001790545671946,0.0197001645831579,0.0012957851877914,0.9999999999999996,0.0361524705111856,0.000355360982042,10.125297923050733,4760,-2.2138984454350843,0.6165569272412639,0.8590040076562522,81.36804722710839,0.0012094399632992,3.0868,53160010
1597795200,2020-08-19,5859,29701,1,0.0017307255382564,2188,7,0.0684689245403043,0.2624140869732484,-0.2990567169662857,23,33,75.30199162567942,5.3500992657209885,-135.56994417033604,-190.60200833219352,,0.8086418033160767,,396.14015117874754,,0.5322773095358072,8.097440884644373,0.9938712972420838,0.9920431162840352,0.999,0.9977335807050092,0.003,0.0034868243107661,0.9719629452098052,0.3390065798481743,0.0001798224843883,0.0197792712762943,0.0009981762428301,1.0,0.0519287003520439,0.0003556545712581,10.138590203106332,4743,-2.240030162080826,0.6013072628350062,0.8198687042782896,81.52341257031716,0.0012136814447678,3.0831,52814970
1598227200,2020-08-24,5869,29855,1,0.0017337754794726,2196,7,0.066852021160427,0.2655413046075989,-0.2912420881490529,22,32,56.83290418366509,21.999543412567427,-147.88307706357594,-181.79354849213007,,0.8054560855152975,,399.0287296077849,,0.5306482807335021,8.107651100328464,0.9883939238777948,0.988521107584904,0.9979,0.9929485636928932,0.004311612227462,0.0076302666026171,0.972138494226786,0.3408847410306741,0.0001799875755495,0.0202250429173842,0.0066900148026239,0.9992928658879952,0.113001767468376,0.000352830817942,10.173794513545747,4755,-2.2121471537369284,0.6135039024728727,0.8474464568285041,81.86911906026083,0.0012133598456149,3.0832,52783258
1598313600,2020-08-25,5911,30010,1,0.0017180964910698,2228,7,0.0667429396341994,0.2643723959860093,-0.2947454403397746,22,36,56.90243799770666,21.71687332103001,-148.14515319800574,-184.20427390680135,,0.806261964949847,,401.4252593349733,,0.5328774744762259,8.092554578270757,0.9960811041063212,0.9904062848351486,0.9991,0.9976915687487116,0.0028618176042508,0.0051683085119446,0.9724721242095375,0.3404893554771288,0.000178111603812,0.0201645566466982,0.0035180214356424,0.9999999999998852,0.086536363106749,0.0003502053298056,10.153950262222974,4794,-2.230504395184345,0.6079211937136263,0.8391073299088205,81.53027003792798,0.0012021592628821,3.0853,53518144
1598400000,2020-08-26,5900,29888,1,0.0017174988004286,2231,7,0.0668168121062424,0.2629377522011423,-0.2961826151900159,21,36,37.18858761425355,-11.104658956015603,-161.8050587929974,-199.81658521335905,,0.8073659390239183,,400.1673795022499,,0.5340359274647939,8.078376212247829,0.9976315344273388,0.9901949775994004,0.9999,0.9987391877963308,0.0009949874371066,0.0026195716823931,0.9723006965677636,0.3400571517645331,0.0001779736059032,0.0201805326001863,0.0023302432408408,0.9999999999999972,0.0361886055587502,0.0003516308418074,10.131525423728814,4788,-2.227815836016702,0.6103089950726115,0.847292111232878,81.19488201871476,0.0012019925802056,3.0796,53398223
1598486400,2020-08-27,5910,29908,1,0.0017128364515512,2237,7,0.0667346932188966,0.2619455308548556,-0.2968085782392017,25,39,75.31818536158715,37.39528309438594,-140.64708239837285,-178.01419855910868,,0.8079702853421545,,400.8284570637677,,0.5343354009291521,8.073314440581058,0.998135593220339,0.9935693827659527,0.9996,0.9989603380746236,0.0019595917942265,0.0018302908527118,0.9721922641821455,0.3400406103245993,0.0001774016352237,0.0201336989897149,0.0005557945452981,1.0,0.0322389515042309,0.0003516859393888,10.121150592216582,4794,-2.252181317505449,0.6047879842455336,0.8313486369346711,81.06322288895186,0.001199094712937,3.0843,53658434
1598745600,2020-08-30,5939,29925,1,0.0016971125154689,2263,8,0.0671528739219091,0.2579806342946735,-0.301954608190332,20,32,56.80481631745389,21.467314936522115,-143.12045337499796,-182.2480310587435,,0.8107784296549368,,400.33077116319646,,0.5367189547377292,8.051049419487926,0.9915397631133672,0.9797161043335216,0.9984,0.9925809111523396,0.0036660605559646,0.0056679332861935,0.972261098520071,0.3379644658854742,0.0001760487710592,0.0196789992816828,0.003210530979225,0.99999999999999,0.0743331598265326,0.0003514544681936,10.077454116854687,4808,-2.232914657172968,0.6045593599812645,0.8293182713347274,80.58606810920386,0.001189463823947,3.1034,54306850
1598832000,2020-08-31,5956,30100,1,0.0016973055696997,2268,8,0.0672534197951382,0.2577167449946136,-0.3008665186950654,23,37,76.22424362019669,5.026554625576171,-135.62707811578042,-192.81326702491825,,0.810845641728329,,401.6136073887871,,0.5359705737679499,8.073562643200209,0.9994948644552956,0.9925317398501738,1.0,0.9997838383838384,0.0,0.001574528139914,0.9720224878602174,0.3380793566101142,0.0001754875742865,0.0196180653439738,0.0013260514808545,0.9999999999999996,0.0497605440401299,0.0003509816936183,10.107454667562122,4815,-2.221324629670088,0.6071925107046786,0.8336261550828616,81.06700363592408,0.0011898554245112,3.0943,54686470
1599004800,2020-09-02,5958,29893,1,0.00168450148747,2288,8,0.0680683511535072,0.2542742633113243,-0.3080293656036659,23,36,76.32920608861627,-11.229615413461495,-134.79030866615938,-199.98458254828375,,0.8135722689621966,,399.6711463253535,,0.5389107997933384,8.028509981263289,0.9931161853593016,0.978047591699682,0.9982,0.9893210833349272,0.0040938978980917,0.0094882387442285,0.9718065286102274,0.3363354022914646,0.0001744763418732,0.019326821480992,0.0053330555888082,0.999993726994197,0.0963938074693934,0.0003523367855145,10.034575360859348,4818,-2.2077489586096832,0.61640478371061,0.8616857572793848,80.04456793600816,0.0011818649478174,3.1031,54855175
1599436800,2020-09-07,5983,29999,1,0.0016763757202858,2302,8,0.0678790160311023,0.2538284571082478,-0.3068103098762904,21,34,38.3775465962178,-10.790133235761107,-160.92466994020708,-200.15610872482048,,0.8138873669295693,,401.3602594459932,,0.539777475537889,8.027577150664815,0.9944612286002014,0.9902760422453754,0.9985,0.9962275138827787,0.0045552167895721,0.0055653592349658,0.9716671260030102,0.3363415002221276,0.0001736051385679,0.0192449980349796,0.0014206078013249,1.0,0.0631381058012797,0.0003507704920698,10.028079558749791,4834,-2.2250884328985183,0.6177921496378688,0.8565755178506417,79.98333599587218,0.0011767599118492,3.1177,55307065
1599523200,2020-09-08,5946,29921,1,0.0016928923247268,2278,8,0.0681013827438737,0.2539117202814672,-0.3055531733072126,22,37,57.89712575481384,71.07920256476353,-146.8695474614972,-160.77554027664786,,0.8136964760650749,,399.1272037606437,,0.5383508243624336,8.058273404727395,0.9911415677753636,0.9902729801242756,0.9983999999999998,0.997021438878582,0.0036660605559646,0.0033922680203334,0.9713520028724638,0.336559352944739,0.0001750732329056,0.0193021534361319,0.0024284244309431,0.9999999999999996,0.0781690628211584,0.0003532662550093,10.064244870501176,4804,-2.233248538200077,0.6077821959766172,0.8421432551347927,80.606746871161,0.0011892754523293,3.1186,54668917
1599609600,2020-09-09,5968,30114,1,0.0016912725081783,2282,8,0.0682241450350226,0.2543298620640196,-0.3050009111807292,19,34,38.32159785923134,-10.347051369553398,-157.8509004054807,-200.2200238785248,,0.8134033438065541,,400.64546841716566,,0.5381691606275382,8.079166113301246,0.99983181971073,0.993204248907946,1.0,0.9999616161616162,0.0,0.0001706921277304,0.9714676952116956,0.3365934640955001,0.0001745777191934,0.0192204643101975,0.0007621655669569,1.0,0.0495753109531715,0.0003518642108788,10.091823056300267,4820,-2.209399088861677,0.6135719626297081,0.8602641700682763,81.04957381020775,0.0011883960442266,3.1168,55064132
1599696000,2020-09-10,5986,30364,1,0.0016950718482362,2288,8,0.0682476583044168,0.2541881006426282,-0.3042821440801728,22,36,58.75652039523229,55.9845267178716,-147.50215898043703,-168.44993474850918,,0.8134229210576371,,402.1093937728635,,0.5377191012525734,8.121597141191247,0.9998324396782842,0.993220394592878,1.0,0.9995252525252524,0.0,0.0039406239985837,0.9713218664423076,0.3368086890301083,0.0001741175125542,0.01917750663488,0.0023396302722438,0.999999999999998,0.0692779353791614,0.000351125912989,10.145005011693952,4838,-2.228164532392325,0.6118864881638824,0.8473482492461785,81.93818503550435,0.001191928029578,3.1229,55443424
1599955200,2020-09-13,5993,30443,1,0.0016955139251244,2282,8,0.0681511484431655,0.2546009058941973,-0.303192688864846,17,38,79.48150487456613,55.86994267808283,-112.48588803629148,-170.40343032381713,,0.8135246519888791,,402.56207660412497,,0.5367683678379518,8.14051406604592,0.9928165720013364,0.98907782805722,0.9992,0.9959896894465378,0.0030594117081556,0.0047684504216318,0.9712066343305042,0.3367950824983703,0.0001739979846749,0.0189936700964017,0.0021142831242753,0.9999999999999972,0.0675039690196442,0.0003513311558807,10.159519439345903,4839,-2.218930286239058,0.6176117891035733,0.8484614481392138,82.27928975761503,0.0011936985095558,3.12,55651467
1600041600,2020-09-14,5970,30322,1,0.001701813361216,2264,8,0.0681532859258416,0.2559742963387819,-0.3027387988522557,24,42,58.93638727138512,-8.502222482601148,-151.36679036456428,-200.1229100385896,,0.8127767428537345,,401.29676119189867,,0.5359867087283476,8.139695489152833,0.994827298514934,0.9923148570370272,0.9994,0.9981670995670996,0.0023748684174075,0.0017365539863753,0.9711940914284418,0.3370321908902495,0.000175038937678,0.0190424871692458,0.0015532358941378,0.9999999999999996,0.0537361148028386,0.0003522412087716,10.158123953098828,4815,-2.230531690576208,0.6179972832028596,0.8471354880759108,82.28899166099919,0.0011981683081493,3.1135,55177520
1600214400,2020-09-16,5978,30346,1,0.0016986045481695,2261,8,0.0677122916644977,0.2536863722627017,-0.3013993979807011,21,34,78.27452213817112,56.53982528247623,-129.0024977339076,-166.2974616765343,,0.8143116424019565,,401.8186184776104,,0.5355524753206542,8.147966411382598,0.9948073701842546,0.9920542808323376,0.999,0.9959195217480932,0.003,0.0058104787853652,0.9711045343604824,0.3370177077196361,0.0001750504955662,0.0189601567766411,0.0013977549171081,0.9999999999999996,0.0586544857666323,0.0003517483515723,10.152559384409502,4823,-2.213829148266058,0.6215611926512646,0.8556930948874525,82.33667520666073,0.0011979469028698,3.1059,55323363
1600646400,2020-09-21,5989,29862,1,0.0016653778420089,2280,8,0.0659765096546387,0.2482029362805059,-0.2945141303660425,25,35,75.39101946039384,6.935933653143657,-139.94013606215316,-190.76848970843943,,0.8185732469213222,,400.8593177119749,,0.5383611336595924,8.030694802830372,0.9889595182335228,0.9843396488599844,0.998,0.981617144727307,0.0044721359549995,0.0130751882390375,0.970543132006528,0.3355847794754734,0.0001738032219234,0.0188658459801889,0.0052143103216832,0.9999964742745489,0.2019037243533611,0.0003510324764903,9.972282517949576,4830,-2.222081105855961,0.6176041504610708,0.8433026260153837,79.73125181971001,0.0011760893617588,3.1186,55472122
1600732800,2020-09-22,5917,29283,1,0.0016730766132308,2256,8,0.0654317826465108,0.2457517171874857,-0.2938005471219373,17,32,78.0922796613323,56.02356179927625,-110.13944479470918,-161.23024235963706,,0.8202645585108648,,396.00325291622,,0.5391895620116594,7.979484043089653,0.9864752045416596,0.981279282730208,0.9983,0.991471300802996,0.0053018864567246,0.0076494100505892,0.970359707417153,0.335556656647838,0.0001756805721985,0.0191566025268239,0.0022805033835763,1.0,0.0982086673294603,0.0003553613382121,9.897921243873585,4771,-2.217774000824447,0.6186078178234431,0.8433416131132017,78.60388338646327,0.0011817411805655,3.1105,54150344
1600819200,2020-09-23,5908,29194,1,0.0016730778201825,2263,8,0.0655258191931868,0.2454962040549359,-0.2941970339462511,18,32,57.71715229287091,56.06995778469836,-134.15752053711398,-160.9371892139931,,0.820484939759046,,395.1853826675001,,0.5400515548450225,7.967711985580107,0.9969579178637824,0.9894086341283196,0.9993,0.9982538445681304,0.0025514701644346,0.0032820816211369,0.9702057870285988,0.3353747485748747,0.0001754946828321,0.0191460960748429,0.0015963894126021,0.9999999999999992,0.0324372620620131,0.0003562443328756,9.88287068381855,4765,-2.2118924024399287,0.6196726029039143,0.8499475353381747,78.37160980394813,0.0011815454624331,3.1237,54020701
1600905600,2020-09-24,5964,29510,1,0.0016595745303055,2271,8,0.0651669503204312,0.2454482321478857,-0.2932727129436728,14,35,57.51415613670829,39.32620168008816,-118.8449361069456,-173.2738266337409,,0.8207485272909644,,398.766931677482,,0.5387630158381891,7.984329265035424,0.9991536899119836,0.9923500063405032,1.0,0.9999252525252526,0.0,0.0003032389853843,0.9699663280091904,0.335230856911812,0.000174173047839,0.0188999001768269,0.002588993677706,1.0,0.0592321702728234,0.0003537772035037,9.89604292421194,4807,-2.2226153231616377,0.6139268967552174,0.8381742513857802,78.68860852732479,0.0011732248110221,3.1162,55156151
1601164800,2020-09-27,5981,29588,1,0.0016545146587381,2266,8,0.0652016909273149,0.2503195060222402,-0.2925431217946785,21,38,38.958822833073526,-8.274367838042796,-159.1005816766337,-197.7570568776977,,0.8183099683752432,,400.1276794703473,,0.5383926929166911,7.975757946662534,0.9922870556673372,0.989738584381454,0.9991,0.997634632034632,0.0028618176042508,0.0051087000663829,0.9702986748924998,0.3354153470026882,0.0001740026880444,0.0189074918514638,0.0019087663135363,0.9999999999999994,0.0524065083809521,0.0003517258253422,9.893997659254303,4819,-2.213847233424155,0.6220637012097419,0.8538881865977009,78.65550413860464,0.001168447921013,3.1095,55347735
1601251200,2020-09-28,5963,29521,1,0.0016607500699128,2264,8,0.065290670048334,0.2533729301837414,-0.2926673108266656,17,36,78.61931910837517,-8.439141037874705,-110.03844373015488,-197.5767589324694,,0.8163783496258382,,399.7647218999927,,0.5387718585199186,7.971431851064685,0.9944825280053504,0.9910601820225712,0.9998,0.9990556173984744,0.0014,0.0016304004687352,0.9705744013655396,0.3361219478881986,0.0001743262037896,0.0190765886867344,0.0014689593798103,0.9999999999999996,0.0406750057612937,0.0003521924681855,9.901391916820392,4801,-2.2110200601955343,0.623354722458689,0.853031799498804,78.67043232172419,0.001171256108156,3.1185,54963424
1601424000,2020-09-30,5958,29502,1,0.0016624682328084,2261,8,0.0652431663177509,0.2475327298278794,-0.2930469882333392,20,37,58.136486630915634,71.29135432971007,-140.3464737066736,-159.1974827408277,,0.8192690619064023,,398.9180157930657,,0.5388331439935277,7.978637212399885,0.9959751802783834,0.9857731780908756,0.9997,0.9979595547309832,0.0017058722109231,0.0043887524933185,0.9705135247190614,0.3356942767108564,0.0001746323606859,0.0190440952415564,0.0016047825864961,0.9999999999999992,0.0326374846971055,0.0003527282813968,9.90332326283988,4796,-2.224087278988008,0.6219292785272887,0.8488936957045541,78.70699404467081,0.0011734527941504,3.1069,54884685
1601856000,2020-10-05,5968,29864,1,0.0016772319248269,2072,8,0.0614871040222959,0.2864718694103097,-0.273856399894528,21,35,38.50082821380423,7.433878865375174,-160.4199039537705,-190.52583789789435,,0.7988410030528352,,408.579171309612,,0.5212501218573584,8.034006325409804,0.991272239006378,0.9906028771957393,0.9989,0.9972121212121212,0.0031288975694324,0.0069615983232241,0.9710312835354306,0.3432118187444956,0.0001798428683393,0.0207698684732348,0.0333106994718165,0.0025881944870056,0.1420404178669941,0.000342459467604,10.00804289544236,4813,-2.219036854835052,0.6197189479334231,0.8460199095851959,80.0356925625957,0.0011807983586448,3.0528,54088885
1601942400,2020-10-06,5940,29984,1,0.0016998859901705,1957,7,0.059836800794752,0.3041689716259755,-0.2603254717636769,13,31,81.93520532430661,39.70411841591976,-82.87389225544091,-171.61340708777854,,0.7891552970838084,,411.4005175531818,,0.5112050926769779,8.086224569021015,0.9914544235924933,0.9934828115274597,0.9993,0.9995527107812822,0.0025514701644346,0.0008608951920231,0.9713183795505896,0.3471981112436065,0.0001844511947119,0.0222724491018392,0.0173901661837318,0.3234962550302911,0.1100915319413798,0.0003376990251349,10.095622895622895,4783,-2.203784529325959,0.6278131490241233,0.8606985519531547,81.1969016595409,0.0011951996723687,3.0048,52914310
1602028800,2020-10-07,5909,29934,1,0.0017149058165292,1933,8,0.0598514154977652,0.3067954835985008,-0.2600680555070599,15,22,37.16336255222264,57.58553912521134,-149.14088349037658,-147.35306900344847,,0.7874614519560665,,410.01977107455485,,0.5093377981321622,8.110737922471628,0.9937710437710436,0.9936756852981784,0.9992,0.999595092519982,0.0030594117081556,0.00088381776768,0.9714677887715234,0.3478521330634849,0.0001859743296116,0.0223950247353532,0.0025041695798168,0.9999999999999988,0.0511143476281679,0.0003384634675192,10.131663564054833,4755,-2.206723257684433,0.6241784202554895,0.8509819379989045,81.72555691016693,0.0012056454157416,3.0086,52258996
1602115200,2020-10-08,5911,29935,1,0.0017138026811121,1939,8,0.0599949619562445,0.3057356679405504,-0.2605554859025097,12,26,59.40580659536383,21.85468117285817,-106.33204214671164,-178.62151214995006,,0.7880163906759682,,409.85775729052347,,0.50983711710761,8.110914924205627,0.9974614994076832,0.9932693490882624,0.9993,0.9990033395176252,0.0025514701644346,0.0018548689713069,0.9715287328696546,0.3475982687016639,0.0001857944341362,0.0223109649517352,0.0010737200441398,1.0,0.0277807274882299,0.0003387242725078,10.128573845373031,4758,-2.212582989427504,0.6217839052030892,0.8473295629967825,81.7104832405903,0.001205266083034,3.0138,52333155
1602374400,2020-10-11,5912,29886,1,0.0017104185700887,1951,8,0.0598545255992324,0.3074027282964224,-0.2605808696339902,15,22,37.46581573828499,57.53326770311174,-148.6274729264903,-147.22497287744218,,0.7867737602715998,,409.6529923436476,,0.511244218155486,8.083918134792864,0.994586364405346,0.9924474405327676,0.9987,0.9981497142687128,0.0036482872693909,0.0025558788424168,0.9716384001463167,0.3473640347707381,0.0001853455316972,0.0224961148938294,0.0021434888143455,0.9999999999999968,0.0541729268314583,0.0003379204130289,10.110284167794315,4757,-2.219631157228772,0.6192656703508516,0.8455808097689584,81.3140308765163,0.0012004830586456,3.0075,52250215
1602460800,2020-10-12,5924,29886,1,0.0017034955573798,1958,8,0.0597894843335131,0.3075281713022705,-0.2603240566335497,18,24,57.87241861245421,57.26677151286833,-136.3982840919593,-151.3179907883595,,0.7868772438321944,,410.9590665600419,,0.5119144387761211,8.066159853986052,0.9981393775372124,0.9929399498504994,0.9996,0.9991659039373324,0.0019595917942265,0.001420156137414,0.9717414560030362,0.3477603154005487,0.0001845431889608,0.0225013788817006,0.0016483029515038,0.9999999999999992,0.0444591802890603,0.0003370103014148,10.089804186360569,4770,-2.211534638415964,0.6191617034284566,0.8464645974049477,80.96813853342803,0.0011950392649272,3.0074,52451194
1602633600,2020-10-14,5963,29940,1,0.0016843215708543,1999,8,0.0598648680385443,0.3058561992097696,-0.2620913496522712,15,25,-6.8214842018255375,39.52110976999033,-199.87570574143032,-165.51098373895746,,0.7880564578860798,,413.1022313584563,,0.5149776691892763,8.02533541898267,0.9949358541525996,0.9916141671596128,0.9992,0.9973264031010716,0.0030594117081556,0.0058435513305156,0.9717857937705112,0.3472803415668828,0.0001820948975536,0.0223938196437198,0.0047173357921904,0.9999998595500496,0.084046929959603,0.0003355600225457,10.041925205433506,4810,-2.2190047850118773,0.6173434397468054,0.8419666793838017,80.16908717872542,0.0011803402058112,3.0061,53224804
1603065600,2020-10-19,6011,30095,1,0.0016661079756442,2020,8,0.0593496538596181,0.3062644074428448,-0.2588599740602582,16,25,15.467666423324149,39.79073347988074,-175.7073661087154,-165.69065472498642,,0.788043112114266,,416.3784321406212,,0.5159067140116782,8.005612783170617,0.9932919671306388,0.9906694621958954,0.9957,0.99674060513615,0.0066715815216483,0.0043777402876039,0.9723142797374832,0.3472298172002722,0.0001803796810351,0.0226785816226899,0.0023485647769742,1.0,0.0917179257112648,0.0003323686263204,10.013308933621694,4855,-2.2336090638715365,0.6131554174824619,0.8366980165284921,79.72215837000692,0.0011676047204573,3.0068,54018634
1603152000,2020-10-20,6012,30030,1,0.0016619564066012,2025,8,0.0592871962125197,0.3057597858975196,-0.2576046681281361,12,27,60.20477813441565,40.11543970766721,-104.4126327616248,-167.55201426277856,,0.7884492705778406,,416.28618422482674,,0.5166347751553879,7.987847994405877,0.9976709366162037,0.99179125920532,0.9984,0.9991794656006732,0.0039293765408777,0.0014154515862953,0.9723627290239176,0.3470935181767811,0.0001799823563344,0.0227586970424501,0.0015762851272998,0.9999999999999992,0.0370186261979922,0.0003322554188198,9.99001996007984,4854,-2.21671717708026,0.6217908615158857,0.8512112274877086,79.35708576666735,0.0011644453213122,3.0209,54024350
1603238400,2020-10-21,6018,29974,1,0.0016555507705458,2028,8,0.0591341023606135,0.3050581375846645,-0.2578639694385942,16,25,15.336579139349254,75.56624386474242,-175.4834037100485,-140.00930535039691,,0.7889586345659216,,416.5982028764418,,0.5169511691133873,7.968641678556066,0.9978376580172988,0.9920860990447392,0.9994,0.9972143475572046,0.0023748684174075,0.0053692734481981,0.9723941144367086,0.3470047031851179,0.000179652090463,0.0227603351423247,0.0008288507730302,1.0,0.0410415460205439,0.0003320236654154,9.961448986374212,4860,-2.231191654852404,0.6164712245614992,0.8339316888684211,78.93378400291361,0.0011600794000864,3.0202,54143222
1603324800,2020-10-22,6015,29953,1,0.0016560416937923,2021,8,0.0589039120667702,0.2753166706488414,-0.2594197291839021,20,20,58.03772903144514,58.03772903144514,-141.67150410610734,-141.67150410610734,,0.8047218759577719,,416.1953401224145,,0.5162464093408399,8.010890736381937,0.9970089730807578,0.9898177474023448,0.9998,0.9969947227375796,0.0014,0.002516083176827,0.9719781679579363,0.3468439173874008,0.0001798463111516,0.022608172355304,0.0008519744175619,1.0,0.0300307721887734,0.0003327192580384,9.959434746467164,4853,-2.21581220662696,0.6166559270240246,0.8409325629237834,79.06000486676969,0.0011676954311326,3.0016,54152817
1603584000,2020-10-25,5995,29413,1,0.0016370554596854,2020,8,0.056727251692834,0.2742070056761164,-0.2561743498895663,18,34,56.68495490663539,23.090911309391103,-135.33036098774238,-180.74353014877747,,0.8061968047387179,,414.47535830246,,0.5139533394833514,7.93649836125046,0.9896924355777224,0.9864963156734924,0.9974,0.986467563070214,0.0050239426748321,0.009197632401547,0.9717597339487358,0.3465555133726949,0.0001811197268954,0.0223914427945113,0.021101402734476,0.1351246693802497,0.1944471598318661,0.0003345579111597,9.812510425354462,4848,-2.228475573572619,0.618216306293177,0.8438571566748798,77.29649687845678,0.0011591378734932,3.0124,53877264
1603670400,2020-10-26,5996,29354,1,0.0016332267104953,2026,8,0.0566571107669971,0.2736407857000312,-0.2564211013262495,19,29,77.2465276970112,72.36477216693348,-118.9783763017476,-147.61144609094885,,0.806672521434952,,414.2322021887903,,0.5149763713063369,7.922580458856881,0.997998331943286,0.9909768304300052,0.9994,0.9969893630179344,0.0023748684174075,0.0061626243071392,0.9718574925595468,0.3462936470908977,0.0001807913806865,0.0224091525990565,0.0018677172048532,0.9999999999999988,0.0409764975371459,0.0003342909013968,9.791194129419614,4848,-2.243480146522956,0.6101384358491175,0.8329226226775217,76.96122802398797,0.0011566146952244,3.0127,53860557
1604275200,2020-11-02,5932,28505,1,0.0016203990302959,2170,9,0.0609827569156014,0.2480814522655075,-0.282253628575034,25,44,74.08936529096636,51.56437207604922,-136.2180663654043,-170.177649762989,,0.820566163670796,,397.8813596143217,,0.5340399654285776,7.79769211441797,0.9773182121414276,0.8910691349092759,0.9938,0.9730140880188378,0.0071805292284065,0.030476739504512,0.9709518282522056,0.3362632663673381,0.0001754643833841,0.019397417603433,0.0322558262037582,0.0039136685104986,0.2269123447998716,0.0003561753630005,9.610586648685098,4800,-2.22024046621419,0.6241223865265191,0.8541156411905078,74.63429185517309,0.0011479893720704,3.1319,54651602
1604361600,2020-11-03,5913,28286,1,0.0016183007235954,2180,9,0.0618654040138091,0.2431076939621206,-0.277613626445773,24,39,55.96636639381997,36.97764574812748,-146.7362973705959,-173.0083178645685,,0.8241408318337227,,395.1285001547719,,0.5359175610333244,7.780342458816671,0.9919082939986514,0.9866540411350128,0.9987,0.9949558798589728,0.0043943145085439,0.0058211294637934,0.9704578954570208,0.3350171362653813,0.0001752093056417,0.0190801873130954,0.0028676941751143,0.9999999999999888,0.0739468642814842,0.0003586349356837,9.56739387789616,4772,-2.2228340259961623,0.6195940341571783,0.8469737631364191,74.15426030893482,0.0011487369549605,3.1481,54425777
1604448000,2020-11-04,5939,28270,1,0.0016032538283143,2212,9,0.0617136579383644,0.2420953432603765,-0.2783860857903121,24,39,91.68693805326409,36.943893149300926,-119.88638402892816,-172.93198804891964,,0.8249129734011291,,396.49127852307146,,0.5388023191610135,7.742760102920386,0.9976323355318788,0.9919239031668556,0.9995,0.9991107400535972,0.0021794494717703,0.0020668519679246,0.9708170834666028,0.3346943979387646,0.0001735765778418,0.0190568809326197,0.0041175139084554,0.9999999993994292,0.0616321177475506,0.000356919481761,9.520121232530729,4800,-2.2229800836456617,0.6140767668860249,0.8477194973253285,73.41073965750242,0.0011373505925303,3.1414,54878963
1604534400,2020-11-05,5917,28011,1,0.0016004012230034,2340,7,0.0619988578423884,0.2401941870145502,-0.2781958049025086,20,41,55.29071990163558,95.95963255884293,-137.69967774632485,-147.03046327878354,,0.8257417578385325,,392.59256088500246,,0.5502625904651547,7.69309007627491,0.993938373463546,0.9604974307040978,0.999,0.9890613252236226,0.0036055512754639,0.0319920199197468,0.9708894176427142,0.332642458307241,0.0001703908225706,0.0189011663691573,0.0226750112823849,0.0928335912804927,0.0719142730542916,0.0003622150922773,9.467973635288152,4781,-2.2307034162934443,0.6138686696629478,0.8424485734029893,72.45006708356046,0.0011331674909065,3.1608,54859890
1604793600,2020-11-08,5934,27897,1,0.0015847676881223,2386,9,0.0613138246282575,0.2392716351578853,-0.2786291767354789,26,40,19.842967945155472,20.94613370362997,-173.7181033577743,-179.54963444555457,,0.8265287210442863,,393.3381711571616,,0.5541153491831182,7.642009533431854,0.9929018083488256,0.9816704554509956,0.9968,0.9950000571711556,0.0074672618810377,0.0071076575076462,0.9709136843302946,0.3323116703944114,0.0001669061889997,0.0189821493501269,0.005780730734263,0.9999571813343284,0.0835955695171814,0.0003602112944872,9.402426693629929,4804,-2.2335756475063504,0.614889544075782,0.8438192101946178,71.42610902997238,0.0011212796702063,3.1541,55051534
1604880000,2020-11-09,5974,27984,1,0.0015684910856806,2416,9,0.0612128444494294,0.2377080223628716,-0.2793022555167616,24,47,54.931342470918224,93.59739491303084,-146.1680879444234,-153.5562119288283,,0.8275298928292801,,395.4910500917923,,0.555914337182457,7.61669786808715,0.997809234917425,0.9902367660685512,0.999,0.9989648307182918,0.0033166247903554,0.0014691725144613,0.971106012315496,0.3318871099387611,0.0001650604259443,0.0189371162080004,0.002927019217869,0.9999999999999932,0.0645461870554992,0.0003590920163288,9.368597254770672,4844,-2.24140161781159,0.619308102666472,0.838618911732298,70.97316077303073,0.0011095081874177,3.1733,55947107
1605571200,2020-11-17,6136,28934,1,0.0015372289501003,2455,9,0.0612574213686872,0.239610303547905,-0.2788186393214622,28,44,90.03289060176016,51.72503578535367,-132.09370398786902,-171.05403660819215,,0.8265312696233348,,406.2801068581795,,0.5545042421909012,7.661449736209876,0.9794107800468698,0.984351977235245,0.9963,0.9931436656699544,0.0065810333535091,0.0062703066459075,0.9717479766021752,0.3319235444188981,0.0001627115403899,0.0191281639167893,0.002620929285487,1.0,0.1409835929619315,0.0003491839241587,9.43089960886571,4983,-2.226023615198192,0.6169904964916351,0.8497496843746133,71.9511947536897,0.0010874825876643,3.1674,58978113
1605657600,2020-11-18,6142,28955,1,0.0015353403208683,2454,9,0.061278947019001,0.2394753778705142,-0.2778056661249501,25,50,74.26830536435295,50.44518251521578,-136.41194669852663,-174.82942379031238,,0.8266344885672194,,406.3477806180194,,0.5542205518638988,7.659955902412063,0.9977183833116036,0.9902792326863976,0.9998,0.99872459286745,0.0014,0.0044345752733449,0.971556585889314,0.3316548185227068,0.0001626541294781,0.0190567504227808,0.0010639124382232,1.0,0.0307820308330649,0.0003487286368673,9.42852491045262,4980,-2.213328904249084,0.6233666734104242,0.8558993557803838,71.93171071822623,0.0010861743893012,3.1749,59068239
1605744000,2020-11-19,6160,29040,1,0.0015308607612553,2474,9,0.0612662132856236,0.2381465758737973,-0.278555451714371,31,50,39.40578093589847,21.2277239177482,-168.30531310342892,-185.97865811808148,,0.8273506688201446,,407.4303783203368,,0.5553088876172172,7.66120237523317,0.9969065450993162,0.9905449661659383,0.9995,0.9997674706246136,0.0021794494717703,0.0005662140191431,0.9715617848204952,0.3315649526511364,0.0001618238757112,0.0191558753517393,0.0020821087086147,0.9999999999999986,0.0382002562725734,0.0003484500390738,9.428571428571429,5003,-2.2199224277044207,0.6218787187357,0.8524958355986676,71.95403486041684,0.001083197821605,3.1614,59514289
1606003200,2020-11-22,6216,29182,1,0.0015107510682731,2520,8,0.0615455053478666,0.2362309433801399,-0.2782049007771038,37,53,7.87853979481264,36.37646266076087,-188.905510860895,-181.80314774854537,,0.8286755923142807,,410.8173168446091,,0.5582024357606282,7.623608299277345,0.9930194805194804,0.9877086159330596,0.9989,0.9956732220160792,0.0031288975694324,0.0071736760850135,0.971888180539642,0.3312995588829526,0.0001597832902226,0.0193892688589849,0.0039516789516789,0.9999999997650104,0.0930999180999028,0.0003456782088248,9.389317889317889,5046,-2.2459042275291314,0.6133370307161806,0.8412295331682734,71.3058735613006,0.0010673580149608,3.1776,60647053
1606089600,2020-11-23,6228,29220,1,0.0015068941179455,2534,7,0.0615179976483674,0.2360350370125405,-0.2786993013004349,29,42,40.19940363650849,23.04252755673253,-166.43349812203232,-183.3030070014952,,0.8288233927088272,,411.8472071953461,,0.5592939937198768,7.616210555590726,0.9966216216216216,0.990121451074916,0.9994,0.9991592661306948,0.0023748684174075,0.0011499445264307,0.9722621407683238,0.3314871382220971,0.0001594591922685,0.0194420826400847,0.0026158487141146,0.999999999999995,0.0432180735648853,0.0003436228318229,9.383429672447011,5062,-2.2374045374335885,0.6169451069153902,0.8477523552491568,71.19634263759849,0.0010641071993994,3.1577,60701662
1606780800,2020-12-01,6327,28868,1,0.0014425127825131,2676,7,0.0605818658207407,0.2207229746693728,-0.282814613369958,32,48,56.41201884958296,51.99550691692111,-158.20013619839204,-172.55770104296616,,0.8396989722277093,,415.22841003302256,,0.5713616251903956,7.454757870918485,0.9837829158638408,0.9683314878067092,0.9946000000000004,0.9840180894257108,0.0074054034326294,0.0098860518073618,0.9726655345034302,0.3289572970166629,0.0001532847825065,0.019574260126366,0.0162476897341515,0.3730904713194884,0.2705279054533807,0.0003422169186936,9.125335862177968,5178,-2.2591048554145985,0.6088881151555839,0.8404436786553902,67.74842705955479,0.0010218277572552,3.1932,63158915
1606867200,2020-12-02,6329,28836,1,0.0014400031640518,2679,7,0.0605208451360762,0.2207957545939807,-0.2829395839002554,33,47,72.04105255207786,154.65487050866034,-150.19402077015155,-130.0601490103124,,0.8397052525477671,,415.1644694760312,,0.5717034624312235,7.444159216117067,0.9984194721036826,0.9910362309330863,0.9996,0.999130735930736,0.0019595917942265,0.0012061475159114,0.972541365953138,0.3288020189951187,0.0001530298551703,0.0195139323852945,0.0007406430138881,1.0,0.0244920640592919,0.0003423673254248,9.112340022120398,5180,-2.254979154066004,0.6153922946828675,0.8466315101880124,67.55947338783724,0.001019824938008,3.1911,63231670
1606953600,2020-12-03,6327,28801,1,0.0014391648416641,2680,7,0.0604070158154503,0.2202711764912286,-0.2835989898198082,35,44,71.06403926685488,53.11050768383579,-153.13346671325988,-169.5947993806431,,0.8400119645238013,,414.9988298451932,,0.5719420487060157,7.439113056155657,0.998419971559488,0.9901154314299854,0.9996,0.9985755514326944,0.0019595917942265,0.0019797652250169,0.9725679796982332,0.328774424492334,0.0001531320641089,0.0195039766862939,0.0007127484071542,1.0,0.0236252085633677,0.0003424810724314,9.104156788367314,5180,-2.246256353374541,0.6171025386349682,0.8544516826212223,67.45342857857733,0.0010193476694847,3.1883,63192351
1607212800,2020-12-06,6352,28820,1,0.0014287997645702,2692,8,0.0602017108842011,0.2185724849200329,-0.2833920248228384,29,49,73.70508603171228,66.04138192500689,-142.92588927703108,-167.34976712400882,,0.8411214330359663,,415.9674643144561,,0.5719637697736055,7.417926852634594,0.9936778884147304,0.9869712820939998,0.9984,0.9962495780442764,0.004630334761116,0.0040833645122824,0.9722879700508584,0.3282415407751046,0.0001519639036891,0.0195621096221835,0.0028882455304303,0.9999999999999906,0.0679825556698192,0.0003421727591809,9.074307304785894,5188,-2.2414439007404514,0.6206093761278476,0.851861202536668,67.05576007613163,0.0010119839246976,3.2058,63826651
1607299200,2020-12-07,6376,28917,1,0.001422835633626,2707,8,0.0603522989080852,0.2174248840449604,-0.2836638783461873,28,49,57.02497990248776,66.35324815849899,-152.67928392079784,-167.4861650625192,,0.8416381955922849,,417.2717006370384,,0.5724433214663349,7.412769945265246,0.9985831234256928,0.9904115378742986,0.9999,0.9990199134199136,0.0009949874371066,0.0017408216304094,0.972434195223607,0.328029151980878,0.0001512276440603,0.0196025991348906,0.0007628575672626,1.0,0.0403480937647005,0.000341221208206,9.070577164366371,5213,-2.2571771699073184,0.6083512768743012,0.8382478460208278,66.99401426479174,0.0010073580021577,3.1987,64354199
1607990400,2020-12-15,6413,29176,1,0.0014190607642636,2734,8,0.0608825460334238,0.2174299956643608,-0.2847377842785055,33,53,40.167403686386805,9.35772042999733,-169.45928731204526,-191.44046597511743,,0.8420816735633445,,420.2442927174226,,0.573962219748376,7.436778667304631,0.985414052697616,0.9841673404728668,0.9954,0.9928791975252096,0.0075392307299883,0.0057195749581822,0.9721587143150509,0.3284563951987269,0.000149926901543,0.0197569127046766,0.0037720881811392,0.99999999994578,0.1048723567893917,0.0003402501890231,9.099017620458444,5248,-2.230697414665776,0.6198321125567082,0.8557366414987607,67.39807520390482,0.0010052909899775,3.2007,65274237
1608076800,2020-12-16,6404,29184,1,0.0014234426925308,2727,8,0.0609366930823332,0.2174449155066058,-0.2850549078061641,29,44,73.95871899805627,83.57917239708728,-143.7634057154397,-157.3535055056033,,0.8418579786767018,,419.9118698107913,,0.5737435510802493,7.4463239924643965,0.9971932013098392,0.992177918949132,0.9999,0.9992848484848484,0.0009949874371066,0.0029365177361377,0.9723648034367643,0.3286590983109317,0.000150376540009,0.0198236125536733,0.0007076652641763,1.0,0.0233901351807739,0.0003403677527856,9.114303560274829,5243,-2.240927763237054,0.6150669211991936,0.8448414797911917,67.59400811459965,0.0010082013189653,3.1997,65043599
1608422400,2020-12-20,6401,28967,1,0.0014141833307295,2735,7,0.0608741079467971,0.2160366466398428,-0.2856362525315907,34,51,55.97749887462586,66.73143662032132,-160.67158465159088,-168.64279367666336,,0.8429892426184408,,419.3755818380574,,0.5757425461105674,7.396686544695274,0.9923485321673954,0.988375239322164,0.9986,0.9955388579674296,0.0034698703145794,0.0053276231725142,0.972375337817164,0.3283891020964877,0.0001498746147478,0.0199978440161507,0.004170715830336,0.9999999944874816,0.0749235387467369,0.0003408695761931,9.05077331666927,5243,-2.253759306850585,0.6083739650186193,0.836085026768506,66.64614972362934,0.0010008977254877,3.1934,65027465
1608508800,2020-12-21,6409,29014,1,0.0014129436036129,2730,7,0.0608353160195899,0.2172561095925068,-0.2858931333504418,31,49,40.30561892664893,96.32885974642004,-167.1884578751232,-155.86623645705367,,0.842433545604035,,419.7421024311093,,0.5755658368285139,7.398332174261715,0.9973441649742228,0.9917300202566576,0.9989,0.9990841475984332,0.0031288975694324,0.0024455322177852,0.9724664803559456,0.3282654694163878,0.0001498683038132,0.0201346180808873,0.0010051431102211,1.0,0.0374344204146245,0.0003401077216575,9.054142611951942,5256,-2.263591241896509,0.6047778321180298,0.8273960993885496,66.68709422317669,0.0009999040962152,3.193,65133281
1609200000,2020-12-29,6499,29006,2,0.0013736990386711,2834,8,0.0600927184031894,0.217423295530438,-0.2867769826451804,25,44,74.79954675980397,83.21896618929439,-133.98125856732682,-156.54600554750203,,0.842629259967342,,418.5509685326119,,0.5828754999650843,7.291993410144508,0.9798720549227647,0.9835548786116496,0.9972,0.991022181843684,0.0049152822909778,0.0079793194698655,0.9727574627836078,0.3228007219456707,0.0001477379665246,0.0202467701465116,0.0098088232833256,0.9109689291717749,0.1614589289166977,0.0003299445693555,8.926296353285121,5355,-2.2636262715760243,0.6078142810129294,0.8533661753814398,64.81357648078166,0.0009696289019815,3.1964,65880105
1609286400,2020-12-30,6553,29087,1,0.0013549237950275,2874,7,0.0598904753177564,0.2154740775171071,-0.2860126519595653,30,39,23.39743745350599,39.50718606991926,-177.22156936715538,-173.43919654570573,,0.8441861070447892,,426.5751980992017,,0.5850699855839216,7.260285864535246,0.998461301738729,0.9746428509671778,0.9997,0.993768872397444,0.0017058722109231,0.0496937169406995,0.9734242849782264,0.3262556238525105,0.0001431480937852,0.0200033898361155,0.0028260108429269,0.999999999999996,0.05843024083786,0.0003354874382832,8.877460705020601,5405,-2.279946928335442,0.6029436209287773,0.8416503609122894,64.18902937471351,0.0009567734406529,3.2134,68491741
1609632000,2021-01-03,6659,29457,2,0.0013288186190327,2894,7,0.0581763714395507,0.2241488199561642,-0.2907667687274317,25,40,74.82154636481303,24.07635410000466,-134.46257006836234,-182.67258829054785,,0.8387546229008532,,433.24479578907005,,0.5827942750156108,7.224021919235125,0.991454295742408,0.9900001687023416,0.9977,0.9961633807037344,0.0058060313467979,0.0053329901133055,0.973947804010576,0.3260670344111338,0.0001423174527502,0.0199695227826349,0.0041135586101034,0.9999999943485274,0.1469808699048352,0.0003284959192138,8.847274365520349,5502,-2.266326067718752,0.6061713083779618,0.852613330058132,63.72317372827266,0.0009360624091607,3.2178,70431706
1609718400,2021-01-04,6669,29434,2,0.0013238018163348,2895,8,0.0579096985179272,0.2247070050817039,-0.2911914275969045,26,45,92.98763608469258,68.2885180092936,-122.89009836097443,-164.83484641450704,,0.8384472993817439,,434.10086021142354,,0.5824406670021177,7.208265043285379,0.9986484457125696,0.9894626926769472,0.9998,0.999121706864564,0.0014,0.0014095636935541,0.973965401236572,0.3262179799776836,0.0001421574304612,0.0199593530051222,0.0009713149429085,1.0,0.0354210761178789,0.0003279984289616,8.827110511321038,5510,-2.2986580000413386,0.5915463243751495,0.8191211160332506,63.43750492006039,0.0009322877099474,3.2103,70649657
1610409600,2021-01-12,6783,29742,1,0.0012930656128412,2953,8,0.0571972978919795,0.2207234478703672,-0.2935656896690671,32,46,56.772925839318034,113.085352763089,-159.42815872545123,-146.65379806794363,,0.8410026545963152,,441.2701724019054,,0.5834271380434094,7.169374609646367,0.9857549857549858,0.9829285674249522,0.9964000000000002,0.9918399883008496,0.0065604877867426,0.0085794320681649,0.9736890535794316,0.3260166390745329,0.000138404918915,0.0197437817345054,0.0023311168822004,1.0,0.119045728952838,0.0003254017289284,8.769570986289253,5606,-2.287465814680165,0.602593682078147,0.8440704386238176,62.724310317724935,0.0009108467036968,3.2405,73605354
1610496000,2021-01-13,6792,29773,1,0.0012909849678062,2951,8,0.0571674641148325,0.2214060578710993,-0.2937129067680549,36,54,55.92810083986413,23.931157498512345,-164.21064498100753,-188.09838374257856,,0.8405976313300126,,441.79915397224937,,0.5828442228861672,7.1661787956971805,0.9986731534719152,0.9927077637806307,0.9997,0.9989086373943518,0.0017058722109231,0.004601550828731,0.9736563491650564,0.3259739697279562,0.0001382580226747,0.019739606978545,0.0011640512630568,0.9999999999999998,0.0244277551080067,0.0003250636665341,8.767078916372203,5615,-2.302047390109537,0.5952354401565323,0.8300000603197013,62.69168251784449,0.0009091664747355,3.2148,73815624
1610841600,2021-01-17,6839,29745,1,0.0012721029763189,2981,8,0.0561380516304387,0.2204240784332802,-0.2949698379579654,34,48,23.276642713878577,53.568043033169474,-181.37681184717675,-173.78430662056343,,0.8414336543283228,,444.7276097250484,,0.5839073048929618,7.120797129423932,0.9914605418138988,0.9900414252114832,0.9976,0.9923253320072172,0.0051224993899462,0.0076599859523789,0.9735571280999784,0.3258696388053763,0.000136577163635,0.0196897252203333,0.0020096021380873,1.0,0.091065652528774,0.0003241233202426,8.698640152069016,5637,-2.296622783466108,0.599371189605508,0.8447078757116157,61.81959924627441,0.0008962552400177,3.2411,75076049
1611619200,2021-01-26,6992,30037,1,0.0012289828668241,3045,8,0.0539251588045699,0.2220928338335037,-0.2940915365456151,40,53,116.75768408843928,152.52212552086286,-136.7392085891745,-138.312426950132,,0.8411653439751828,,454.2510451139432,,0.5841220408112657,7.05190447475473,0.9809913730077496,0.9831461542994472,0.9931,0.9857170783879412,0.0089101066211353,0.0122966183066943,0.9732612035660024,0.3255417071460835,0.0001339889312377,0.0195068174432439,0.0034217034286129,0.9999999999977476,0.1741621113662712,0.0003165415290071,8.591819221967963,5755,-2.3050306545644084,0.5972864784690552,0.8414299234994901,60.468352490459125,0.000866735991089,3.2246,78371682
1611705600,2021-01-27,7016,30116,1,0.0012237988152119,3051,8,0.0536045407483811,0.2211278157669525,-0.2934865114928986,36,59,55.30239634318084,36.700701342991735,-165.10314130242313,-185.8236195278625,,0.8417144490867692,,455.7218530970145,,0.5836424072694087,7.0500549771707846,0.9979977116704806,0.9923935061905282,0.9997,0.9975462378890948,0.0017058722109231,0.010863518077039,0.973032224274494,0.3254759169060054,0.0001335587652887,0.0194750484052785,0.0010813792077735,1.0,0.0369391048639317,0.0003155902144667,8.584948688711517,5771,-2.3163342987174245,0.5948001497965173,0.834176977458314,60.40273667591811,0.0008635022237283,3.221,78933919
1612051200,2021-01-31,7042,30094,1,0.0012138905968091,3085,8,0.0534019325523614,0.2191710547589251,-0.2949363729255948,39,57,39.6311290855607,8.944940530596941,-175.92616259074444,-195.27185457314064,,0.8428815452059859,,456.4457126636533,,0.5860703181817015,7.022815809231739,0.9910205245153934,0.9865205008741084,0.9978,0.993939071761163,0.0050159744815937,0.0064156574810486,0.9736482814114812,0.3247860744823037,0.0001330029865212,0.0195374830966884,0.0044341379642004,0.9999997170776516,0.0769821533415705,0.0003132933012247,8.547003692132916,5805,-2.313705310613272,0.5926606439059291,0.8289806916637759,59.88761378809897,0.0008564317191161,3.2292,79260014
1612828800,2021-02-09,7296,30703,1,0.0011537207051212,3262,7,0.0528209979232584,0.2143312262464572,-0.2939294597724801,25,58,75.4669539198621,-90.52894978153908,-134.49169331486664,-234.0027490077409,,0.8463013323550316,,467.9031604316173,,0.592618774729225,6.929850202715095,0.9843794376597558,0.9811300043300448,0.9943999999999998,0.9935286858167196,0.0076576758876306,0.0047098216980461,0.9745085200797328,0.3213280286832971,0.0001269885051604,0.019249592932395,0.0097828209315535,0.8779214381029508,0.1766461849205345,0.0003055956187306,8.416392543859649,6036,-2.3176303982014206,0.5997040008874853,0.8461869142495615,58.28423317803836,0.0008138039062156,3.2637,85647282
1612915200,2021-02-10,7299,30713,1,0.001153147900783,3259,8,0.0528721086293743,0.213824736211783,-0.2938857572422975,39,59,40.05541424539629,8.917206994848051,-177.31509024248683,-197.53381840380956,,0.8466303598467586,,468.1425742521207,,0.5923526065560967,6.930541067760194,0.998218201754386,0.9876308400185344,0.9998,0.998830303030303,0.0014,0.0043533637970369,0.974415071030486,0.3213599647886204,0.0001269002425134,0.0192195058000566,0.0009935120888946,0.9999999999999998,0.0184417160606016,0.0003056614277579,8.415673379915058,6040,-2.317785933042087,0.5929910434799075,0.8415532749864348,58.27321413575996,0.0008135636823766,3.2546,85762320
1613260800,2021-02-14,7337,30787,1,0.0011439828811677,3275,7,0.0527576587281087,0.2135280392745025,-0.2933370865579838,36,58,56.19086378475288,51.37489581158351,-165.96984004055264,-181.92641565649444,,0.8470456348791139,,470.51843389388097,,0.592275777198839,6.916066840618904,0.9930127414714344,0.9860047896808026,0.9981,0.9964799019014042,0.0041701318923986,0.0051843429857763,0.9741960562259236,0.3213134336853139,0.0001262973095722,0.0190559587152314,0.0013662787109602,1.0,0.0571801682762971,0.0003042764952179,8.392258416246422,6061,-2.324090877653681,0.5899164318188032,0.8328604273722081,57.98166117456469,0.0008073667490476,3.2635,86705642
1614038400,2021-02-23,7729,31122,1,0.0010420944269746,3605,7,0.0503416837658999,0.2058642428840743,-0.2959149470192218,38,66,22.750705849824246,22.079508369539035,-187.57446496380248,-195.48701493880915,,0.8530426803096729,,487.86312912855794,,0.6078465799062914,6.662709188237874,0.987051928581164,0.9795429086592692,0.9952,0.9898814525966588,0.0069971422738143,0.0084887088330791,0.9750297181573656,0.3162212650962648,0.0001156441180437,0.0189303965486528,0.0197522300024548,0.104127670526361,0.3784669139924024,0.0002951811794833,8.053305731659982,6417,-2.3373634216794903,0.5932433074790378,0.8495833666662723,53.67610923258886,0.0007335166177302,3.3075,97651158
1614124800,2021-02-24,7740,31037,1,0.0010362962450997,3613,7,0.0500175817347604,0.2050608896344489,-0.2960116353721311,49,68,8.089171351752519,-5.923514899690801,-197.78010210382155,-204.91077878444776,,0.8536014089310195,,488.11277522963775,,0.6082523327203128,6.639095900825657,0.998835554405486,0.9876819999369028,0.9999,0.9977756338899196,0.0009949874371066,0.0033298428553512,0.9750705730575044,0.315930992588998,0.0001153567093811,0.0189270273884214,0.0008594096598501,1.0,0.0383906980756045,0.0002947788256981,8.019896640826873,6427,-2.3447287138918744,0.5896650201607619,0.8432712275365075,53.25595773212599,0.0007294153943528,3.322,97918411
1614470400,2021-02-28,7866,31307,1,0.0010120891751846,3683,7,0.0494404716250961,0.2033452092899176,-0.2960743822869455,39,66,38.70529816203826,22.28116134760089,-179.34283062851648,-195.99188554841544,,0.8548882146123403,,494.7437126010746,,0.6099955149138849,6.595857185600928,0.9935400516795866,0.9831910244161816,0.9984,0.9949157597434476,0.0041761226035642,0.0082321506195715,0.9752399814394472,0.3150824036078448,0.0001131783322932,0.0189640922088061,0.0032491913977731,0.999999999996537,0.0992141628084314,0.000290552998011,7.960081362827358,6538,-2.3417878336657125,0.589558671177218,0.8453496880733504,52.519963343162125,0.0007122093362829,3.3056,101228021
1615248000,2021-03-09,7878,32065,1,0.0010334379792018,3577,7,0.0485988629462354,0.2084324339973528,-0.2942684731688064,41,63,39.22629361680387,93.17489235578104,-182.48725846784677,-172.21512121140012,,0.8514837149257269,,497.9725695597068,,0.6001178327936345,6.740341071031283,0.9616069158403254,0.9798682779791652,0.9939,0.9924128733550368,0.0110358506695224,0.006857344200113,0.9733717244666692,0.3166615727311502,0.0001156663975302,0.0191137722189686,0.0137846824640217,0.4373447088748124,0.2027738418974732,0.0002858615945661,8.140390962173141,6504,-2.346463728272244,0.589353767797391,0.835236665917384,54.88880889503804,0.0007295010149168,3.2787,100397758
1615334400,2021-03-10,7896,32205,1,0.0010332229047278,3576,8,0.0487166296735783,0.2080543998437737,-0.2937238407947635,45,73,39.05984330691739,-18.487997042184737,-185.1349267034969,-212.46658610919604,,0.8516594321124024,,499.3989335077873,,0.5992416335620857,6.754268280122541,0.9972074130489972,0.9837569568593694,0.9996,0.9975348587920017,0.0019595917942265,0.0089785436011103,0.9731642990151742,0.3168441676471255,0.0001154516892462,0.0189500425730342,0.0015381798876637,0.9999999999999992,0.0324290027786843,0.0002855272289421,8.157294832826748,6512,-2.3309232360229704,0.5920425129349702,0.8376078665036124,55.123157259687794,0.000729603530238,3.2965,100959825
1615680000,2021-03-14,7909,32141,1,0.0010277823238835,3585,8,0.0486068126356727,0.207154118900532,-0.2899418282739412,42,68,23.59296451230369,-4.764382196228098,-191.57906575415527,-207.74509720954453,,0.8526237422536274,,498.7990439328353,,0.600077433859733,6.7407197267372325,0.9905015197568388,0.9754247123375293,0.9971,0.9937853838192572,0.0051565492337414,0.0051612160950808,0.972903125716544,0.3159441371538755,0.0001152280801231,0.0188286279227509,0.0010477431799895,0.9999999999999998,0.067630204159978,0.0002858434258341,8.127702617271463,6521,-2.3340644413145744,0.5952463218834022,0.8334498293850393,54.89683529585184,0.0007266851299152,3.2972,101471890
1616457600,2021-03-23,8319,33049,1,0.0009552087199986,3854,8,0.0466823889329465,0.1966714269307826,-0.2904083041687734,51,80,39.1910562365307,-7.115943040790235,-190.05669116525723,-212.17052850144043,,0.8603155465420483,,520.4413832057356,,0.6082170095080778,6.630770836485029,0.98419522063472,0.968728422119044,0.9951,0.9823727875469234,0.0071407282541768,0.0113013342141115,0.9728476189841558,0.3133737995121998,0.0001069625753223,0.0180497017118533,0.0104942519087059,0.7575268562187287,0.2336552135572855,0.000277112487649,7.945426132948672,6890,-2.348597962084744,0.5885139369979707,0.8337047216395037,52.83136488710534,0.0006775853018092,3.3264,113908723
1616544000,2021-03-24,8360,33214,1,0.0009505841625019,3868,8,0.0462607839806183,0.1967076384611195,-0.2905223878723708,54,82,53.343411105880286,-112.21158692629004,-185.5844443511315,-243.0955308072288,,0.8605446944555319,,523.3939644473804,,0.6080480661961953,6.638060183283731,0.9984373121769444,0.9865551157102944,0.9998,0.9987652442795298,0.0014,0.0017580815882974,0.9726047892882038,0.3136028134022072,0.0001065822842266,0.0181114648736476,0.0006026298247339,1.0,0.0350769064417467,0.0002757472834797,7.945933014354067,6928,-2.3557938922531614,0.5867086483801298,0.8282586207164517,52.89382416441944,0.0006751315628014,3.3382,115051393
1616889600,2021-03-28,8659,33871,1,0.0009035926578367,4087,8,0.0453489611464873,0.1906895175211764,-0.290326801552292,53,83,39.02273473495276,6.079297206891667,-193.15970429382648,-211.079958978577,,0.86470764461735,,536.7220658518401,,0.6152656218254988,6.553011922473313,0.994377990430622,0.9821604368171332,0.9967,0.995984632778447,0.0056665686266028,0.0057732644467398,0.9730962667214388,0.3104665782285715,0.000101526798567,0.0177189721109432,0.0094883438477873,0.8333765031790716,0.1589024004119967,0.0002679597284325,7.823305231550988,7190,-2.371607244831204,0.5852594356271801,0.822432741508522,51.47342833050386,0.0006419535829634,3.3538,123870065
1617667200,2021-04-06,8949,34933,1,0.0008724999204502,4209,8,0.0442885274476713,0.1857830048336686,-0.2881474175493815,60,97,-4.796716494707354,30.20447010547876,-216.3795173778487,-209.31133084504947,,0.8680146775867111,,555.7655654740284,,0.6146809738469082,6.558328416937128,0.9824460099318628,0.973834938936748,0.9938,0.989465583246732,0.0079724525711979,0.0108912271418471,0.971945136709192,0.3110448042113253,9.81719173536326e-05,0.0176930041807774,0.0034470137983146,0.9999999987709338,0.1346114076441745,0.0002596073942984,7.807129288188625,7419,-2.3369722238499877,0.5929885264657345,0.8533388830533752,51.37574404931164,0.0006217235463841,3.3568,132498868
1617753600,2021-04-07,8957,34934,1,0.0008709669039058,4206,8,0.0443033923451231,0.1856158235048773,-0.2881519143286701,58,107,-4.215541741333713,-42.89830401227573,-216.0712181116789,-227.7268030636775,,0.8682450571718004,,555.572427189139,,0.6141995027682299,6.55647610523742,0.9965359258017656,0.9809715086199124,0.999,0.9980034755295432,0.0041231056256176,0.0027463978325177,0.9718563312778586,0.3106593063633887,9.807137453500864e-05,0.017689914881304,0.0011884421706504,0.9999999999999996,0.0382450049742474,0.0002593148809486,7.800379591381043,7419,-2.3627091207270814,0.5911013782295124,0.8436111155227092,51.32681146560188,0.0006209602312139,3.3542,132679019
1618099200,2021-04-11,9059,35410,1,0.000863064684931,4263,8,0.0445156031494631,0.186737080183364,-0.2855934337951578,59,104,41.12202900631026,-5.8405373934002895,-198.6792366927093,-220.29459290502223,,0.8673692505960197,,562.5443290789032,,0.6145947971696406,6.559429804023576,0.9889471921402256,0.9769307891043086,0.9978,0.9938300080544558,0.0043772137256478,0.0067502603143053,0.9720207473709862,0.3110100741445256,9.70212015339734e-05,0.0178976998351814,0.0017026067178502,1.0,0.0803967017454501,0.0002560466807073,7.817639916105531,7495,-2.3743918041747083,0.587391256651767,0.8354709811357882,51.47530026064821,0.0006142892576997,3.3476,135595542
1618876800,2021-04-20,9104,35438,1,0.0008552289777969,4256,8,0.04421749467171,0.1845230233431079,-0.2860265716909316,56,122,26.73341500801688,-52.04322051305378,-203.97740362152527,-231.1189575997088,,0.8687579358213019,,566.00344115253,,0.6127892711541174,6.537059732944852,0.9762666961033226,0.9747105302903716,0.9938,0.9896516931470464,0.0085767126569566,0.0073345538293659,0.9715532792100968,0.3113701842555405,9.663342679668126e-05,0.0179936310796068,0.0037430612557281,0.9999999366765716,0.088737840646665,0.0002554342178638,7.785149384885765,7529,-2.3787476305238817,0.5879004574077178,0.8390228010348095,51.08510372760662,0.0006087882280835,3.3595,137258707
1618963200,2021-04-21,9114,35386,1,0.0008521009986986,4271,8,0.0441754951517364,0.1839191402460547,-0.2864149912247609,64,111,25.89283724002704,-18.253822345158284,-206.1306524581928,-223.5320940237214,,0.8691613292199883,,566.2203339702764,,0.6138265450861239,6.521391785045198,0.9981326889279436,0.9844850476988398,0.9996,0.9966249433106574,0.0019595917942265,0.0085681064121626,0.9715384663722032,0.3111465325190561,9.635089010862398e-05,0.0179635102627742,0.0014651844070016,0.9999999999999982,0.0256521283041397,0.000255424110222,7.765196401141101,7541,-2.3773875462976446,0.5866325653642764,0.8355281827282494,50.82643895995318,0.000606397517927,3.3587,137663243
1619308800,2021-04-25,9158,35145,1,0.0008381846244671,4320,8,0.0438220087088779,0.1816048120341756,-0.2867538862965004,55,107,71.20409896181296,-89.82198572251069,-182.89686746638324,-239.7275998109172,,0.8710049447581009,,567.4430986207103,,0.6171474533276783,6.45398157388728,0.9905639675224928,0.9812932590011192,0.9971,0.9948835100425676,0.0055308227236099,0.0055214260445297,0.9717251442814104,0.3103145458391478,9.532362915351653e-05,0.0180038052087282,0.0046993978818587,0.999950109902072,0.0998808952319317,0.0002545958692172,7.675256606245905,7592,-2.369443896667109,0.5849928602844405,0.8434340695123448,49.70416988683883,0.0005961075518524,3.3568,139115105
1620086400,2021-05-04,9434,36295,1,0.0008157011790483,4446,9,0.0417407874709952,0.1773745726212026,-0.2793847698326041,65,112,39.8643905264466,-30.81977456495254,-203.51093136203116,-229.2002096101048,,0.8741231710748975,,583.9063228525525,,0.6153496708613683,6.500955557430011,0.9822013540074253,0.9642320746719788,0.995,0.985351858156571,0.006855654600401,0.0092332225206848,0.9702225033937976,0.3099639813319407,9.250376865359892e-05,0.0177367709990386,0.00355502530818,0.9999999863667604,0.1567106620850735,0.0002490055140669,7.694509221963112,7793,-2.360427405948111,0.5982245178937748,0.8499126469407137,50.24508466937954,0.0005836368447486,3.3844,148499820
1620172800,2021-05-05,9469,36604,1,0.0008165751823161,4449,9,0.0413023462430693,0.1769356597101189,-0.2792371662596417,72,106,52.3735248416567,-54.80789184851345,-201.8680705880342,-235.8091596216485,,0.8742997669467333,,586.4208239389687,,0.6137534259257219,6.537365828519881,0.9980920076319696,0.985247560000018,0.9996,0.9986941249226964,0.0019595917942265,0.0015975994967181,0.969896618850752,0.3101481269567174,9.24872262057552e-05,0.0177651526696295,0.0024895515583213,0.9999999999999885,0.0586427177999984,0.0002479588576576,7.731333826169606,7815,-2.3819284811085573,0.5860952412948729,0.831709869371399,50.78314318743606,0.0005853286015353,3.3799,149552138
1620518400,2021-05-09,9590,37495,1,0.0008154764578068,4446,9,0.04082206206073,0.1755330513158408,-0.2774221900637505,54,104,57.39920901498944,-78.70326887188611,-194.77692534181503,-244.24352313910828,,0.8750189496772701,,595.6588047440677,,0.6090272743706193,6.620413662925549,0.9903896926813812,0.9825006181094106,0.9983,0.995312754305096,0.0040137264480779,0.0055005068034581,0.969296515373033,0.3110564152154073,9.224477807569504e-05,0.0175946809493731,0.0060954736112164,0.9937823351508042,0.1277573677389263,0.0002437620213944,7.819603753910323,7885,-2.357215286103858,0.5968614020146952,0.8476770434581287,52.03989921152346,0.0005866097318371,3.3685,152934683
1621296000,2021-05-18,9765,39312,1,0.000824622378454,4466,8,0.0403106625571451,0.1806398556602415,-0.2706818248520385,63,118,42.231456325052136,19.12930882290179,-209.93581862610975,-226.53745318944755,,0.8710653315554931,,608.0813829436922,,0.6023839308091194,6.80335409195515,0.9750782064650678,0.9722497236418992,0.9937,0.987606673822952,0.008325262758616,0.0078431595013409,0.9686345858137332,0.3118559513183407,9.188778120860878e-05,0.0172427016633882,0.0106543928300462,0.6364810399060447,0.2808137209832667,0.0002388020744695,8.051612903225806,7970,-2.350743698839241,0.6019764264423255,0.8357623344499485,55.24287446682915,0.0005948528899179,3.3432,158292282
1621382400,2021-05-19,9762,39199,1,0.0008227575334031,4463,8,0.0402711014689042,0.1804480073308898,-0.2707148405016147,57,110,42.64163055524277,-76.52215541225867,-207.3340964788906,-247.6338023997153,,0.8712519248658092,,608.6032799357002,,0.6027790350306728,6.785861784434977,0.9970302099334356,0.9877624763715874,0.9996,0.9978187177901464,0.0019595917942265,0.0035660671420072,0.9686559213364292,0.312217450763667,9.175411601043008e-05,0.0173003176118402,0.0016609751407618,0.9999999999999968,0.0305077118051569,0.0002391586167489,8.030936283548453,7968,-2.3365809985026,0.6037120399517194,0.8427778119837742,54.94676535339015,0.0005932410680927,3.3629,158384793
1621728000,2021-05-23,9769,38908,1,0.000815479677185,4456,8,0.0397409777307983,0.1812888041441243,-0.2707615572772039,54,115,57.90624844663323,7.118520282297425,-198.24182845262004,-227.8426192049964,,0.8710274993004936,,609.0876653017551,,0.6029140954351063,6.737562162026997,0.9893464454005326,0.983002425308607,0.9975,0.993884425997828,0.0049749371855331,0.0049037088267658,0.9689310691780276,0.3122378591117593,9.165236598103464e-05,0.0173844708305866,0.0024419551588424,0.9999999999999812,0.0741728897583172,0.0002389875672911,7.965605486743781,7977,-2.3426687732346263,0.600689699017033,0.8414862764093467,54.12931790496938,0.0005878629039721,3.3587,158622253
1622505600,2021-06-01,9994,40182,1,0.0008046857535115,4519,8,0.0393813548337872,0.1806356668489246,-0.2664884982179548,54,110,58.97991247816319,-2.3670133235109745,-200.94873699246267,-233.0142908441487,,0.8712046721856898,,622.4538093980386,,0.6000076850723284,6.80725767971282,0.985157129695977,0.970917794536486,0.9945,0.9847411641132552,0.0072629195231669,0.010195349004531,0.9688408189295172,0.3119008402936357,9.03258121489501e-05,0.0172711546073431,0.0046801957722898,0.999894227195774,0.1372116134866762,0.0002329485519324,8.041224734840904,8158,-2.343730531874289,0.6051707778653895,0.8470638075629606,55.265912211882274,0.0005816005664538,3.3415,165596866
1622592000,2021-06-02,10012,40394,1,0.0008060250783666,4517,8,0.0393564950473152,0.1811376141340251,-0.2667918105126322,54,111,59.28983340611919,10.172487209442018,-201.35284503812235,-230.71494174927275,,0.8709118234866453,,624.1673389934645,,0.5991252291946996,6.831594866973951,0.998198919351611,0.9880885453408984,0.9999,0.999549371263657,0.0009949874371066,0.0007854944488004,0.9688216464946235,0.3121972886182871,9.035495405323811e-05,0.0172587381069446,0.0015758756092648,1.0,0.037498288025941,0.0002324221651798,8.069117059528566,8167,-2.32714700859857,0.6070863903275345,0.8479139038580332,55.66171932189591,0.0005829886195574,3.3614,166160946
1622937600,2021-06-06,10130,41411,1,0.0008071787076037,4562,9,0.0389329766256833,0.1816183092430635,-0.2637131326408897,64,116,-0.9407985136207202,24.28321222488704,-232.7305874324246,-230.68031324690432,,0.8701396820836286,,632.6924274080271,,0.5964852083347731,6.921183845200992,0.9933080303635636,0.985021095510424,0.9982,0.9969281385281386,0.0038418745424597,0.0044534242307794,0.9683118882978056,0.3127742983778168,8.964307747712339e-05,0.0171671353194113,0.0037713283053425,0.9999995897996456,0.1333882854888023,0.0002293427546087,8.175913129318856,8251,-2.3528087402263176,0.6032333992963189,0.8334099080655871,57.20085580395324,0.0005850495764354,3.3646,169934577
1623715200,2021-06-15,10401,42776,1,0.0007909002832567,4671,9,0.0381639298125892,0.1827755849875711,-0.2626380773884068,63,114,46.560520942911495,-45.56389875585037,-216.9301190997258,-249.9235419811942,,0.8694227467180801,,649.456839490179,,0.5955416533216513,6.961537436385116,0.987166831194472,0.9766014601460146,0.996,0.9892323411370174,0.0063245553203367,0.007628349422577,0.9679935237092572,0.3126869132579438,8.747610207304822e-05,0.0171314654561819,0.0023583046394373,1.0,0.1299302320482723,0.0002231670142532,8.22536294587059,8467,-2.339052038046358,0.6082996101034934,0.8382080269444823,57.9272372571593,0.0005736784759677,3.3536,178999920
1623801600,2021-06-16,10419,42933,1,0.0007910625792907,4664,9,0.0384028506873612,0.1838361304687168,-0.2639455968836729,58,115,63.22041805517817,-57.27931720073268,-208.0509002221575,-252.98045504504972,,0.8686497775937541,,650.7325715649979,,0.5944142641665157,6.970152688700793,0.9960580713392942,0.985801073507416,0.9994,0.9976679859822716,0.0023748684174075,0.0034227974688844,0.967996228210614,0.3127600025135323,8.74229017908754e-05,0.0170232634055723,0.0014422243890976,1.0,0.0387135802491396,0.0002231435517146,8.241289951050964,8480,-2.3104622943722064,0.6175924671517742,0.8620816922805764,58.15792102466183,0.0005735149925173,3.3445,179867280
1624147200,2021-06-20,10564,43798,1,0.0007849980945899,4703,8,0.0379981432614547,0.1834762139789864,-0.263960562864495,69,108,76.55092592431765,29.37309163820096,-210.2747949320426,-234.5319622218659,,0.8689421672868729,,659.8698044214799,,0.5925354715530021,7.020200831828034,0.991553891928208,0.9817898798557674,0.998,0.9955960781813508,0.0042426406871192,0.0045352982173509,0.9677337427614798,0.3127949910107684,8.656860994204507e-05,0.0168602591927208,0.0027286458829057,0.9999999999995172,0.1026989038135983,0.000219771249183,8.291934873154108,8573,-2.3484280391484798,0.6085280954701674,0.8361806205967249,58.92189471750011,0.0005703806106887,3.3633,184703093
1624924800,2021-06-29,10788,44548,1,0.0007656258534189,4754,9,0.0376145180539086,0.1840395012585115,-0.2641372223552535,72,131,61.98735988244045,40.608621362329146,-218.59804916509,-237.0235951147699,,0.868954767403565,,672.4777998884521,,0.5905841319614732,6.998671173447647,0.9873154108292314,0.9734570069612842,0.9967,0.989650837854667,0.0060091596750294,0.0079235262919554,0.9679233667028644,0.3121432512200562,8.495400903216533e-05,0.0166517868054588,0.004447598176947,0.9999243939991188,0.1106114230446752,0.0002150612570642,8.258806080830553,8741,-2.347440596549375,0.6072880464125944,0.8419020262114146,58.52461226273651,0.0005565279901916,3.3534,192444337
1625011200,2021-06-30,10838,44732,1,0.0007617107623215,4777,9,0.0371805396801502,0.1842571997567141,-0.2626451905708802,65,122,16.866162537868348,-44.1816086073963,-234.27881879538563,-254.71515188235725,,0.868813628444979,,676.0570719836226,,0.5906587346929025,6.997402420291757,0.9980533926585096,0.9865774735936816,0.9996,0.9991667697381984,0.0019595917942265,0.0019934911640819,0.9681709720412494,0.312353902918039,8.477583522782306e-05,0.0168077313807296,0.0008119716103469,1.0,0.0385533248174714,0.0002134433870772,8.254659531278834,8783,-2.346845959649964,0.6082973563784403,0.8401249396839177,58.47484628364449,0.0005538409327882,3.349,193794592
1625356800,2021-07-04,10946,45126,1,0.0007533306283589,4829,9,0.0368425453151083,0.1851027373057607,-0.2607104461593342,60,116,31.84987962712724,28.910545353159225,-227.8699553881772,-238.98961187501635,,0.8683366190408629,,682.6319740778089,,0.5907509508244435,6.990331331198059,0.9944639232330688,0.9821248088300596,0.9981,0.9966491283548724,0.0046249324319388,0.0029731014660593,0.9682949999713734,0.3122752928086839,8.389286481825296e-05,0.0166794072189116,0.001518788049991,1.0,0.0647157562261124,0.0002116687759652,8.245203727389,8869,-2.3381004896309565,0.6131647615104465,0.840533866331157,58.40153717387677,0.0005477247540778,3.3534,197923134
1626134400,2021-07-13,11268,48798,1,0.0007687354089851,4894,8,0.0380309484410246,0.1902281381511312,-0.2552119925034261,55,114,51.144241243990216,10.80462551643491,-225.87218091659363,-251.8155319544305,,0.8639495283789729,,708.4940238908727,,0.5832834943155571,7.317739231663357,0.9834642791887448,0.9785335784952094,0.9936,0.9915167755293308,0.0079397732965116,0.0077560566597686,0.9685594645901756,0.314847976204465,8.331459887134663e-05,0.0163460514538663,0.0118935269478248,0.4088933298322976,0.4350246256820376,0.000203202729392,8.661341853035143,9069,-2.328974504414896,0.61685489139389,0.8409910452399361,64.32576242151126,0.0005611608802593,3.3149,208056476
1626220800,2021-07-14,11296,49149,1,0.0007704310237802,4900,8,0.0381593950853763,0.1904713115044208,-0.2550899788412059,63,118,85.64058404094587,62.14379938332478,-216.06715342222927,-241.52806338641275,,0.8637392103257328,,710.3399966805417,,0.5829351574613915,7.349321189132517,0.9986687965921192,0.9872302962761694,0.9999,0.9994848484848484,0.0009949874371066,0.0039400025429904,0.9685392394549982,0.3148867443127081,8.322522582349925e-05,0.0163267435256007,0.0021516407867651,1.0,0.0520853760203345,0.0002025055438347,8.702018413597735,9088,-2.309686967370227,0.6250823450412034,0.8488788885906312,64.9086899992848,0.0005625689840452,3.3136,208931848
1626566400,2021-07-18,11521,50747,1,0.0007647116617963,5005,8,0.0381619334719742,0.1900553013025696,-0.2542317150857308,60,114,105.14184825632954,39.63542966724271,-209.2757807845844,-249.688763493406,,0.8639846009196255,,723.9289809336874,,0.5825169351537066,7.440677502242587,0.995662181303116,0.9844575780407292,0.9994,0.9973031952174808,0.0023748684174075,0.0032211060404357,0.96888508460208,0.3146408532270747,8.172392743276823e-05,0.0161635283877527,0.0035908147654006,0.9999993802443206,0.1404949681736509,0.0001985585537711,8.80947834389376,9271,-2.321889183193896,0.620261961398878,0.8397459032066539,66.55138619446147,0.0005595144559657,3.3066,217314594
1627344000,2021-07-27,11765,53292,1,0.0007700963545275,5094,9,0.0395452330348377,0.1881332415222177,-0.2475248581489518,73,123,93.22719464370172,83.45990048590329,-228.2306248376292,-247.5018056806031,,0.8643631761382342,,738.9548727393137,,0.578798343897341,7.648647448205892,0.9697074906692128,0.9703243555901788,0.9925,0.987017693069241,0.0112583302491977,0.0076387001997973,0.9682554447641398,0.3145153031038374,8.061925681967171e-05,0.015802177562426,0.0075110868517671,0.8952880869611799,0.3139850129734217,0.0001948582550119,9.059413514662133,9412,-2.294931451157333,0.626818778737772,0.8531503139276542,70.49104630534099,0.0005656045132078,3.3176,226987475
1627430400,2021-07-28,11916,53910,1,0.0007594073326546,5210,9,0.0399835007106562,0.1864967530118872,-0.24890615965305,65,118,95.32222799593676,71.78444560496722,-224.016936301729,-250.29514263820843,,0.8653489262710157,,746.6586086762092,,0.5818510913483248,7.633464417291229,0.9983000424989376,0.9860077712934834,0.9997,0.9980402391259536,0.0017058722109231,0.0061526289346178,0.9690619278217312,0.313762595451563,7.923238642439264e-05,0.0160955099328641,0.0045450823279602,0.9996653691379018,0.0739459257727714,0.0001927948706018,9.04833836858006,9546,-2.2840986422279563,0.6353864263460408,0.8603102273650685,70.27952905492104,0.0005571553291845,3.3265,233158784
1627776000,2021-08-01,12089,55312,1,0.0007570150766329,5246,8,0.0400702457813528,0.1869257379805144,-0.2446282489245025,64,126,114.48233933438576,47.78536410949641,-218.57270618949485,-260.1767507735525,,0.8649430997285718,,758.8965306810334,,0.5792870069648575,7.717141190336412,0.9950486740516952,0.9829806373453696,0.9988,0.9955941455370028,0.0032496153618543,0.0076252993882551,0.9690325751468604,0.3143388394059125,7.861893193909439e-05,0.0161523788525664,0.0029013236866297,0.9999999995711442,0.1391230881869216,0.0001895963279293,9.150798246339647,9670,-2.292461141450504,0.6289351373701985,0.8487186738409171,71.87885385799575,0.0005561077117645,3.3073,239603654
1628553600,2021-08-10,12484,58202,1,0.0007469562642361,5373,8,0.0412341118283264,0.1843362124652576,-0.2435728048669294,68,133,85.16101193837747,91.62311205996828,-238.962650112315,-258.7255836399773,,0.866462692131615,,780.9460797126397,,0.5762540629980353,7.859309792383559,0.9846968318305898,0.9706421852853576,0.9963,0.9837331865360952,0.0065810333535091,0.0116549616753686,0.9687184877647296,0.3132341435142569,7.664406490124789e-05,0.0158166164030819,0.0043209713263815,0.9998214601797704,0.2218386892323701,0.0001837223688867,9.324255046459468,9949,-2.299846006993514,0.6287942565552097,0.8528860655593136,74.64972685058868,0.0005499028460122,3.3162,255484769
1628640000,2021-08-11,12516,58475,1,0.0007466272176807,5383,8,0.0412531303803015,0.1837611135955483,-0.2431094118597392,65,126,136.66460556847431,106.62614999589464,-216.9953682980176,-254.52913466128095,,0.8668972894494594,,782.8082651082917,,0.5762976858534435,7.87873128512024,0.9979974367190004,0.9826711369271304,0.9994,0.998022758194187,0.0023748684174075,0.0058007254161805,0.9686496059761994,0.3131783314446438,7.661551162425995e-05,0.0158124907357412,0.0011053074109357,1.0,0.0428722366418529,0.0001827814366595,9.344039629274528,9973,-2.2985304438350536,0.6241897855419706,0.8478257971070225,74.97724045476643,0.0005500496181022,3.3192,256262845
1628985600,2021-08-15,12720,59164,1,0.0007313873514639,5538,8,0.0413162305993621,0.1814518698356791,-0.2427704867714083,63,125,138.6829882676549,68.64001986295159,-215.33171299904475,-263.8087626995123,,0.868701805760502,,791.0334497263657,,0.5803548055813872,7.855576527220558,0.9904122722914668,0.9749111640718466,0.998,0.9924201085120083,0.0042426406871192,0.0087822256996328,0.9692104832704124,0.3113894225275919,7.490279813212988e-05,0.0155813003471498,0.0058702219649414,0.9806870632384695,0.0998598020948239,0.0001808594353965,9.30251572327044,10143,-2.297750398202524,0.6286643364501137,0.8451358866408408,74.48114358921399,0.0005393973016038,3.3472,265642725
1629763200,2021-08-24,13184,61029,1,0.0007022711104106,5760,8,0.0401053319227411,0.1801064534730095,-0.2400883520462687,66,134,122.15597574837588,109.28652499169569,-228.04499073042376,-260.88750459082473,,0.8703884444485961,,816.5580821788052,,0.5819100922014494,7.841595129958248,0.9849056603773584,0.9682558725515594,0.9943,0.9852195543697015,0.0073830887845128,0.010072053064893,0.969268995227556,0.3101102926640148,7.210095457306345e-05,0.0156614189834415,0.0031834852231787,0.9999999110768008,0.1362680893936483,0.0001752444232299,9.25804004854369,10501,-2.291941501980099,0.631311887584821,0.8577169378921352,74.00720349591238,0.0005193357476377,3.3625,286182705
1629849600,2021-08-25,13232,61184,1,0.0006989557794403,5785,8,0.0398010742435921,0.1796028092204326,-0.239924919829091,65,140,104.58647631481324,28.514571694480765,-234.7833383690985,-278.6502466301399,,0.8706496496463676,,819.432246807495,,0.5820385047434788,7.836038032102934,0.9982554611650486,0.9812626949523195,0.9998,0.9980359101216244,0.0014,0.0043392655877228,0.9692000473779124,0.3100710363608209,7.177179832073995e-05,0.0156640945018755,0.0009622891255092,1.0,0.0417377774973319,0.0001747955459358,9.247883917775091,10537,-2.3003848383704866,0.6366493043179572,0.8564875162584286,73.88048776662326,0.0005170296623386,3.3609,288518508
1630195200,2021-08-29,13492,62125,1,0.0006826151496765,5941,8,0.0388541852321635,0.1763662284774186,-0.2380582835679086,73,140,104.70629477897488,82.61364049739687,-241.68608537732132,-269.7240857992298,,0.8731055083193282,,832.6160432469139,,0.5842039248919729,7.826571774952879,0.9947097944377268,0.969895445048772,0.9987,0.9919775367816605,0.0039127995093027,0.0058955649910997,0.969228528152831,0.3089812067251694,7.02223191328617e-05,0.0157526585174056,0.0035472227529879,0.999995567595624,0.098987316950048,0.000172303415227,9.209160984286983,10761,-2.2987914181366755,0.6338449555151463,0.8524553424651562,73.4911538673113,0.000506354968451,3.3591,301047365
1630972800,2021-09-07,13815,63874,1,0.0006693970108322,6056,9,0.0383170254591257,0.1765327847304911,-0.2344363245257997,75,134,106.2450144581301,84.36092489333612,-245.6475262588491,-271.6887342284885,,0.8726823462743066,,855.2060164148564,,0.5820145000097887,7.859359244026514,0.987325822709754,0.9705796217356912,0.9942,0.9887526437092866,0.0081461647417665,0.0082592536147931,0.9687529496097702,0.3099344537066744,6.88619906462135e-05,0.0155448382997841,0.0028974315311206,0.999999993406515,0.1310369255158028,0.000167450302427,9.247050307636629,10986,-2.308530318832271,0.6345244895877071,0.8485097548374121,74.16103931263882,0.0004968838826035,3.3673,314571625
1631059200,2021-09-08,13758,63304,1,0.0006689322063985,6049,9,0.0384499593622487,0.175924905778069,-0.234657208265976,71,136,106.31781365297948,29.12201023272877,-241.9964986577356,-282.4223952639156,,0.8730969356485263,,850.8957665296288,,0.5832318794927674,7.8216438196957565,0.9958740499457112,0.979837913702483,0.9991,0.9973545248402392,0.0028618176042508,0.0047516390239087,0.9688210659127258,0.3096504410354669,6.89793778726143e-05,0.015519113298182,0.0017969842913624,1.0,0.0594992801740492,0.0001683134501924,9.202500363424916,10949,-2.302044286703405,0.6362758778814273,0.8463342669408838,73.4675238996641,0.0004961990325996,3.3629,312195095
1631404800,2021-09-12,14138,65793,1,0.0006583615362361,6155,9,0.036339227402556,0.1815933086233066,-0.2163555477857213,60,139,127.55752081104482,127.24035737435642,-228.65119235600048,-267.7273272683407,,0.8694099362836982,,883.8189226495666,,0.5799288302211293,7.899280838907788,0.9934583515045792,0.9783962420325988,0.9982,0.994761530304093,0.0040938978980917,0.0071044402581846,0.9695565340452597,0.3129711197215144,6.765224660387685e-05,0.0169124898267061,0.004265227617102,0.9995347508624954,0.16790056340582,0.0001618581163426,9.307257037770547,11253,-2.2946338691982446,0.6383915497512543,0.8537341267604761,74.84974425410334,0.0004883515634458,3.3213,327038033
1632182400,2021-09-21,14444,67118,1,0.0006434637882551,6312,8,0.0353614511360729,0.1787353257996635,-0.2121756605703794,76,134,91.57730310629644,60.45748877590553,-257.7469392108964,-283.22237001182936,,0.8717215928469655,,900.4899053244478,,0.5804831398123077,7.91458433879087,0.9876220115999436,0.9688673186588868,0.9967,0.9873690054341012,0.0060091596750294,0.0078261977671912,0.9692490724812036,0.3121123017649408,6.598913889955811e-05,0.0166564824392727,0.0016763195747546,1.0,0.1135635604244816,0.0001591052173644,9.293547493769038,11488,-2.312402152273689,0.6340629376916885,0.8508200387317022,74.87932941781364,0.0004790581242276,3.3307,342358775
1632614400,2021-09-26,14046,64882,1,0.0006577787158878,6165,8,0.0382712903471413,0.1725362170078975,-0.2280359279063161,71,141,107.47974526672076,100.00714888867768,-244.52250626253155,-271.88971757880586,,0.8756650640241682,,866.6315181938918,,0.5814672964311592,7.883372529088825,0.97071448352257,0.95926727394134,0.9952,0.9857582301024128,0.0076785415281809,0.0096493995652579,0.9685272034478984,0.3089064182298709,6.747771676384579e-05,0.014982102546831,0.0020833749834828,1.0,0.1364808267553595,0.0001659146857082,9.238502064644738,11136,-2.309333652534598,0.6327240823349917,0.8452013899506671,74.3555573493728,0.0004904167493941,3.3759,326977949
1633824000,2021-10-10,14112,64810,1,0.0006509170649102,6138,8,0.0320473363640732,0.1440751066189702,-0.2174237366421701,75,160,94.93097143846389,82.82587758260166,-251.46488229748732,-278.58750008437977,,0.895487998345342,,866.9940345072674,,0.5777535107668846,8.010398573225618,0.9489534387014096,0.9259477930267312,0.9828,0.9502974555037708,0.0128903064354576,0.0187593042696688,0.9657215560055088,0.3075898447698328,6.771327316591433e-05,0.014829371447868,0.0072014050529795,0.8560216974816703,0.3239463555606085,0.0001659792914196,9.185090702947846,11089,-2.304730880767385,0.6414366734543416,0.8363228391347638,74.6990952861984,0.0004971273994387,3.3926,331190210
1645488000,2022-02-22,18152,74572,1,0.0004526689927615,8734,9,0.0221546726727475,0.1085957840948229,-0.2025969224642596,102,200,110.63287853053922,89.24690937806807,-274.3850695609237,-300.8755238205785,,0.922010273213434,,1080.5463449005488,,0.6131329001498242,7.393956345609952,0.8515447845804989,0.8640271820868062,0.9277,0.8712629812557122,0.0257237244581728,0.0292542096274945,0.9668083816049414,0.2979316503268566,4.875476219936989e-05,0.0139193741262583,0.0458255819589478,6.290009171740507e-15,1.043713254363023,0.0001351383186351,8.21639488761569,14487,-2.350138361846128,0.6481982604747301,0.8366359284717229,61.669278465546405,0.0003524242191704,3.486,566595457
1645920000,2022-02-27,18879,81414,1,0.0004568715557759,9275,10,0.0272244169179711,0.1127180478560481,-0.2056325316314236,88,202,93.0064259065586,132.12904594123034,-287.27746868194,-306.74809063548,,0.9180904298212014,,1123.5833135434289,,0.6187556800353673,7.661213587998517,0.9968598501542528,0.983834595870089,0.9992000000000002,0.9977193224056258,0.0030594117081556,0.0024685313163295,0.9693017964965472,0.2978707717186011,4.655729640422889e-05,0.0139794096728233,0.0103967354811909,0.2679973761321845,0.4587576594521521,0.0001298687579368,8.624821229938027,15123,-2.34710672945016,0.6477618291821102,0.8420548362216373,67.3600840618287,0.0003530171786235,3.4781,612613480
1646697600,2022-03-08,18991,82682,1,0.0004585304382838,9315,10,0.0277638144714065,0.1126176265776542,-0.20537999594196,102,184,130.43635168117612,160.5742694568998,-282.7889646359481,-300.6294284461737,,0.9179313014752232,,1131.5314968593607,,0.6178466609217519,7.722040724996397,0.9909952857672546,0.9777585351684503,0.9978,0.9930299914780032,0.0048124837662063,0.0080998152980529,0.969027098891611,0.2982091296281476,4.640724470515721e-05,0.0140301019588557,0.0020822266824397,0.999999999998226,0.1015504739116816,0.0001288191479338,8.7074930230109,15194,-2.3275438390419385,0.6503422138125001,0.8496922137193139,68.55944168868496,0.0003541403053836,3.4796,618871872
1647129600,2022-03-13,19016,82245,1,0.00045490844805,9330,10,0.0270206411958609,0.1113574681937491,-0.2043202780036521,106,196,160.51517775137495,235.062836927678,-274.1781241747577,-289.17062065705585,,0.9188392875455016,,1131.5297657602894,,0.6184386820455879,7.681188403458793,0.9912590174293088,0.9789433624053157,0.9947,0.990150737758396,0.0063960925571789,0.0099043909516607,0.9687926597419856,0.2978149005983741,4.628993320107302e-05,0.0139537818443602,0.0016129354898686,1.0,0.0743785439450261,0.0001288260377369,8.650084139671856,15208,-2.3337377640627466,0.6532302754095747,0.8484807555880921,67.71395751397766,0.00035152401345,3.4864,621073869
1647907200,2022-03-22,19152,82477,1,0.000449735595145,9432,9,0.0273921288347434,0.1112852654484681,-0.2041605753214602,105,194,145.53392794539113,159.68119229859911,-278.7275763631241,-302.3019644316501,,0.919198190772558,,1135.440061856719,,0.6206960416453582,7.648199235444998,0.9893247791333614,0.9689929045155744,0.9963,0.986044595970222,0.0062697687357668,0.0082688711318606,0.9689570364239436,0.2967204300769075,4.587952514806692e-05,0.0140130545930071,0.0029800565429841,0.9999951890209114,0.0805275353578348,0.0001278990146788,8.612886382623225,15340,-2.343227220517022,0.6473802080676179,0.8455567379196968,67.17001072607509,0.0003473025174961,3.4975,629566370
1648339200,2022-03-27,19154,82718,1,0.0004509555426733,9409,9,0.027923571386448,0.1121006370614046,-0.2047794310736128,85,193,147.78131425302288,147.4114689648937,-266.4475729950024,-304.75671102846854,,0.9187088714310396,,1135.252700232394,,0.6204201084782832,7.661337950165366,0.9920112781954888,0.9763009728610836,0.9978,0.9948787543008456,0.0043772137256478,0.005178168478155,0.9689617383411098,0.2966413820901304,4.588909140587467e-05,0.0140311987476665,0.0010954171827536,1.0,0.0514073526547486,0.000127805476675,8.637151508823223,15334,-2.3311087221700446,0.6502027194042018,0.855751802361993,67.49777920723393,0.0003479529719992,3.4935,629340522
1649116800,2022-04-05,19112,81984,1,0.0004489206159805,9427,9,0.0279058344860722,0.1075264399136718,-0.1989024919420773,102,206,96.20143922803268,182.84089184783065,-292.67709196866195,-299.78846491293365,,0.9217883900068664,,1127.985113070427,,0.6209389086120719,7.625473609321397,0.9811005534092097,0.955514100015136,0.993,0.980818132141954,0.0074161984870956,0.0135215960060566,0.9668976270428388,0.2953907297432503,4.566844880500369e-05,0.0140701185844181,0.0018047415731485,0.9999999999999998,0.0905913266370854,0.0001294701701889,8.579321892005023,15283,-2.3453262941908477,0.6500633856251384,0.8408649263828474,66.70095716547071,0.0003468394776225,3.4967,631671626
1649548800,2022-04-10,18666,81087,1,0.0004654810152752,8974,8,0.0279765720186256,0.1096498846367866,-0.1948408703938885,113,214,176.8831358656759,109.42468629418838,-271.0607176082461,-311.8470193482081,,0.920315301440586,,1104.5429152593429,,0.6117823780788061,7.718768604577914,0.9658853076601088,0.9699813830035432,0.9908,0.9858664234276632,0.0193742096612997,0.0158037653840362,0.9648792470996636,0.29617223956123,4.757243002386677e-05,0.0137930623477135,0.0126029773143694,0.0987494738267821,0.1602006177012585,0.0001318221419139,8.688203150112503,14819,-2.328804490614654,0.6555126889180988,0.8464893332937005,68.35898396202448,0.0003601338076753,3.4911,599909612
1650326400,2022-04-19,18726,81229,1,0.0004633127555028,8981,9,0.027985167600728,0.10994573848462,-0.1952785681238875,115,211,178.89127576093637,170.34013757334844,-271.6568415747981,-301.7870472683801,,0.9200421565042262,,1107.3778583677704,,0.6110484882842112,7.700675867895816,0.9836065573770492,0.9653297148697706,0.9922,0.988436440635216,0.0086694867206773,0.0098399795127347,0.9645202200907184,0.2959798154573765,4.734291784967732e-05,0.013638952273425,0.0014243539777631,1.0,0.0717512007998156,0.0001316720227884,8.675531346790558,14845,-2.329328585134131,0.6480556646305842,0.8466287441719687,68.13258850474364,0.0003580123800011,3.5009,604694316
1650758400,2022-04-24,18812,81717,1,0.0004618442665677,9000,9,0.0280270521586233,0.11089686560437,-0.1955771049806169,111,215,211.6599250812677,168.35729483386504,-260.57188738478715,-303.7123143889307,,0.919377475836656,,1112.1771331386788,,0.6105382144430888,7.706107839744861,0.992096550250988,0.976703893359266,0.9978,0.9938170556288743,0.0052115256883181,0.006929086995457,0.964576134069524,0.2959027461255349,4.7240642228132927e-05,0.013543146419277,0.0010775320512886,1.0,0.0566537741844231,0.0001308280195383,8.687752498405274,14918,-2.319442813465045,0.6564901342166255,0.8521420982096517,68.28299062298929,0.0003566639970377,3.5264,609301311
1651536000,2022-05-03,16052,79924,1,0.0006204059596169,6169,10,0.0297079143643351,0.1383155310084345,-0.1867676891729555,109,223,149.3188546373653,192.49956295904707,-279.14883117559685,-302.9071711122686,,0.8997898890331834,,986.7591007186304,,0.5401397791905318,8.757170317013308,0.8352115670848395,0.9671079624184334,0.932,0.9911383877975828,0.1692099287866997,0.0081630364976004,0.9508187770052418,0.3077522987017039,6.350513923362168e-05,0.0134242286466305,0.0940282906833887,4.2878049895287844e-67,1.2880859405528593,0.0001445647225281,9.95813605781211,12114,-2.2512217165226667,0.6714003568853792,0.8385724944849227,88.93916786247637,0.0004835826988551,3.372,425003873
1651968000,2022-05-08,15845,79229,1,0.0006311856154464,6048,10,0.0299348819309942,0.1388167202911346,-0.1811338977201894,95,221,149.89440697405598,145.1214733636266,-271.2062738237418,-307.9546028053656,,0.8994331772883509,,971.3961201863184,,0.5374350204827743,8.794461524267085,0.9756416645900824,0.9611349438123172,0.9943999999999998,0.9906214656391502,0.0094148818367518,0.0076040274017047,0.949519307299945,0.3069270035924338,6.472226886191901e-05,0.0129345735084265,0.0033584090896759,0.9999891728318416,0.1289059295063614,0.0001461032504682,10.000504891132849,11906,-2.24503051814576,0.6739408232163415,0.8455878115276568,89.66161887651978,0.0004922610693953,3.3717,413068362
1652745600,2022-05-17,15845,78866,1,0.0006282937402692,6018,10,0.0296908867757022,0.1369851071294627,-0.1801567778878641,92,230,199.7778285394667,133.03165182193194,-253.27081109555556,-310.34375880404946,,0.9006980193068305,,968.4267483846972,,0.5377229743986879,8.761408044845924,0.98295992426633,0.9596397914703704,0.9952,0.988748700244497,0.0076785415281809,0.0076540209336709,0.9490349350281214,0.305988803485816,6.476065177094304e-05,0.0129400412634412,0.0018933417481855,1.0,0.0921426317450309,0.0001460465434543,9.95468602082676,11901,-2.24539722486294,0.6776785159042494,0.8431232769570088,88.85611732017793,0.0004901721506375,3.3744,412705259
1653177600,2022-05-22,15888,79127,1,0.0006269653927337,6066,10,0.0294030982589083,0.1365530333031274,-0.1804341877424562,103,231,117.7294263529906,166.72686066702212,-283.97053746562614,-306.5950865207409,,0.9005523966917152,,972.69573363483,,0.5386330934033015,8.762598754540214,0.9906595140422846,0.9672624144273464,0.9951000000000002,0.9923845355511776,0.0065566759871142,0.0082162646228152,0.949663618701982,0.3065037178656082,6.444881034564777e-05,0.0130496175303361,0.0018098724838463,1.0,0.0582715169010661,0.000145271300772,9.960599194360524,11940,-2.2504774161427834,0.6749373265402515,0.8366904602660163,88.88040870739691,0.0004889197890474,3.3695,414179771
1653955200,2022-05-31,15947,79552,1,0.0006256772215432,6063,9,0.0294361288730707,0.1411262739334417,-0.1806350645881085,105,225,149.31569516427734,144.06155125127492,-276.83213727145164,-309.28466930455227,,0.8977018042205447,,977.5801933738944,,0.5379245049738216,8.761815053396969,0.9857124874118832,0.9610528402585984,0.9966000000000002,0.9893827991677772,0.0058685603004484,0.0077185606151588,0.9500755728026148,0.3069011503062513,6.437812205883663e-05,0.0132172454258862,0.0020513846817987,0.9999999999999972,0.0834172672683439,0.0001443489700391,9.977048974728788,11982,-2.2518096416404423,0.6722210494520684,0.8375632079272746,89.02706629054995,0.0004870609861224,3.3512,416430787
1654387200,2022-06-05,15855,78577,1,0.000625201972095,6032,9,0.0292259031204661,0.1401007131841743,-0.1822215362666487,100,217,98.77584733920447,96.31258589612858,-287.18661234422814,-312.56523061641354,,0.8985119763905552,,972.0625273128916,,0.5387765146629243,8.711142897251193,0.992161535084969,0.966696026702028,0.9982,0.9939067685055905,0.0047707441767506,0.0058224872560822,0.9501768237526462,0.3069392688387905,6.464007278121763e-05,0.0133125954799492,0.0017731749665801,1.0,0.0849740182203257,0.0001453094142039,9.91195206559445,11945,-2.242923968825636,0.6758613648101747,0.8469926960821674,87.89194886997555,0.0004866889702911,3.3783,411943278
1685836800,2023-06-04,14910,62245,1,0.0005600261528479,6523,9,0.0271226361628379,0.1173835217819524,-0.2089871908573221,74,148,37.62967920698212,74.70686598071333,-267.8280642511978,-272.07555818867763,,0.9157757089364904,,909.0257645813005,,0.5885013507989328,7.419693890852009,0.6475559760327972,0.7549488277257881,0.7793999999999999,0.7897346152556033,0.0475777258809203,0.0410683497543927,0.9586693735567292,0.305190150408724,6.208452531514e-05,0.0155044875267323,0.0614152908621707,1.226509657542743e-25,1.5983823470625345,0.0001616193759154,8.349429912810194,12044,-2.3389115711831425,0.6395872640613868,0.8442714204974389,62.4943321448971,0.0004308331277655,3.4319,378008294
1687046400,2023-06-18,15197,63524,1,0.0005501494516094,6725,9,0.0269421869396928,0.1144805717403842,-0.2033872722417857,86,167,105.8446189963611,140.722186075487,-248.9521933775245,-265.2010871879952,,0.9172021192487624,,925.9620960950662,,0.5904322646399514,7.4265860864630815,0.956338028169014,0.9553438137340392,0.9885,0.976283770717896,0.0116081867662439,0.0129421346978079,0.957934555962644,0.304998862794228,6.043726541570677e-05,0.0156929507631838,0.0036949472051099,0.9999454002944658,0.1181919090159038,0.0001592582922145,8.360071066657893,12231,-2.328797058090927,0.6466757553879147,0.8528714849714003,62.55689230744755,0.000423145802543,3.4401,394008649
1688256000,2023-07-02,13061,57692,1,0.0006764348651216,5643,10,0.0316240858117263,0.1206132498577088,-0.1920077448456504,87,152,59.625274984350426,126.58474770516972,-253.9202265292243,-254.08803170952848,,0.9122962038075084,,804.054043845739,,0.5763222259402709,7.808187722254483,0.8370731065341844,0.935791174302483,0.9725,0.9708304501576736,0.0235531314266277,0.0174353784378828,0.9559479759384208,0.3082288834700051,7.223775646241954e-05,0.0141516149032791,0.0231438354286143,0.0010620306940208,0.7024110981974063,0.0001837297909919,8.834239338488631,10262,-2.2906461164846403,0.6531408052510665,0.8434111275726583,69.48981625598063,0.0005216536091186,3.4019,289440397
1689465600,2023-07-16,15100,64212,1,0.000563275757484,6679,9,0.0277357989607844,0.115598531805947,-0.2051627402780638,77,152,156.56627573549338,106.90180113437674,-225.7633080512781,-270.29609034744334,,0.9161481609536908,,926.7540507762068,,0.5889291815338459,7.5445707039421,0.9693744736237654,0.97209155555123,0.9903,0.9844447040219596,0.0099453506725504,0.0082729066319459,0.9593560232699994,0.3072248177956668,6.104539176471303e-05,0.0156892561928988,0.0203032434156386,0.006131519644908,0.6139615791616397,0.0001600309389039,8.504900662251655,12224,-2.3322594305875306,0.6440979479860178,0.8421355945684327,64.61937705132193,0.0004336882693947,3.4239,388994595